protocol_id,protocol_name,core_eligible,core_universe_status,terminal_risk,stage2_terminal_mode_prob,composite_terminal_prob,composite_watch_band,decay_mode,evidence_level,evidence_summary,address_registry_status,candidate_address,candidate_source,adapter_address,adapter_role,adapter_evidence_status,adapter_source_type,adapter_source_note,validation_status,current_avax_core_tvl,current_total_core_tvl,current_avax_share,migrated_candidate,reason_1,reason_2,reason_3
0.exchange,0.exchange,1,core_eligible,0.4653392542789323,0.0605928714721939,0.0281962416254899,monitor,native_revival_or_threshold_boundary,methodology_backed,"Source payload contains a dedicated Avalanche token, token-in-USD and TVL history series, even though the legacy candidate address does not map to Avalanche code.",mapped_no_code,0xf0939011a9bb95c3b791f0cb546377ed2693a574,address_field_bare,,,,payload_chain_specific,"Source payload contains a dedicated Avalanche token, token-in-USD and TVL history series, even though the legacy candidate address does not map to Avalanche code.",no_code_on_avax,22838.64698,36646.07817,0.6232221323671319,0,early drawdown stayed high,active-day density stayed low,peak arrived too early
0x-nodes,0x NODES,1,core_eligible,0.7245903378869298,0.9972000236322816,0.7225615020645694,terminal_risk,terminal_global_decay,model_only,Early-window terminal decay model indicates persistent decline.,missing_address,,,,,,,,,0.0,0.0,0.0,0,early drawdown stayed high,active-day density stayed low,peak arrived too early
2pi-network,2Pi Network,1,core_eligible,0.9908881274077128,0.9996838323353292,0.9905748406225204,terminal_risk,terminal_global_decay,model_only,Early-window terminal decay model indicates persistent decline.,missing_address,,,,,,,,,0.0,2390.64543,0.0,0,early drawdown stayed high,active-day density stayed low,peak arrived too early
40-acres,40 Acres,1,core_eligible,0.2972767801630485,0.0979897034794545,0.0291300635395041,monitor,resilient_or_unproven,model_only,No strong terminal decay signal under current v2 definition.,missing_address,,,,,,,,,4085729.22062,22868040.79928,0.1786654683924055,0,early drawdown stayed high,active-day density stayed low,peak arrived too early
88mph,88mph,1,core_eligible,0.9775237537481172,0.7453272770537338,0.7285751176364289,terminal_risk,terminal_global_decay,model_only,Early-window terminal decay model indicates persistent decline.,missing_address,,,,,,,,,50.66036,392993.28274,0.000128908971794,0,early drawdown stayed high,active-day density stayed low,peak arrived too early
aave-v2,Aave V2,1,core_eligible,0.0841628136651812,0.0047705857394223,0.0004015059186607,monitor,native_revival_or_threshold_boundary,methodology_backed,Adapter exposes an explicit avax v2 registry and computes TVL/borrowed balances through Aave reserve aggregation helpers.,missing_address,,,,,,adapter_onchain_aggregate,Adapter exposes an explicit avax v2 registry and computes TVL/borrowed balances through Aave reserve aggregation helpers.,,12200655.01153,134104835.11063,0.0909784871027584,0,early drawdown stayed high,active-day density stayed low,peak arrived too early
aave-v3,Aave V3,1,core_eligible,0.0563361282462348,0.0746731193278949,0.0042067944270026,monitor,resilient_or_unproven,model_only,No strong terminal decay signal under current v2 definition.,missing_address,,,,,,,,,414557627.26325,26005179017.835552,0.0159413487205347,0,early drawdown stayed high,active-day density stayed low,peak arrived too early
abacus,Abacus,1,core_eligible,0.5107060920441839,0.8754682993370427,0.4471069938629889,elevated,terminal_global_decay,model_only,Early-window terminal decay model indicates persistent decline.,missing_address,,,,,,,,,0.0,18083.85665,0.0,0,early drawdown stayed high,active-day density stayed low,peak arrived too early
aboard-exchange,Aboard Exchange,1,core_eligible,0.2156657285122485,0.9129515484666813,0.1968923607964521,monitor,resilient_or_unproven,model_only,No strong terminal decay signal under current v2 definition.,missing_address,,,,,,,,,7.23957,121.41401,0.0596271385814536,0,early drawdown stayed high,active-day density stayed low,peak arrived too early
abracadabra-spell,Abracadabra Spell,1,core_eligible,0.128541763191283,0.052678392784072,0.0067713734905475,monitor,native_revival_or_threshold_boundary,methodology_backed,Adapter includes Avalanche BentoBox addresses and sums locked market balances directly from on-chain balanceOf calls.,missing_address,,,,,,adapter_onchain_aggregate,Adapter includes Avalanche BentoBox addresses and sums locked market balances directly from on-chain balanceOf calls.,,47001.45142,10809285.53659,0.0043482477413421,0,early drawdown stayed high,active-day density stayed low,peak arrived too early
acryptos,ACryptoS,1,core_eligible,0.0343847997032381,0.09023440803984,0.0031026920467901,monitor,resilient_or_unproven,model_only,No strong terminal decay signal under current v2 definition.,missing_address,,,,,,,,,116206.81467,10564370.49877,0.010999880653895,0,early drawdown stayed high,active-day density stayed low,peak arrived too early
agarthadao,AgarthaDAO,1,core_eligible,0.9830448112324338,1.0,0.9830448112324338,terminal_risk,terminal_global_decay,model_only,Early-window terminal decay model indicates persistent decline.,missing_address,,,,,,,,,0.0,0.0,0.0,0,early drawdown stayed high,active-day density stayed low,peak arrived too early
ajna-v2,Ajna V2,1,core_eligible,0.5608176756260121,0.128797797059544,0.0722320811726843,monitor,resilient_or_unproven,model_only,No strong terminal decay signal under current v2 definition.,missing_address,,,,,,,,,109.25109,566934.95327,0.0001927048056745,1,early drawdown stayed high,active-day density stayed low,peak arrived too early
alligator,Alligator,1,core_eligible,0.9086590861819176,0.9763268323701754,0.8871482473163697,terminal_risk,terminal_global_decay,model_only,Early-window terminal decay model indicates persistent decline.,missing_address,,,,,,,,,6834.32627,6834.32627,1.0,0,early drawdown stayed high,active-day density stayed low,peak arrived too early
amogus-dao,Amogus DAO,1,core_eligible,0.993800279985236,0.9982522893772892,0.992063404679053,terminal_risk,terminal_global_decay,model_only,Early-window terminal decay model indicates persistent decline.,missing_address,,,,,,,,,44.52094,44.52094,1.0,0,early drawdown stayed high,active-day density stayed low,peak arrived too early
anchor,Anchor,1,core_eligible,0.7898356210739119,0.998118753417168,0.7883497455107675,terminal_risk,terminal_global_decay,model_only,Early-window terminal decay model indicates persistent decline.,missing_address,,,,,,,,,0.0,0.0,0.0,0,early drawdown stayed high,active-day density stayed low,peak arrived too early
angle,Angle,1,core_eligible,0.879035872315514,0.2598347454485123,0.2284040621232125,monitor,multichain_relocation,methodology_backed,Adapter uses on-chain balance aggregation via sumTokens2 across protocol-managed contracts.,mapped_no_code,0x31429d1856aD1377A8A0079410B297e1a9e214c2,address_field_bare,,,,adapter_onchain_aggregate,Adapter uses on-chain balance aggregation via sumTokens2 across protocol-managed contracts.,no_code_on_avax,97.36295,4513471.51062,2.1571632782196424e-05,1,early drawdown stayed high,active-day density stayed low,peak arrived too early
ankr,Ankr,1,core_eligible,0.219100075191727,0.0848863423026783,0.0185986039812674,monitor,resilient_or_unproven,model_only,No strong terminal decay signal under current v2 definition.,missing_address,,,,,,,,,125023.93651,21392872.00126,0.0058441866292023,0,early drawdown stayed high,active-day density stayed low,peak arrived too early
ante-finance,Ante Finance,1,core_eligible,0.5212551927733013,0.0868130914233503,0.0452517747051246,monitor,multichain_relocation,methodology_backed,Adapter aggregates pool token balances directly on-chain.,missing_address,,none_found,,,,adapter_onchain_aggregate,Adapter aggregates pool token balances directly on-chain.,address_unavailable,5185.32134,407423.22209,0.012727112886203,1,early drawdown stayed high,active-day density stayed low,peak arrived too early
antfarm-finance,Antfarm finance,1,core_eligible,0.1761064003040658,0.0618001537317395,0.0108834026119345,monitor,resilient_or_unproven,model_only,No strong terminal decay signal under current v2 definition.,missing_address,,,,,,,,,20585.32287,450808.53594,0.0456631168863665,0,early drawdown stayed high,active-day density stayed low,peak arrived too early
antimatter,Antimatter,1,core_eligible,0.7607738450837247,0.8855231056881679,0.6736828180248691,terminal_risk,terminal_global_decay,model_only,Early-window terminal decay model indicates persistent decline.,missing_address,,,,,,,,,5830.56877,12187.61149,0.4784012663009493,0,early drawdown stayed high,active-day density stayed low,peak arrived too early
aperture-lm,Aperture LM,1,core_eligible,0.1295161507004642,0.0530049086334551,0.0068649917344349,monitor,native_revival_or_threshold_boundary,methodology_backed,Adapter uses an Avalanche manager contract and aggregates strategy equity values directly from on-chain contract calls.,missing_address,,,,,,adapter_onchain_aggregate,Adapter uses an Avalanche manager contract and aggregates strategy equity values directly from on-chain contract calls.,,12726.46322,12726.46322,1.0,0,early drawdown stayed high,active-day density stayed low,peak arrived too early
apex-defi,Apex DeFi,1,core_eligible,0.0648334142397647,0.2053375516406566,0.0133127345444977,monitor,resilient_or_unproven,model_only,No strong terminal decay signal under current v2 definition.,missing_address,,,,,,,,,16767.59776,16881.0273,0.9932806494543136,0,early drawdown stayed high,active-day density stayed low,peak arrived too early
apex-pro,ApeX Pro,1,core_eligible,0.3913238226880953,0.5531887813661838,0.216475948592384,monitor,resilient_or_unproven,model_only,No strong terminal decay signal under current v2 definition.,missing_address,,,,,,,,,0.0,1430470.27653,0.0,0,early drawdown stayed high,active-day density stayed low,peak arrived too early
apexswap,ApexSwap,1,core_eligible,0.9928720174777378,0.9952675525212252,0.9881733028018792,terminal_risk,resilient_or_unproven,model_only,No strong terminal decay signal under current v2 definition.,missing_address,,,,,,,,,69.73822,69.73822,1.0,0,early drawdown stayed high,active-day density stayed low,peak arrived too early
aquabank,AquaBank,1,core_eligible,0.1213399165619813,0.2078801408522878,0.0252241589459095,monitor,resilient_or_unproven,model_only,No strong terminal decay signal under current v2 definition.,missing_address,,,,,,,,,928364.83235,928364.83235,1.0,0,early drawdown stayed high,active-day density stayed low,peak arrived too early
ara-finance,Ara Finance,1,core_eligible,0.9660918462008412,0.9958514744226136,0.9620839894667724,terminal_risk,terminal_global_decay,model_only,Early-window terminal decay model indicates persistent decline.,missing_address,,,,,,,,,1488.42811,1488.42811,1.0,0,early drawdown stayed high,active-day density stayed low,peak arrived too early
arable-protocol,Arable Protocol,1,core_eligible,0.9978576873940076,0.9996838323353292,0.9975421970593108,terminal_risk,terminal_global_decay,model_only,Early-window terminal decay model indicates persistent decline.,missing_address,,,,,,,,,0.0,0.0,0.0,0,early drawdown stayed high,active-day density stayed low,peak arrived too early
archly-v2,Archly V2,1,core_eligible,0.7614162462544537,0.9801625254006736,0.7463116708098665,terminal_risk,terminal_global_decay,model_only,Early-window terminal decay model indicates persistent decline.,missing_address,,,,,,,,,96.93849,2005.47724,0.0483368686846827,0,early drawdown stayed high,active-day density stayed low,peak arrived too early
arena-dex,Arena DEX,1,core_eligible,0.1293888097978047,0.1455115087787372,0.0188275609327636,monitor,resilient_or_unproven,model_only,No strong terminal decay signal under current v2 definition.,missing_address,,,,,,,,,2018456.77533,2018456.77533,1.0,0,early drawdown stayed high,active-day density stayed low,peak arrived too early
arena-launch,Arena Launch,1,core_eligible,0.1775635243879342,0.1596328414278475,0.0283449699319888,monitor,resilient_or_unproven,model_only,No strong terminal decay signal under current v2 definition.,missing_address,,,,,,,,,32771.10499,32771.10499,1.0,0,early drawdown stayed high,active-day density stayed low,peak arrived too early
arena-socialfi,Arena SocialFi,1,core_eligible,0.2464435713619268,0.0811324541363322,0.0199945717507154,monitor,resilient_or_unproven,model_only,No strong terminal decay signal under current v2 definition.,missing_address,,,,,,,,,194599.05022,194599.05022,1.0,0,early drawdown stayed high,active-day density stayed low,peak arrived too early
arrow-markets,Arrow Markets,1,core_eligible,0.9966091128337112,0.9996838323353292,0.9962940172579172,terminal_risk,terminal_global_decay,model_only,Early-window terminal decay model indicates persistent decline.,missing_address,,,,,,,,,0.0,0.0,0.0,0,early drawdown stayed high,active-day density stayed low,peak arrived too early
atlantis-loans,Atlantis Loans,1,core_eligible,0.7848780956199423,0.9785876626222968,0.7680720210361589,terminal_risk,resilient_or_unproven,model_only,No strong terminal decay signal under current v2 definition.,missing_address,,,,,,,,,2774.83427,2902.30833,0.9560783881290792,0,early drawdown stayed high,active-day density stayed low,peak arrived too early
augmented-finance,Augmented Finance,1,core_eligible,0.8422372794104249,0.9848411127035358,0.8294698994149616,terminal_risk,terminal_global_decay,model_only,Early-window terminal decay model indicates persistent decline.,missing_address,,,,,,,,,164.84803,326.6517,0.5046599481955857,0,early drawdown stayed high,active-day density stayed low,peak arrived too early
aura,Aura,1,core_eligible,0.078680197164714,0.0631390889412128,0.004967795966695,monitor,multichain_relocation,address_registered,Avalanche contract address confirmed and live code detected on C-Chain.,mapped_live_code,0xf23b4DB826DbA14c0e857029dfF076b1c0264843,adapter_source,0xf23b4DB826DbA14c0e857029dfF076b1c0264843,avax_factory,mapped_live_code,,,,0.0,104295852.65085,0.0,1,early drawdown stayed high,active-day density stayed low,peak arrived too early
autofarm,Autofarm,1,core_eligible,0.0317004900685786,0.0060175341910841,0.0001907587828617,monitor,native_revival_or_threshold_boundary,methodology_backed,Adapter contains an explicit avax masterchef and sums locked farm balances across strategy contracts on-chain.,missing_address,,,,,,adapter_onchain_aggregate,Adapter contains an explicit avax masterchef and sums locked farm balances across strategy contracts on-chain.,,59067.21786,5799888.08656,0.0101841995877257,0,early drawdown stayed high,active-day density stayed low,peak arrived too early
avalaunch,Avalaunch,1,core_eligible,0.9964386026840152,0.9996838323353292,0.9961235610180168,terminal_risk,terminal_global_decay,model_only,Early-window terminal decay model indicates persistent decline.,missing_address,,,,,,,,,0.0,0.0,0.0,0,early drawdown stayed high,active-day density stayed low,peak arrived too early
avalps,Avalps,1,core_eligible,0.9132445307170204,0.9894647988121658,0.9036233158522274,terminal_risk,terminal_global_decay,model_only,Early-window terminal decay model indicates persistent decline.,missing_address,,,,,,,,,4131.17966,4131.17966,1.0,0,early drawdown stayed high,active-day density stayed low,peak arrived too early
avant-avbtc,Avant avBTC,1,core_eligible,0.1424740613117013,0.1965914044417566,0.0280091758097883,monitor,resilient_or_unproven,model_only,No strong terminal decay signal under current v2 definition.,missing_address,,,,,,,,,6348935.84094,6348935.84094,1.0,0,early drawdown stayed high,active-day density stayed low,peak arrived too early
avant-avusd,Avant avUSD,1,core_eligible,0.0756148269408385,0.2580864076051498,0.0195151590468461,monitor,resilient_or_unproven,model_only,No strong terminal decay signal under current v2 definition.,missing_address,,,,,,,,,112618657.2759,112618657.2759,1.0,0,early drawdown stayed high,active-day density stayed low,peak arrived too early
avaviking,AvaViking,1,core_eligible,0.9974309257667866,0.9950096486934168,0.9924533950431595,terminal_risk,terminal_global_decay,model_only,Early-window terminal decay model indicates persistent decline.,missing_address,,,,,,,,,42.5051,42.5051,1.0,0,early drawdown stayed high,active-day density stayed low,peak arrived too early
avaware,Avaware,1,core_eligible,0.5403438862829931,0.9656119323267494,0.5217625041546663,elevated,terminal_global_decay,model_only,Early-window terminal decay model indicates persistent decline.,missing_address,,,,,,,,,143.54977,143.54977,1.0,0,early drawdown stayed high,active-day density stayed low,peak arrived too early
axial,Axial,1,core_eligible,0.668914628774369,0.0721681117357549,0.0482743056710697,monitor,native_revival_or_threshold_boundary,weak_onchain_support,"Avalanche contract shows activity within the last 14,336 blocks.",mapped_live_code,0xcF8419A615c57511807236751c0AF38Db4ba3351,address_field_avax,,,,,,revival_weak_evidence,37337.00969,37337.00969,1.0,0,early drawdown stayed high,active-day density stayed low,peak arrived too early
baguette,Baguette,1,core_eligible,0.7217555780124425,0.0233708269155035,0.016868024689028,monitor,native_revival_or_threshold_boundary,address_registered,Avalanche contract address confirmed and live code detected on C-Chain.,mapped_live_code,0xa1144a6a1304bd9cbb16c800f7a867508726566e,payload_field_confirmed,0xa1144a6a1304bd9cbb16c800f7a867508726566e,payload_explicit_avax_address,mapped_live_code,,,,21289.50526,21289.50526,1.0,0,early drawdown stayed high,active-day density stayed low,peak arrived too early
baki,Baki,1,core_eligible,0.6065907735811211,0.9619881316553248,0.583533124956661,elevated,terminal_global_decay,model_only,Early-window terminal decay model indicates persistent decline.,missing_address,,,,,,,,,5961.75733,5961.75733,1.0,0,early drawdown stayed high,active-day density stayed low,peak arrived too early
baklava-space,Baklava Space,1,core_eligible,0.0906136810970831,0.8981137230695184,0.0813813904911353,monitor,resilient_or_unproven,model_only,No strong terminal decay signal under current v2 definition.,missing_address,,,,,,,,,6421.93652,6422.5463500000005,0.9999050485637988,0,early drawdown stayed high,active-day density stayed low,peak arrived too early
balanced-exchange,Balanced Exchange,1,core_eligible,0.0475294843612565,0.0973483112004626,0.0046269150347971,monitor,resilient_or_unproven,model_only,No strong terminal decay signal under current v2 definition.,missing_address,,,,,,,,,1693069.87654,3806305.74262,0.4448065896499966,0,early drawdown stayed high,active-day density stayed low,peak arrived too early
balancer-v2,Balancer V2,1,core_eligible,0.0395122993788926,0.0340408150160176,0.0013450308740143,monitor,resilient_or_unproven,model_only,No strong terminal decay signal under current v2 definition.,missing_address,,,,,,,,,130875.47206,44862485.86844,0.0029172585853533,0,early drawdown stayed high,active-day density stayed low,peak arrived too early
balancer-v3,Balancer V3,1,core_eligible,0.073663680886834,0.0850866378592883,0.0062677949390002,monitor,resilient_or_unproven,model_only,No strong terminal decay signal under current v2 definition.,missing_address,,,,,,,,,739307.19042,96558868.42568,0.0076565436450721,0,early drawdown stayed high,active-day density stayed low,peak arrived too early
balmy,Balmy,1,core_eligible,0.5449085512335707,0.055643708415664,0.0303207325380427,monitor,multichain_relocation,methodology_backed,Adapter uses on-chain token-owner aggregation for protocol TVL.,missing_address,,none_found,,,,adapter_onchain_aggregate,Adapter uses on-chain token-owner aggregation for protocol TVL.,address_unavailable,44.08471,190891.74224,0.0002309408960423,1,early drawdown stayed high,active-day density stayed low,peak arrived too early
banksy-farm,Banksy Farm,1,core_eligible,0.95571145804034,0.9524528280400496,0.9102700810008012,terminal_risk,terminal_global_decay,model_only,Early-window terminal decay model indicates persistent decline.,missing_address,,,,,,,,,9371.94871,9371.94871,1.0,0,early drawdown stayed high,active-day density stayed low,peak arrived too early
baymax,BayMax,1,core_eligible,0.6449790361641409,0.9873336253276545,0.6368094900362775,elevated,terminal_global_decay,model_only,Early-window terminal decay model indicates persistent decline.,missing_address,,,,,,,,,2.69078,2.69078,1.0,0,early drawdown stayed high,active-day density stayed low,peak arrived too early
beefy,Beefy,1,core_eligible,0.1116957549389553,0.0290986124653863,0.0032501914869974,monitor,resilient_or_unproven,model_only,No strong terminal decay signal under current v2 definition.,missing_address,,,,,,,,,1904221.41172,144605617.69734,0.0131683778406558,0,early drawdown stayed high,active-day density stayed low,peak arrived too early
benqi-lending,Benqi Lending,1,core_eligible,0.0517506753978549,0.0962299816061119,0.0049799665416394,monitor,resilient_or_unproven,model_only,No strong terminal decay signal under current v2 definition.,missing_address,,,,,,,,,137329231.48634,137329231.48634,1.0,0,early drawdown stayed high,active-day density stayed low,peak arrived too early
benqi-staked-avax,Benqi Staked Avax,1,core_eligible,0.1008630035582076,0.1485804689791089,0.01498627237132,monitor,resilient_or_unproven,model_only,No strong terminal decay signal under current v2 definition.,missing_address,,,,,,,,,220728496.62846,220728496.62846,1.0,0,early drawdown stayed high,active-day density stayed low,peak arrived too early
beta-finance-v1,Beta Finance V1,1,core_eligible,0.5948337482952212,0.484662938760765,0.288293872522843,monitor,terminal_global_decay,model_only,Early-window terminal decay model indicates persistent decline.,missing_address,,,,,,,,,7719.17494,511025.3695,0.0151052675673472,0,early drawdown stayed high,active-day density stayed low,peak arrived too early
betswirl,BetSwirl,0,boundary_excluded,,,,not_core_eligible,not_core_eligible,not_eligible,Excluded from Avalanche core universe due to missing bare Avalanche history.,missing_address,,,,,,,,,0.0,0.0,0.0,0,,,
bifi,BiFi,1,core_eligible,0.0556251067147179,0.0247572373649368,0.0013771239703862,monitor,avax_side_decay_but_globally_alive,address_registered,"Avalanche contract address confirmed and live code detected on C-Chain, while Avalanche share remains materially weaker than global TVL.",mapped_live_code,0x446881360d6d39779D292662fca9BC85C5789dB3,adapter_source,0x446881360d6d39779D292662fca9BC85C5789dB3,avax_pool_from_adapter,mapped_live_code,adapter_onchain_aggregate,Adapter defines explicit Avalanche lending pool contracts and sums token balances directly across Avalanche pool owners.,,2116.22129,8176894.12575,0.0002588050251666,1,early drawdown stayed high,active-day density stayed low,peak arrived too early
bim,BIM,1,core_eligible,0.6317275491186038,0.1640182476359155,0.1036148455897651,monitor,resilient_or_unproven,model_only,No strong terminal decay signal under current v2 definition.,missing_address,,,,,,,,,0.0,639142.8914900001,0.0,1,early drawdown stayed high,active-day density stayed low,peak arrived too early
bitbond-lockers,Bitbond Lockers,1,core_eligible,0.7197177692878078,0.2483585680639146,0.1787480745904748,monitor,resilient_or_unproven,model_only,No strong terminal decay signal under current v2 definition.,missing_address,,,,,,,,,0.0,9519160.88601,0.0,1,early drawdown stayed high,active-day density stayed low,peak arrived too early
bitbond-sales,Bitbond Sales,1,core_eligible,0.9888982155971826,0.8861819431942272,0.8763437423192151,terminal_risk,resilient_or_unproven,model_only,No strong terminal decay signal under current v2 definition.,missing_address,,,,,,,,,0.0,55930.0914,0.0,0,early drawdown stayed high,active-day density stayed low,peak arrived too early
blackhole-amm,Blackhole AMM,1,core_eligible,0.4459066433431378,0.1608869280005986,0.071740550022536,monitor,resilient_or_unproven,model_only,No strong terminal decay signal under current v2 definition.,missing_address,,,,,,,,,6394590.44492,6394590.44492,1.0,0,early drawdown stayed high,active-day density stayed low,peak arrived too early
blackhole-clmm,Blackhole CLMM,1,core_eligible,0.1848761643578204,0.1463298012626398,0.027052892388679,monitor,resilient_or_unproven,model_only,No strong terminal decay signal under current v2 definition.,missing_address,,,,,,,,,33646582.96701,33646582.96701,1.0,0,early drawdown stayed high,active-day density stayed low,peak arrived too early
blizz-finance,Blizz Finance,1,core_eligible,0.7874742273689799,0.9986864953526516,0.7864398763116638,terminal_risk,terminal_global_decay,model_only,Early-window terminal decay model indicates persistent decline.,missing_address,,,,,,,,,0.0,0.0,0.0,0,early drawdown stayed high,active-day density stayed low,peak arrived too early
blizzard,Blizzard,1,core_eligible,0.8729256720473293,0.9852159357197872,0.8600202827999337,terminal_risk,terminal_global_decay,model_only,Early-window terminal decay model indicates persistent decline.,missing_address,,,,,,,,,2535.98902,2535.98902,1.0,0,early drawdown stayed high,active-day density stayed low,peak arrived too early
boofinance,BooFinance,1,core_eligible,0.9368450396728338,0.1113309126450915,0.1042998132738036,monitor,native_revival_or_threshold_boundary,weak_onchain_support,"Avalanche contract shows activity within the last 65,536 blocks.",mapped_live_code,0xb00f1ad977a949a3ccc389ca1d1282a2946963b0,address_field_avax,,,,,,revival_weak_evidence,16674.1814,16674.1814,1.0,0,early drawdown stayed high,active-day density stayed low,peak arrived too early
bridgers,Bridgers,1,core_eligible,0.2975691943497129,0.0888029083888182,0.026425009905172,monitor,resilient_or_unproven,model_only,No strong terminal decay signal under current v2 definition.,missing_address,,,,,,,,,14372.62965,1779653.90781,0.0080760813026205,0,early drawdown stayed high,active-day density stayed low,peak arrived too early
brokkr-finance,Brokkr Finance,1,core_eligible,0.0784559218295442,0.8866439879632779,0.0695624714102822,monitor,resilient_or_unproven,model_only,No strong terminal decay signal under current v2 definition.,missing_address,,,,,,,,,6539.32634,7084.86885,0.9229989260845668,0,early drawdown stayed high,active-day density stayed low,peak arrived too early
butterfly-finance,Butterfly Finance,1,core_eligible,0.9617495344159336,0.9962632197576112,0.9581556877576016,terminal_risk,terminal_global_decay,model_only,Early-window terminal decay model indicates persistent decline.,missing_address,,,,,,,,,17.75212,17.75212,1.0,0,early drawdown stayed high,active-day density stayed low,peak arrived too early
button-wrappers,Button Wrappers,1,core_eligible,0.4917029730619643,0.7086194031403009,0.3484302672934806,monitor,terminal_global_decay,model_only,Early-window terminal decay model indicates persistent decline.,missing_address,,,,,,,,,121.86779,35637.69673,0.0034196314908704,0,early drawdown stayed high,active-day density stayed low,peak arrived too early
bxh,BXH,1,core_eligible,0.609986559427375,0.7465583373062293,0.4553905515852485,elevated,terminal_global_decay,model_only,Early-window terminal decay model indicates persistent decline.,missing_address,,,,,,,,,3264.35217,41360.63090999999,0.0789241386840344,0,early drawdown stayed high,active-day density stayed low,peak arrived too early
cables-finance,Cables Finance,1,core_eligible,0.1567708063074548,0.912139027848101,0.1429967708602447,monitor,resilient_or_unproven,model_only,No strong terminal decay signal under current v2 definition.,missing_address,,,,,,,,,0.0,0.0,0.0,0,early drawdown stayed high,active-day density stayed low,peak arrived too early
cakedao,CakeDAO,1,core_eligible,0.9805270682145494,1.0,0.9805270682145494,terminal_risk,terminal_global_decay,model_only,Early-window terminal decay model indicates persistent decline.,missing_address,,,,,,,,,0.0,0.0,0.0,0,early drawdown stayed high,active-day density stayed low,peak arrived too early
canary,Canary,1,core_eligible,0.2521882644151912,0.0801341371692499,0.020208888973122,monitor,resilient_or_unproven,model_only,No strong terminal decay signal under current v2 definition.,missing_address,,,,,,,,,25785.55847,26014.79137,0.9911883629301618,0,early drawdown stayed high,active-day density stayed low,peak arrived too early
cavalre,CavalRe,1,core_eligible,0.1470811673080556,0.0947784382109115,0.0139401233276952,monitor,native_revival_or_threshold_boundary,methodology_backed,Adapter includes an explicit avax pool list and sums underlying asset balances from the pool contract on-chain.,missing_address,,,,,,adapter_onchain_aggregate,Adapter includes an explicit avax pool list and sums underlying asset balances from the pool contract on-chain.,,12361.95284,12361.95284,1.0,0,early drawdown stayed high,active-day density stayed low,peak arrived too early
cesta-finance,Cesta Finance,1,core_eligible,0.2377276907125108,0.9298235904100008,0.221044814918185,monitor,resilient_or_unproven,model_only,No strong terminal decay signal under current v2 definition.,missing_address,,,,,,,,,0.0,0.0,0.0,0,early drawdown stayed high,active-day density stayed low,peak arrived too early
chaingpt,ChainGPT,1,core_eligible,0.9334818689619652,0.9187296521999846,0.857617472806418,terminal_risk,terminal_global_decay,model_only,Early-window terminal decay model indicates persistent decline.,missing_address,,,,,,,,,0.0,38313.81886,0.0,0,early drawdown stayed high,active-day density stayed low,peak arrived too early
champion-finance,Champion Finance,1,core_eligible,0.9981867329360612,0.9996838323353292,0.9978711385678036,terminal_risk,terminal_global_decay,model_only,Early-window terminal decay model indicates persistent decline.,missing_address,,,,,,,,,0.0,0.0,0.0,0,early drawdown stayed high,active-day density stayed low,peak arrived too early
chikn-farm,Chikn Farm,1,core_eligible,0.998110057347924,0.9996838323353292,0.997794487222008,terminal_risk,terminal_global_decay,model_only,Early-window terminal decay model indicates persistent decline.,missing_address,,,,,,,,,0.0,0.0,0.0,0,early drawdown stayed high,active-day density stayed low,peak arrived too early
cian-automation,CIAN Automation,1,core_eligible,0.0898435239581194,0.082643163959023,0.0074249530811272,monitor,resilient_or_unproven,model_only,No strong terminal decay signal under current v2 definition.,missing_address,,,,,,,,,938760.61484,1037009.9744,0.9052570737163392,0,early drawdown stayed high,active-day density stayed low,peak arrived too early
clearpool-lending,Clearpool Lending,1,core_eligible,0.5614632720919908,0.1034644517058359,0.0580914895999623,monitor,multichain_relocation,address_registered,Avalanche contract address confirmed and live code detected on C-Chain.,mapped_live_code,0x8E557363AC9E5cbf09A2616A302CA3c8f6ab2b7A,adapter_source,0x8E557363AC9E5cbf09A2616A302CA3c8f6ab2b7A,avax_vault_factory,mapped_live_code,,,no_code_on_avax,46.05894,628250.19973,7.331305269746755e-05,1,early drawdown stayed high,active-day density stayed low,peak arrived too early
cleopatra-dao,Cleopatra DAO,1,core_eligible,0.9617112611311396,1.0,0.9617112611311396,terminal_risk,terminal_global_decay,model_only,Early-window terminal decay model indicates persistent decline.,missing_address,,,,,,,,,0.0,0.0,0.0,0,early drawdown stayed high,active-day density stayed low,peak arrived too early
clovis,Clovis,1,core_eligible,0.5680627666144888,0.1048963547234543,0.0595877134719803,monitor,resilient_or_unproven,model_only,No strong terminal decay signal under current v2 definition.,missing_address,,,,,,,,,1233.50354,280106.02446,0.0044037022851543,1,early drawdown stayed high,active-day density stayed low,peak arrived too early
coinscope,Coinscope,1,core_eligible,0.965410338080819,0.9304899865029675,0.8983046524506467,terminal_risk,terminal_global_decay,model_only,Early-window terminal decay model indicates persistent decline.,missing_address,,,,,,,,,0.0,14965.52691,0.0,0,early drawdown stayed high,active-day density stayed low,peak arrived too early
colony,Colony,1,core_eligible,0.0722277625738374,0.1179369718112534,0.0085183235986605,monitor,resilient_or_unproven,model_only,No strong terminal decay signal under current v2 definition.,missing_address,,,,,,,,,113036.02187,284381.41168,0.397480345857463,0,early drawdown stayed high,active-day density stayed low,peak arrived too early
complus-network,Complus Network,1,core_eligible,0.4594201504993878,0.0195678262118204,0.0089898536631804,monitor,native_revival_or_threshold_boundary,address_registered,Avalanche contract address confirmed and live code detected on C-Chain.,mapped_live_code,0x3711c397b6c8f7173391361e27e67d72f252caad,payload_field_confirmed,0x3711c397b6c8f7173391361e27e67d72f252caad,payload_explicit_avax_address,mapped_live_code,,,,61370.99588,64146.21248,0.956736080078535,0,early drawdown stayed high,active-day density stayed low,peak arrived too early
contango-v2,Contango V2,1,core_eligible,0.0574852294672409,0.1088626490883562,0.0062579943632558,monitor,resilient_or_unproven,model_only,No strong terminal decay signal under current v2 definition.,missing_address,,,,,,,,,454797.56121,15848577.3736,0.0286964281076474,0,early drawdown stayed high,active-day density stayed low,peak arrived too early
cook-finance,Cook Finance,1,core_eligible,0.1113937909814888,0.0341794245755786,0.0038073756770395,monitor,multichain_relocation,address_registered,Avalanche contract address confirmed and live code detected on C-Chain.,mapped_live_code,0x35bE7982bC5E40A8C9aF39A639bDDcE32081102e,adapter_source,0x35bE7982bC5E40A8C9aF39A639bDDcE32081102e,avax_staking,mapped_live_code,,,,9953.3351,132488.97919,0.0751257588431269,1,early drawdown stayed high,active-day density stayed low,peak arrived too early
core-bridge,CORE Bridge,1,core_eligible,0.0542576957716705,0.1119208850149494,0.0060725693296372,monitor,resilient_or_unproven,model_only,No strong terminal decay signal under current v2 definition.,missing_address,,,,,,,,,871506.58907,2580583.28048,0.3377169013153863,0,early drawdown stayed high,active-day density stayed low,peak arrived too early
cougarswap,CougarSwap,1,core_eligible,0.9257431627289396,0.6715954471385461,0.6217248933083941,elevated,terminal_global_decay,model_only,Early-window terminal decay model indicates persistent decline.,missing_address,,,,,,,,,5034.2632,43950.47661,0.1145439956128839,0,early drawdown stayed high,active-day density stayed low,peak arrived too early
coup-farm,Coup Farm,1,core_eligible,0.9956438931346328,0.9982522893772892,0.9939037957261644,terminal_risk,terminal_global_decay,model_only,Early-window terminal decay model indicates persistent decline.,missing_address,,,,,,,,,15.19103,15.19103,1.0,0,early drawdown stayed high,active-day density stayed low,peak arrived too early
crabada,Crabada,1,core_eligible,0.9986374302656278,0.9996838323353292,0.998321693401448,terminal_risk,terminal_global_decay,model_only,Early-window terminal decay model indicates persistent decline.,missing_address,,,,,,,,,0.0,0.0,0.0,0,early drawdown stayed high,active-day density stayed low,peak arrived too early
createmytoken,CreateMyToken,1,core_eligible,0.9416777678174968,0.8797336819161,0.8284256498606208,terminal_risk,resilient_or_unproven,model_only,No strong terminal decay signal under current v2 definition.,missing_address,,,,,,,,,9.1064,27649.28908,0.0003293538569346,0,early drawdown stayed high,active-day density stayed low,peak arrived too early
crocodile-finance,Crocodile Finance,1,core_eligible,0.9854001125963868,0.9992542372881356,0.9846652379361456,terminal_risk,resilient_or_unproven,model_only,No strong terminal decay signal under current v2 definition.,missing_address,,,,,,,,,4.86613,4.86613,1.0,0,early drawdown stayed high,active-day density stayed low,peak arrived too early
crypto-lottery,Crypto Lottery,1,core_eligible,0.9572794961420832,0.988203213634134,0.9459866744336712,terminal_risk,terminal_global_decay,model_only,Early-window terminal decay model indicates persistent decline.,missing_address,,,,,,,,,2.22,10.56977,0.2100329524672722,0,early drawdown stayed high,active-day density stayed low,peak arrived too early
cryptoblades,CryptoBlades,1,core_eligible,0.9909031188279842,0.9969672277598256,0.9878979353565006,terminal_risk,terminal_global_decay,model_only,Early-window terminal decay model indicates persistent decline.,missing_address,,,,,,,,,0.0,0.0,0.0,0,early drawdown stayed high,active-day density stayed low,peak arrived too early
cryptoyieldfocus,CryptoYieldFocus,1,core_eligible,0.9754791388185956,0.9967601350633184,0.972318718160273,terminal_risk,terminal_global_decay,model_only,Early-window terminal decay model indicates persistent decline.,missing_address,,,,,,,,,3377.75393,3377.75393,1.0,0,early drawdown stayed high,active-day density stayed low,peak arrived too early
curve-dex,Curve DEX,1,core_eligible,0.0443237823517016,0.0136711844677998,0.0006059586048407,monitor,native_revival_or_threshold_boundary,methodology_backed,Adapter includes avax registry handling and unwraps pool token balances directly from Curve deployment contracts.,missing_address,,,,,,adapter_onchain_aggregate,Adapter includes avax registry handling and unwraps pool token balances directly from Curve deployment contracts.,,2194030.77099,1811343134.0497105,0.0012112728558971,0,early drawdown stayed high,active-day density stayed low,peak arrived too early
cycle-finance,Cycle Finance,1,core_eligible,0.3910821443900678,0.0147148877746835,0.0057547298653824,monitor,native_revival_or_threshold_boundary,address_registered,Avalanche contract address confirmed and live code detected on C-Chain.,mapped_live_code,0x81440c939f2c1e34fc7048e518a637205a632a74,payload_field_confirmed,0x81440c939f2c1e34fc7048e518a637205a632a74,payload_explicit_avax_address,mapped_live_code,,,,22571.60364,22571.60364,1.0,0,early drawdown stayed high,active-day density stayed low,peak arrived too early
cytonic-airdrop-campaign,Cytonic Airdrop Campaign,1,core_eligible,0.1019651127791404,0.0177663655226126,0.0018115494641886,monitor,multichain_relocation,address_registered,Avalanche contract address confirmed and live code detected on C-Chain.,mapped_live_code,0xaEA5Bf79F1E3F2069a99A99928927988EC642e0B,adapter_source,0xaEA5Bf79F1E3F2069a99A99928927988EC642e0B,avax_bridge_depositor,mapped_live_code,,,,3186.6193,410387.92928,0.0077648952920977,1,early drawdown stayed high,active-day density stayed low,peak arrived too early
deepseadao,DeepSeaDAO,1,core_eligible,0.992843020491572,1.0,0.992843020491572,terminal_risk,terminal_global_decay,model_only,Early-window terminal decay model indicates persistent decline.,missing_address,,,,,,,,,0.44685,0.44685,1.0,0,early drawdown stayed high,active-day density stayed low,peak arrived too early
defi-yield-protocol,Defi Yield Protocol,0,boundary_excluded,,,,not_core_eligible,not_core_eligible,not_eligible,Excluded from Avalanche core universe due to missing bare Avalanche history.,missing_address,,,,,,,,,0.0,547.6956,0.0,0,,,
deficurrent,DefiCurrent,1,core_eligible,0.6309297661100409,0.9745100398991302,0.6148473915454449,elevated,terminal_global_decay,model_only,Early-window terminal decay model indicates persistent decline.,missing_address,,,,,,,,,137.00868,423.7115,0.3233536970320607,0,early drawdown stayed high,active-day density stayed low,peak arrived too early
defiedge,DefiEdge,1,core_eligible,0.579640715356177,0.1123803802738878,0.0651402440139555,monitor,resilient_or_unproven,model_only,No strong terminal decay signal under current v2 definition.,missing_address,,,,,,,,,778.68256,878329.83335,0.0008865491418298,1,early drawdown stayed high,active-day density stayed low,peak arrived too early
definitive-yield-vaults,Definitive Yield Vaults,1,core_eligible,0.0772417451117164,0.5720742530779382,0.0441880136412216,monitor,resilient_or_unproven,model_only,No strong terminal decay signal under current v2 definition.,missing_address,,,,,,,,,6139.72513,43324.911230000005,0.1417135074416169,0,early drawdown stayed high,active-day density stayed low,peak arrived too early
defrost,Defrost,1,core_eligible,0.3399215087311489,0.0260333456886058,0.0088492941437904,monitor,native_revival_or_threshold_boundary,address_registered,Avalanche contract address confirmed and live code detected on C-Chain.,mapped_live_code,0x47EB6F7525C1aA999FBC9ee92715F5231eB1241D,payload_field_confirmed,0x47EB6F7525C1aA999FBC9ee92715F5231eB1241D,payload_explicit_avax_address,mapped_live_code,,,,81395.44294,81395.44294,1.0,0,early drawdown stayed high,active-day density stayed low,peak arrived too early
deltaprime,DeltaPrime,1,core_eligible,0.0488122082965244,0.0940272874367079,0.0045896795399177,monitor,resilient_or_unproven,model_only,No strong terminal decay signal under current v2 definition.,missing_address,,,,,,,,,2603900.55404,4253515.15062,0.6121761559167013,0,early drawdown stayed high,active-day density stayed low,peak arrived too early
dexalot-dex,Dexalot DEX,1,core_eligible,0.0300952456807173,0.0980844658137845,0.0029518760961277,monitor,resilient_or_unproven,model_only,No strong terminal decay signal under current v2 definition.,missing_address,,,,,,,,,443342.88294,2783095.21066,0.1592984965954014,0,early drawdown stayed high,active-day density stayed low,peak arrived too early
dexfinance-etf,DexFinance ETF,1,core_eligible,0.895159041716677,0.9839328695383228,0.8807764046094652,terminal_risk,terminal_global_decay,model_only,Early-window terminal decay model indicates persistent decline.,missing_address,,,,,,,,,12.35042,4985.98702,0.0024770261034494,0,early drawdown stayed high,active-day density stayed low,peak arrived too early
dexpad,DexPad,1,core_eligible,0.9955289987936138,0.957148865780184,0.9528694520465896,terminal_risk,terminal_global_decay,model_only,Early-window terminal decay model indicates persistent decline.,missing_address,,,,,,,,,0.03492,33634.58079,1.0382171913491536e-06,0,early drawdown stayed high,active-day density stayed low,peak arrived too early
dexvaults,dexVAULTS,1,core_eligible,0.9504401987343898,0.9574799851518532,0.910027467371928,terminal_risk,terminal_global_decay,model_only,Early-window terminal decay model indicates persistent decline.,missing_address,,,,,,,,,4.73207,15175.61159,0.0003118207112732,0,early drawdown stayed high,active-day density stayed low,peak arrived too early
dforce-lending,dForce Lending,1,core_eligible,0.6486865789083301,0.163290211664548,0.1059241687738927,monitor,multichain_relocation,address_registered,Avalanche contract address confirmed and live code detected on C-Chain.,mapped_live_code,0x078ad8d6faeD9DAeE55f5d446C80E0C81230DE6b,adapter_source,0x078ad8d6faeD9DAeE55f5d446C80E0C81230DE6b,avax_yield_market,mapped_live_code,,,no_code_on_avax,0.0,1036885.06964,0.0,1,early drawdown stayed high,active-day density stayed low,peak arrived too early
diamondswap,Diamondswap,1,core_eligible,0.573332465915172,0.1748958168863436,0.1002734499736957,monitor,resilient_or_unproven,model_only,No strong terminal decay signal under current v2 definition.,missing_address,,,,,,,,,43.27642,341107.61730000004,0.0001268702831749,1,early drawdown stayed high,active-day density stayed low,peak arrived too early
dodo-amm,DODO AMM,1,core_eligible,0.0266449692134702,0.1043605548119917,0.0027806837700661,monitor,resilient_or_unproven,model_only,No strong terminal decay signal under current v2 definition.,missing_address,,,,,,,,,1847660.63037,12771560.99144,0.144669914007252,0,early drawdown stayed high,active-day density stayed low,peak arrived too early
domani-protocol,Domani Protocol,1,core_eligible,0.910183794767341,0.7331040599384971,0.6672594352341655,terminal_risk,terminal_global_decay,model_only,Early-window terminal decay model indicates persistent decline.,missing_address,,,,,,,,,782.40496,96167.64411,0.0081358441005901,0,early drawdown stayed high,active-day density stayed low,peak arrived too early
donaswap-v2,DONASWAP V2,1,core_eligible,0.8359979756317553,0.9910803318297996,0.8285411510981606,terminal_risk,terminal_global_decay,model_only,Early-window terminal decay model indicates persistent decline.,missing_address,,,,,,,,,0.0,1.01802,0.0,0,early drawdown stayed high,active-day density stayed low,peak arrived too early
dripit,dripit,1,core_eligible,0.8851147380458495,0.977236819916873,0.864966711869482,terminal_risk,resilient_or_unproven,model_only,No strong terminal decay signal under current v2 definition.,missing_address,,,,,,,,,3676.26172,3676.26172,1.0,0,early drawdown stayed high,active-day density stayed low,peak arrived too early
dumpex,DumpEX,1,core_eligible,0.9539990249063584,0.9951544698050726,0.9493763938252432,terminal_risk,terminal_global_decay,model_only,Early-window terminal decay model indicates persistent decline.,missing_address,,,,,,,,,0.08995,4.843829999999999,0.0185700158758668,0,early drawdown stayed high,active-day density stayed low,peak arrived too early
dxsale,DxSale,1,core_eligible,0.0772796866889905,0.0937375786350147,0.0072440107078985,monitor,resilient_or_unproven,model_only,No strong terminal decay signal under current v2 definition.,missing_address,,,,,,,,,29392.91632,27257151.730110005,0.0010783561177278,0,early drawdown stayed high,active-day density stayed low,peak arrived too early
dypius,Dypius,1,core_eligible,0.9919182246878052,0.9996838323353292,0.9916046122191612,terminal_risk,terminal_global_decay,model_only,Early-window terminal decay model indicates persistent decline.,missing_address,,,,,,,,,0.0,0.0,0.0,0,early drawdown stayed high,active-day density stayed low,peak arrived too early
dyson,Dyson,1,core_eligible,0.6354052902994897,0.1499484596210914,0.0952780445155009,monitor,multichain_relocation,methodology_backed,Adapter counts tokens locked in contracts with on-chain token-owner aggregation.,missing_address,,none_found,,,,adapter_onchain_aggregate,Adapter counts tokens locked in contracts with on-chain token-owner aggregation.,address_unavailable,0.00121,260415.15787,4.646426920371646e-09,1,early drawdown stayed high,active-day density stayed low,peak arrived too early
echidna-finance,Echidna Finance,1,core_eligible,0.4969204021690038,0.9574359130621132,0.4757694389698727,elevated,terminal_global_decay,model_only,Early-window terminal decay model indicates persistent decline.,missing_address,,,,,,,,,0.0,0.0,0.0,0,early drawdown stayed high,active-day density stayed low,peak arrived too early
elasticswap,ElasticSwap,1,core_eligible,0.495512862204605,0.971573395105726,0.4814271138506839,elevated,terminal_global_decay,model_only,Early-window terminal decay model indicates persistent decline.,missing_address,,,,,,,,,1973.83719,4105.51419,0.4807770960353202,0,early drawdown stayed high,active-day density stayed low,peak arrived too early
elk,Elk,1,core_eligible,0.1009743592185846,0.0210686792174552,0.0021273963835644,monitor,resilient_or_unproven,model_only,No strong terminal decay signal under current v2 definition.,missing_address,,,,,,,,,44098.26108,224439.31578,0.1964818905580073,0,early drawdown stayed high,active-day density stayed low,peak arrived too early
embr-finance,Embr Finance,1,core_eligible,0.8061366270244312,0.942655237532576,0.7599089136314248,terminal_risk,terminal_global_decay,model_only,Early-window terminal decay model indicates persistent decline.,missing_address,,,,,,,,,8754.54513,8754.54513,1.0,0,early drawdown stayed high,active-day density stayed low,peak arrived too early
emdx,EMDX,1,core_eligible,0.578915203590869,0.9921551404922522,0.5743736951517994,elevated,terminal_global_decay,model_only,Early-window terminal decay model indicates persistent decline.,missing_address,,,,,,,,,0.0,0.0,0.0,0,early drawdown stayed high,active-day density stayed low,peak arrived too early
emiswap,EmiSwap,1,core_eligible,0.929747285778782,0.8390016258801449,0.7800594844260498,terminal_risk,terminal_global_decay,model_only,Early-window terminal decay model indicates persistent decline.,missing_address,,,,,,,,,2.00065,33547.838059999995,5.963573558516218e-05,0,early drawdown stayed high,active-day density stayed low,peak arrived too early
empiredex,EmpireDEX,1,core_eligible,0.0663725044334513,0.0630732663929562,0.0041863306532987,monitor,resilient_or_unproven,model_only,No strong terminal decay signal under current v2 definition.,missing_address,,,,,,,,,24844.37692,2511902.47449,0.0098906614298567,0,early drawdown stayed high,active-day density stayed low,peak arrived too early
envelop,Envelop,1,core_eligible,0.9897123470870076,0.9969672277598256,0.9867107749550044,terminal_risk,terminal_global_decay,model_only,Early-window terminal decay model indicates persistent decline.,missing_address,,,,,,,,,0.0,3790.77615,0.0,0,early drawdown stayed high,active-day density stayed low,peak arrived too early
etha-lend,ETHA Lend,1,core_eligible,0.9502158319227656,0.9218901345083104,0.8759946011032042,terminal_risk,terminal_global_decay,model_only,Early-window terminal decay model indicates persistent decline.,missing_address,,,,,,,,,12.69183,12101.86319,0.0010487500809369,0,early drawdown stayed high,active-day density stayed low,peak arrived too early
euler-v2,Euler V2,1,core_eligible,0.0709973075113688,0.0904149347116161,0.0064192169233409,monitor,resilient_or_unproven,model_only,No strong terminal decay signal under current v2 definition.,missing_address,,,,,,,,,16776776.5019,485384537.73118,0.034563887387759,0,early drawdown stayed high,active-day density stayed low,peak arrived too early
eulerdebt,EulerDebt,1,core_eligible,0.929013814887443,0.8312679546736295,0.7722594137650305,terminal_risk,resilient_or_unproven,model_only,No strong terminal decay signal under current v2 definition.,missing_address,,,,,,,,,2990.96478,36241.770800000006,0.0825281081464153,0,early drawdown stayed high,active-day density stayed low,peak arrived too early
everestdao,EverestDAO,1,core_eligible,0.9975201065809626,0.9996838323353292,0.9972047229784028,terminal_risk,terminal_global_decay,model_only,Early-window terminal decay model indicates persistent decline.,missing_address,,,,,,,,,0.0,0.0,0.0,0,early drawdown stayed high,active-day density stayed low,peak arrived too early
excellion-finance,Excellion Finance,1,core_eligible,0.2830077168261781,0.2123720669559708,0.0601029337868655,monitor,resilient_or_unproven,model_only,No strong terminal decay signal under current v2 definition.,missing_address,,,,,,,,,29724.8932,29724.8932,1.0,0,early drawdown stayed high,active-day density stayed low,peak arrived too early
ferdyflip,FerdyFlip,1,core_eligible,0.2118527484605638,0.9005232114324152,0.1907783173944905,monitor,resilient_or_unproven,model_only,No strong terminal decay signal under current v2 definition.,missing_address,,,,,,,,,2703.71023,2703.99847,0.999893402306548,0,early drawdown stayed high,active-day density stayed low,peak arrived too early
flair-dex,Flair Dex,1,core_eligible,0.7516836666322102,0.0468182513727037,0.0351925148571424,monitor,native_revival_or_threshold_boundary,weak_onchain_support,"Avalanche contract shows activity within the last 43,008 blocks.",mapped_live_code,0x107D2b7C619202D994a4d044c762Dd6F8e0c5326,address_field_avax,,,,,,revival_weak_evidence,48764.25991,48764.25991,1.0,0,early drawdown stayed high,active-day density stayed low,peak arrived too early
flashliquidity,FlashLiquidity,1,core_eligible,0.8326485491176382,0.9973602549481374,0.8304505692301644,terminal_risk,terminal_global_decay,model_only,Early-window terminal decay model indicates persistent decline.,missing_address,,,,,,,,,0.0,90.27084,0.0,0,early drawdown stayed high,active-day density stayed low,peak arrived too early
float,Float,1,core_eligible,0.7281747304563357,0.0847877871426916,0.0617403240486186,monitor,native_revival_or_threshold_boundary,threshold_only,"Candidate address resolves on Avalanche, but no recent Avalanche logs were observed even after extended-window checks.",mapped_live_code,0x01309A1Ec476871760D9Ea454628500BCcc1E011,address_field_polygon,,,,,,revival_no_recent_logs_extended,16525.34508,144420.17794999998,0.11442545850983,0,early drawdown stayed high,active-day density stayed low,peak arrived too early
flokifi-locker,FlokiFi Locker,1,core_eligible,0.4634760110184612,0.0776796888558067,0.0360026723280445,monitor,resilient_or_unproven,model_only,No strong terminal decay signal under current v2 definition.,missing_address,,,,,,,,,101116.73974,10830983.07033,0.0093358782931713,0,early drawdown stayed high,active-day density stayed low,peak arrived too early
folks-finance-xchain,Folks Finance xChain,1,core_eligible,0.114956438655993,0.0858417346735726,0.0098680601061265,monitor,resilient_or_unproven,model_only,No strong terminal decay signal under current v2 definition.,missing_address,,,,,,,,,12837445.08387,16691627.98204,0.7690948478891899,0,early drawdown stayed high,active-day density stayed low,peak arrived too early
fortifi,FortiFi,1,core_eligible,0.1872250835446153,0.1340125546238305,0.0250905117354739,monitor,resilient_or_unproven,model_only,No strong terminal decay signal under current v2 definition.,missing_address,,,,,,,,,415711.98424,415711.98424,1.0,0,early drawdown stayed high,active-day density stayed low,peak arrived too early
fortress,Fortress,1,core_eligible,0.9985752175499932,0.9996838323353292,0.9982595003554624,terminal_risk,terminal_global_decay,model_only,Early-window terminal decay model indicates persistent decline.,missing_address,,,,,,,,,0.0,0.0,0.0,0,early drawdown stayed high,active-day density stayed low,peak arrived too early
fractal-protocol,Fractal Protocol,1,core_eligible,0.5289131337615781,0.8959216003648681,0.4738647012536706,elevated,terminal_global_decay,model_only,Early-window terminal decay model indicates persistent decline.,missing_address,,,,,,,,,0.0,25661.869120000003,0.0,0,early drawdown stayed high,active-day density stayed low,peak arrived too early
frax-swap,Frax Swap,1,core_eligible,0.4411635025168799,0.0528260770933931,0.023304937194748,monitor,resilient_or_unproven,model_only,No strong terminal decay signal under current v2 definition.,missing_address,,,,,,,,,212707.11762,13792200.62261,0.015422275490345,0,early drawdown stayed high,active-day density stayed low,peak arrived too early
freebie-life-finance,Freebie Life Finance,1,core_eligible,0.995688916847634,0.9996838323353292,0.9953741122080556,terminal_risk,terminal_global_decay,model_only,Early-window terminal decay model indicates persistent decline.,missing_address,,,,,,,,,0.0,0.0,0.0,0,early drawdown stayed high,active-day density stayed low,peak arrived too early
frost-finance,Frost Finance,1,core_eligible,,0.080415614412563,,,resilient_or_unproven,model_only,No strong terminal decay signal under current v2 definition.,missing_address,,,,,,,,,51801.28851,51801.28851,1.0,0,,,
frozen-walrus-finance,Frozen Walrus Finance,1,core_eligible,0.9981902302660944,0.9996838323353292,0.997874634792094,terminal_risk,terminal_global_decay,model_only,Early-window terminal decay model indicates persistent decline.,missing_address,,,,,,,,,0.0,0.0,0.0,0,early drawdown stayed high,active-day density stayed low,peak arrived too early
futureswap,FutureSwap,1,core_eligible,0.2348407657677272,0.9187171670746822,0.2157522430397754,monitor,resilient_or_unproven,model_only,No strong terminal decay signal under current v2 definition.,missing_address,,,,,,,,,0.0,10.40345,0.0,0,early drawdown stayed high,active-day density stayed low,peak arrived too early
fwx-derivatives,FWX Derivatives,1,core_eligible,0.138804387897533,0.9022557402873284,0.1252370557576181,monitor,resilient_or_unproven,model_only,No strong terminal decay signal under current v2 definition.,missing_address,,,,,,,,,3554.45354,4177.17177,0.8509234802187702,0,early drawdown stayed high,active-day density stayed low,peak arrived too early
fwx-dex,FWX DEX,1,core_eligible,0.6646722459221346,0.8122221767501681,0.5398615384082992,elevated,terminal_global_decay,model_only,Early-window terminal decay model indicates persistent decline.,missing_address,,,,,,,,,862.96093,12711.06165,0.0678905471282959,0,early drawdown stayed high,active-day density stayed low,peak arrived too early
gaia-dao,Gaia DAO,1,core_eligible,0.9119354836610264,1.0,0.9119354836610264,terminal_risk,terminal_global_decay,model_only,Early-window terminal decay model indicates persistent decline.,missing_address,,,,,,,,,4.80762,4.80762,1.0,0,early drawdown stayed high,active-day density stayed low,peak arrived too early
gaj-finance,Gaj Finance,0,boundary_excluded,,,,not_core_eligible,not_core_eligible,not_eligible,Excluded from Avalanche core universe due to missing bare Avalanche history.,missing_address,,,,,,,,,0.0,17625.54822,0.0,0,,,
galaxygoogle-dao,GalaxyGoogle DAO,1,core_eligible,0.9955967130257588,0.9996838323353292,0.9952819375380476,terminal_risk,terminal_global_decay,model_only,Early-window terminal decay model indicates persistent decline.,missing_address,,,,,,,,,0.0,0.0,0.0,0,early drawdown stayed high,active-day density stayed low,peak arrived too early
gamma,Gamma,1,core_eligible,0.1271868580396356,0.0197443981778077,0.0025112279681188,monitor,avax_side_decay_but_globally_alive,address_registered,"Avalanche contract address confirmed and live code detected on C-Chain, while Avalanche share remains materially weaker than global TVL.",mapped_live_code,0xbF145c5239B1327909f3e37CA0cF890d014105E2,adapter_source,0xbF145c5239B1327909f3e37CA0cF890d014105E2,avax_registry_from_adapter,mapped_live_code,adapter_onchain_aggregate,Adapter includes explicit Avalanche hypervisor registries and sums token balances across on-chain hypervisor contracts.,,1105.23802,4745298.17486,0.0002329122384459,1,early drawdown stayed high,active-day density stayed low,peak arrived too early
genius,Genius,1,core_eligible,0.9510978587887596,0.9974919657657048,0.9487124727987524,terminal_risk,terminal_global_decay,model_only,Early-window terminal decay model indicates persistent decline.,missing_address,,,,,,,,,1.38399,22.85049,0.0605671913381288,0,early drawdown stayed high,active-day density stayed low,peak arrived too early
geode,Geode,1,core_eligible,0.1597487104726304,0.0799830172064714,0.012777183858444,monitor,resilient_or_unproven,model_only,No strong terminal decay signal under current v2 definition.,missing_address,,,,,,,,,471862.54128,471862.54128,1.0,0,early drawdown stayed high,active-day density stayed low,peak arrived too early
glacier-exchange-v2,Glacier Exchange V2,1,core_eligible,0.9020642364050392,0.9652022990586268,0.8706744748767085,terminal_risk,terminal_global_decay,model_only,Early-window terminal decay model indicates persistent decline.,missing_address,,,,,,,,,8498.89125,8498.89125,1.0,0,early drawdown stayed high,active-day density stayed low,peak arrived too early
glacier-exchange-v3,Glacier Exchange V3,1,core_eligible,0.9139275292941582,0.9964955290843204,0.9107246968487078,terminal_risk,terminal_global_decay,model_only,Early-window terminal decay model indicates persistent decline.,missing_address,,,,,,,,,2293.14073,2293.14073,1.0,0,early drawdown stayed high,active-day density stayed low,peak arrived too early
gmd-protocol,GMD Protocol,1,core_eligible,0.2216808672208086,0.0684055741820243,0.0151642070074085,monitor,resilient_or_unproven,model_only,No strong terminal decay signal under current v2 definition.,missing_address,,,,,,,,,229116.58088,827256.59687,0.2769595089925946,0,early drawdown stayed high,active-day density stayed low,peak arrived too early
gmx-v1-perps,GMX V1 Perps,1,core_eligible,0.0655589412605307,0.0375258320678047,0.0024601538202857,monitor,resilient_or_unproven,model_only,No strong terminal decay signal under current v2 definition.,missing_address,,,,,,,,,1910667.10216,3181053.59406,0.6006397080916209,0,early drawdown stayed high,active-day density stayed low,peak arrived too early
gmx-v2-perps,GMX V2 Perps,1,core_eligible,0.0615102983878576,0.1054386865031188,0.0064855650684306,monitor,resilient_or_unproven,model_only,No strong terminal decay signal under current v2 definition.,missing_address,,,,,,,,,11052033.42784,257911989.53009,0.0428519567778782,0,early drawdown stayed high,active-day density stayed low,peak arrived too early
goldlink,GoldLink,1,core_eligible,0.4997845541505851,0.976916726617114,0.4882478906545833,elevated,terminal_global_decay,model_only,Early-window terminal decay model indicates persistent decline.,missing_address,,,,,,,,,15.03124,3031.25947,0.0049587440958988,0,early drawdown stayed high,active-day density stayed low,peak arrived too early
goldstation-dex-v3,GOLDSTATION DEX V3,1,core_eligible,0.2477559659622937,0.2043153212164233,0.0506203397688712,monitor,resilient_or_unproven,model_only,No strong terminal decay signal under current v2 definition.,missing_address,,,,,,,,,59953.39763,59953.39763,1.0,0,early drawdown stayed high,active-day density stayed low,peak arrived too early
gondola-finance,Gondola Finance,1,core_eligible,0.8241179822050124,0.9885365577095296,0.8146707532754663,terminal_risk,terminal_global_decay,model_only,Early-window terminal decay model indicates persistent decline.,missing_address,,,,,,,,,65.95341,65.95341,1.0,0,early drawdown stayed high,active-day density stayed low,peak arrived too early
granary-finance,Granary Finance,1,core_eligible,0.0351543006096808,0.0392282441122348,0.0013790414859114,monitor,avax_side_decay_but_globally_alive,methodology_backed,Source payload contains dedicated Avalanche TVL and Avalanche-borrowed histories even though the current adapter module path is unresolved.,missing_address,,,,,,payload_chain_specific,Source payload contains dedicated Avalanche TVL and Avalanche-borrowed histories even though the current adapter module path is unresolved.,,2591.69677,156063.74323,0.0166066551805083,1,early drawdown stayed high,active-day density stayed low,peak arrived too early
grape-finance,Grape Finance,1,core_eligible,0.9986653276900738,0.9996838323353292,0.9983495820056304,terminal_risk,terminal_global_decay,model_only,Early-window terminal decay model indicates persistent decline.,missing_address,,,,,,,,,0.0,0.0,0.0,0,early drawdown stayed high,active-day density stayed low,peak arrived too early
grave-finance,Grave Finance,1,core_eligible,0.9850450781883894,0.9928026224563418,0.9779553368631452,terminal_risk,terminal_global_decay,model_only,Early-window terminal decay model indicates persistent decline.,missing_address,,,,,,,,,389.60198,389.60198,1.0,0,early drawdown stayed high,active-day density stayed low,peak arrived too early
grim-finance,Grim Finance,1,core_eligible,0.719713501188155,0.8890611780726568,0.6398693332411376,elevated,terminal_global_decay,model_only,Early-window terminal decay model indicates persistent decline.,missing_address,,,,,,,,,20.97878,23590.67248,0.000889282830652,0,early drawdown stayed high,active-day density stayed low,peak arrived too early
gro,Gro,1,core_eligible,0.4121401619379268,0.0329816597324273,0.0135930665831042,monitor,native_revival_or_threshold_boundary,methodology_backed,Adapter exports a dedicated avax TVL path that sums ERC4626 vault assets for Gro Labs on Avalanche.,missing_address,,,,,,adapter_onchain_aggregate,Adapter exports a dedicated avax TVL path that sums ERC4626 vault assets for Gro Labs on Avalanche.,,25556.72398,1782383.23863,0.0143385122941594,0,early drawdown stayed high,active-day density stayed low,peak arrived too early
growth-defi,Growth DeFi,1,core_eligible,0.3712536098664973,0.1822499861508751,0.0676609652566315,monitor,resilient_or_unproven,model_only,No strong terminal decay signal under current v2 definition.,missing_address,,,,,,,,,22316.64657,22316.64747,0.999999959671362,0,early drawdown stayed high,active-day density stayed low,peak arrived too early
guru-network-classic,Guru Network Classic,1,core_eligible,0.6093901315923482,0.0595588325320382,0.0362945647941854,monitor,multichain_relocation,methodology_backed,"Adapter methodology states direct on-chain storage of quantity, pools and prices across contracts.",mapped_no_code,0xf43Cc235E686d7BC513F53Fbffb61F760c3a1882,address_field_fantom,,,,adapter_onchain_aggregate,"Adapter methodology states direct on-chain storage of quantity, pools and prices across contracts.",no_code_on_avax,68.96964,3233053.02213,2.133266591296465e-05,1,early drawdown stayed high,active-day density stayed low,peak arrived too early
gyroscope-protocol,Gyroscope Protocol,1,core_eligible,0.0399838214344375,0.076421123525331,0.0030556085568559,monitor,resilient_or_unproven,model_only,No strong terminal decay signal under current v2 definition.,missing_address,,,,,,,,,15900.19508,1808656.58989,0.0087911631035314,0,early drawdown stayed high,active-day density stayed low,peak arrived too early
hakuswap,HakuSwap,1,core_eligible,0.482311076028084,0.0204782048038165,0.0098768649940522,monitor,native_revival_or_threshold_boundary,address_registered,Avalanche contract address confirmed and live code detected on C-Chain.,mapped_live_code,0x695Fa794d59106cEbd40ab5f5cA19F458c723829,payload_field_confirmed,0x695Fa794d59106cEbd40ab5f5cA19F458c723829,payload_explicit_avax_address,mapped_live_code,,,,26074.3556,26074.3556,1.0,0,early drawdown stayed high,active-day density stayed low,peak arrived too early
hashflow,Hashflow,1,core_eligible,,0.1653972060260408,,,resilient_or_unproven,model_only,No strong terminal decay signal under current v2 definition.,missing_address,,,,,,,,,10243.31852,582462.77663,0.0175862199800398,0,,,
hedgefarm,HedgeFarm,1,core_eligible,0.1685032705640591,0.164079050768252,0.0276478566854967,monitor,resilient_or_unproven,model_only,No strong terminal decay signal under current v2 definition.,missing_address,,,,,,,,,36363.84572,36363.84572,1.0,0,early drawdown stayed high,active-day density stayed low,peak arrived too early
hermes-finance,Hermes Finance,1,core_eligible,0.9986659477246425,0.9996838323353292,0.9983502018441642,terminal_risk,terminal_global_decay,model_only,Early-window terminal decay model indicates persistent decline.,missing_address,,,,,,,,,0.0,0.0,0.0,0,early drawdown stayed high,active-day density stayed low,peak arrived too early
homora-v2,Homora V2,1,core_eligible,0.0380926661981455,0.0254056427234058,0.000967768667812,monitor,native_revival_or_threshold_boundary,methodology_backed,"Adapter defines explicit avax Homora V2 APIs, graph endpoints and pool configs, then aggregates collateral and safebox balances.",missing_address,,,,,,adapter_onchain_aggregate,"Adapter defines explicit avax Homora V2 APIs, graph endpoints and pool configs, then aggregates collateral and safebox balances.",,397914.70785,110273717.07445998,0.0036084274513147,0,early drawdown stayed high,active-day density stayed low,peak arrived too early
honeyfarm,HoneyFarm,1,core_eligible,0.9950621487120734,0.9996838323353292,0.9947475422363128,terminal_risk,terminal_global_decay,model_only,Early-window terminal decay model indicates persistent decline.,missing_address,,,,,,,,,0.0,0.0,0.0,0,early drawdown stayed high,active-day density stayed low,peak arrived too early
hot-takes,Hot Takes,1,core_eligible,0.9062439707339824,0.9934320533881436,0.9002918087168849,terminal_risk,terminal_global_decay,model_only,Early-window terminal decay model indicates persistent decline.,missing_address,,,,,,,,,612.98383,612.98383,1.0,0,early drawdown stayed high,active-day density stayed low,peak arrived too early
hubble-exchange,Hubble Exchange,1,core_eligible,0.1825232596136901,0.0188207945128871,0.0034352327630116,monitor,native_revival_or_threshold_boundary,methodology_backed,Adapter defines Avalanche token-owner pairs directly and sums collateral balances on-chain.,missing_address,,,,,,adapter_onchain_aggregate,Adapter defines Avalanche token-owner pairs directly and sums collateral balances on-chain.,,78486.07253,78486.07253,1.0,0,early drawdown stayed high,active-day density stayed low,peak arrived too early
hunnyswap,HunnySwap,1,core_eligible,0.1705701715064645,0.059381330907766,0.0101286837972197,monitor,resilient_or_unproven,model_only,No strong terminal decay signal under current v2 definition.,missing_address,,,,,,,,,58957.31232,58957.31232,1.0,0,early drawdown stayed high,active-day density stayed low,peak arrived too early
hurricaneswap,HurricaneSwap,1,core_eligible,0.619384244884771,0.018128145458375,0.0112282876858969,monitor,native_revival_or_threshold_boundary,address_registered,Avalanche contract address confirmed and live code detected on C-Chain.,mapped_live_code,0x45C13620B55C35A5f539d26E88247011Eb10fDbd,payload_field_confirmed,0x45C13620B55C35A5f539d26E88247011Eb10fDbd,payload_explicit_avax_address,mapped_live_code,,,,39636.86462,39636.86462,1.0,0,early drawdown stayed high,active-day density stayed low,peak arrived too early
hypha,Hypha,1,core_eligible,0.0831503076299353,0.1363519459330548,0.0113377062502738,monitor,resilient_or_unproven,model_only,No strong terminal decay signal under current v2 definition.,missing_address,,,,,,,,,21940600.24524,21940600.24524,1.0,0,early drawdown stayed high,active-day density stayed low,peak arrived too early
ice-dao,Ice DAO,1,core_eligible,0.878467543165912,0.9951886069984304,0.8742408905766175,terminal_risk,terminal_global_decay,model_only,Early-window terminal decay model indicates persistent decline.,missing_address,,,,,,,,,0.0,0.0,0.0,0,early drawdown stayed high,active-day density stayed low,peak arrived too early
icecream-finance,IceCream Finance,1,core_eligible,0.9986652436781688,0.9996838323353292,0.9983494980202874,terminal_risk,terminal_global_decay,model_only,Early-window terminal decay model indicates persistent decline.,missing_address,,,,,,,,,0.0,0.0,0.0,0,early drawdown stayed high,active-day density stayed low,peak arrived too early
impermax-v2,Impermax V2,1,core_eligible,0.0732167354510214,0.032066252170234,0.0023477863020537,monitor,native_revival_or_threshold_boundary,address_registered,Avalanche contract address confirmed and live code detected on C-Chain.,mapped_live_code,0xf655c8567e0f213e6c634cd2a68d992152161dc6,payload_field_confirmed,0xf655c8567e0f213e6c634cd2a68d992152161dc6,payload_explicit_avax_address,mapped_live_code,adapter_onchain_aggregate,Adapter defines explicit Avalanche factory contracts and aggregates lending-pool balances via Impermax helper calls.,,90752.9117,756979.99073,0.1198881249324459,0,early drawdown stayed high,active-day density stayed low,peak arrived too early
impossible-finance,Impossible Finance,1,core_eligible,0.8093603451954898,0.8316152751464582,0.6730764261623796,terminal_risk,terminal_global_decay,model_only,Early-window terminal decay model indicates persistent decline.,missing_address,,,,,,,,,2.19031,174099.92435000002,1.2580763651549514e-05,0,early drawdown stayed high,active-day density stayed low,peak arrived too early
incognito,Incognito,1,core_eligible,0.9797273638766184,0.9892921654797834,0.9692366053892996,terminal_risk,terminal_global_decay,model_only,Early-window terminal decay model indicates persistent decline.,missing_address,,,,,,,,,58.50671,127.11726,0.4602577966202229,0,early drawdown stayed high,active-day density stayed low,peak arrived too early
insurace,InsurAce,1,core_eligible,0.0508507668749348,0.0444226536618806,0.0022589260053262,monitor,resilient_or_unproven,model_only,No strong terminal decay signal under current v2 definition.,missing_address,,,,,,,,,10166.12817,136311.94272,0.0745798788216405,0,early drawdown stayed high,active-day density stayed low,peak arrived too early
ipor-fusion,IPOR Fusion,0,data_incomplete,,,,data_incomplete,data_incomplete,not_eligible,Insufficient source data for core classification.,missing_address,,,,,,,,,,,,0,,,
iron-bank,Iron Bank,1,core_eligible,0.3205221054873741,0.0229832170460289,0.0073666291184664,monitor,native_revival_or_threshold_boundary,methodology_backed,"Source payload contains explicit Avalanche token-level TVL history plus separate Avalanche-borrowed history, even though the current adapter path is unresolved.",missing_address,,,,,,payload_chain_specific,"Source payload contains explicit Avalanche token-level TVL history plus separate Avalanche-borrowed history, even though the current adapter path is unresolved.",,55547.11427,213607.74886,0.2600425994208944,0,early drawdown stayed high,active-day density stayed low,peak arrived too early
iron-finance,Iron Finance,1,core_eligible,0.7462605174701484,0.7568440743187135,0.5648028505452986,elevated,terminal_global_decay,model_only,Early-window terminal decay model indicates persistent decline.,missing_address,,,,,,,,,29.83632,315821.01045,9.447224539459071e-05,0,early drawdown stayed high,active-day density stayed low,peak arrived too early
jarvis-network,Jarvis Network,1,core_eligible,0.8925043559877976,0.7591389098647208,0.6775347838540914,terminal_risk,terminal_global_decay,model_only,Early-window terminal decay model indicates persistent decline.,missing_address,,,,,,,,,322.92685,292517.80882,0.0011039562045903,0,early drawdown stayed high,active-day density stayed low,peak arrived too early
joe-dex,Joe DEX,1,core_eligible,0.3091080778880475,0.0112111109983815,0.0034654449716992,monitor,native_revival_or_threshold_boundary,address_registered,Avalanche contract address confirmed and live code detected on C-Chain.,mapped_live_code,0x6e84a6216ea6dacc71ee8e6b0a5b7322eebc0fdd,payload_field_confirmed,0x6e84a6216ea6dacc71ee8e6b0a5b7322eebc0fdd,payload_explicit_avax_address,mapped_live_code,adapter_subgraph,Adapter states Avalanche liquidity is sourced from Trader Joe exchange subgraph plus staking contract balances.,,13418789.2844,13490807.7557,0.994661663511618,0,early drawdown stayed high,active-day density stayed low,peak arrived too early
joe-lend,Joe Lend,1,core_eligible,0.1165387826926484,0.0729910244426454,0.0085062851360352,monitor,resilient_or_unproven,model_only,No strong terminal decay signal under current v2 definition.,missing_address,,,,,,,,,2379149.50193,2379149.50193,1.0,0,early drawdown stayed high,active-day density stayed low,peak arrived too early
joe-stek,Joe Stek,1,core_eligible,0.7043631900294238,0.0389458242641501,0.0274320050170221,monitor,native_revival_or_threshold_boundary,address_registered,Avalanche contract address confirmed and live code detected on C-Chain.,mapped_live_code,0x6e84a6216ea6dacc71ee8e6b0a5b7322eebc0fdd,payload_field_confirmed,0x6e84a6216ea6dacc71ee8e6b0a5b7322eebc0fdd,payload_explicit_avax_address,mapped_live_code,,,,40194.23967,40194.23967,1.0,0,early drawdown stayed high,active-day density stayed low,peak arrived too early
joe-v2,Joe V2,1,core_eligible,0.1819948847567094,0.022338407545724,0.0040654759069324,monitor,native_revival_or_threshold_boundary,address_registered,Avalanche contract address confirmed and live code detected on C-Chain.,mapped_live_code,0x6e84a6216ea6dacc71ee8e6b0a5b7322eebc0fdd,payload_field_confirmed,0x6e84a6216ea6dacc71ee8e6b0a5b7322eebc0fdd,payload_explicit_avax_address,mapped_live_code,adapter_onchain_aggregate,Adapter enumerates Avalanche Liquidity Book pairs from factory contracts and sums token balances on-chain.,,98173.04326,165505.88796000002,0.5931694906451109,0,early drawdown stayed high,active-day density stayed low,peak arrived too early
joe-v2.1,Joe V2.1,1,core_eligible,0.0369300376575906,0.0293306731730976,0.0010831828648049,monitor,resilient_or_unproven,model_only,No strong terminal decay signal under current v2 definition.,missing_address,,,,,,,,,2773204.2633,3975091.05464,0.6976454690422563,0,early drawdown stayed high,active-day density stayed low,peak arrived too early
joe-v2.2,Joe V2.2,1,core_eligible,0.0560262513879105,0.1117104485733711,0.0062587176744279,monitor,resilient_or_unproven,model_only,No strong terminal decay signal under current v2 definition.,missing_address,,,,,,,,,27538439.05425,30325538.47467,0.90809398412668,0,early drawdown stayed high,active-day density stayed low,peak arrived too early
k3-capital,K3 Capital,1,core_eligible,0.0645857600147979,0.0947272517560295,0.0061180315487762,monitor,resilient_or_unproven,model_only,No strong terminal decay signal under current v2 definition.,missing_address,,,,,,,,,16030519.21008,218277051.91457,0.0734411568667973,0,early drawdown stayed high,active-day density stayed low,peak arrived too early
kalmy-app,Kalmy App,1,core_eligible,0.53656673084398,0.8465724192459643,0.4542425954174863,elevated,terminal_global_decay,model_only,Early-window terminal decay model indicates persistent decline.,missing_address,,,,,,,,,0.0,32795.44231,0.0,0,early drawdown stayed high,active-day density stayed low,peak arrived too early
kandyland-finance,Kandyland Finance,1,core_eligible,0.9804810785587984,1.0,0.9804810785587984,terminal_risk,terminal_global_decay,model_only,Early-window terminal decay model indicates persistent decline.,missing_address,,,,,,,,,0.0,0.0,0.0,0,early drawdown stayed high,active-day density stayed low,peak arrived too early
karma-dao,Karma DAO,1,core_eligible,0.9874086809545954,0.9982522893772892,0.9856829763139344,terminal_risk,terminal_global_decay,model_only,Early-window terminal decay model indicates persistent decline.,missing_address,,,,,,,,,0.0,0.0,0.0,0,early drawdown stayed high,active-day density stayed low,peak arrived too early
kassandra-dao,Kassandra DAO,1,core_eligible,0.2544678266280667,0.9000622134401166,0.2290368752841535,monitor,resilient_or_unproven,model_only,No strong terminal decay signal under current v2 definition.,missing_address,,,,,,,,,691.58966,854.1287599999999,0.809701876798997,0,early drawdown stayed high,active-day density stayed low,peak arrived too early
kayak-v2,Kayak V2,1,core_eligible,0.9570568616631006,0.9970201356025,0.9542049619946478,terminal_risk,terminal_global_decay,model_only,Early-window terminal decay model indicates persistent decline.,missing_address,,,,,,,,,844.65023,844.65023,1.0,0,early drawdown stayed high,active-day density stayed low,peak arrived too early
kewl-exchange,KEWL EXCHANGE,1,core_eligible,0.8733722963871166,0.9416728920165534,0.8224310161459945,terminal_risk,resilient_or_unproven,model_only,No strong terminal decay signal under current v2 definition.,missing_address,,,,,,,,,0.28538,31640.55493,9.019437258017776e-06,0,early drawdown stayed high,active-day density stayed low,peak arrived too early
keyring,Keyring,1,core_eligible,0.1439657326406002,0.2296798041766678,0.0330660212810435,monitor,resilient_or_unproven,model_only,No strong terminal decay signal under current v2 definition.,missing_address,,,,,,,,,6224534.89963,6224534.89963,1.0,0,early drawdown stayed high,active-day density stayed low,peak arrived too early
kine-finance,Kine Finance,1,core_eligible,0.0363972471021604,0.054669917549188,0.0019898344980925,monitor,avax_side_decay_but_globally_alive,address_registered,"Avalanche contract address confirmed and live code detected on C-Chain, while Avalanche share remains materially weaker than global TVL.",mapped_live_code,0x0ec3126390c606be63a0fa6585e68075f06679c6,adapter_source,0x0ec3126390c606be63a0fa6585e68075f06679c6,avax_comptroller_from_adapter,mapped_live_code,adapter_onchain_aggregate,"Adapter has an explicit avax Compound-style comptroller and cether configuration, confirming Avalanche lending support in source code.",,966.0513,1013591.70962,0.0009530970812322,1,early drawdown stayed high,active-day density stayed low,peak arrived too early
kitty-finance,Kitty Finance,1,core_eligible,0.9970056908290056,0.9996838323353292,0.9966904698680727,terminal_risk,terminal_global_decay,model_only,Early-window terminal decay model indicates persistent decline.,missing_address,,,,,,,,,0.0,0.0,0.0,0,early drawdown stayed high,active-day density stayed low,peak arrived too early
kuu-finance,Kuu Finance,1,core_eligible,0.8205690114537563,0.2406861450187601,0.1974995920886594,monitor,native_revival_or_threshold_boundary,methodology_backed,"Source payload contains a dedicated Avalanche token and TVL history series, despite missing contract address metadata in the current payload.",missing_address,,none_found,,,,payload_chain_specific,"Source payload contains a dedicated Avalanche token and TVL history series, despite missing contract address metadata in the current payload.",address_unavailable,11300.58013,11300.58013,1.0,0,early drawdown stayed high,active-day density stayed low,peak arrived too early
kyberswap-classic,KyberSwap Classic,1,core_eligible,0.1037715282472122,0.009757479279571,0.0010125485366815,monitor,resilient_or_unproven,model_only,No strong terminal decay signal under current v2 definition.,missing_address,,,,,,,,,69499.49861,1038016.88744,0.0669541116825204,0,early drawdown stayed high,active-day density stayed low,peak arrived too early
kyberswap-elastic,KyberSwap Elastic,1,core_eligible,0.2511419255772176,0.1031265261390478,0.0258993943526497,monitor,multichain_relocation,methodology_backed,Adapter fetches Avalanche TVL from KyberSwap Avalanche subgraph endpoints.,mapped_no_code,0xdefa4e8a7bcba345f687a2f1456f5edd9ce97202,address_field_bare,,,,adapter_subgraph,Adapter fetches Avalanche TVL from KyberSwap Avalanche subgraph endpoints.,no_code_on_avax,386.80603,120669.15507,0.0032055087298457,1,early drawdown stayed high,active-day density stayed low,peak arrived too early
lagoon,Lagoon,1,core_eligible,0.3109101431723971,0.0725070399530699,0.0225431741728156,monitor,resilient_or_unproven,model_only,No strong terminal decay signal under current v2 definition.,missing_address,,,,,,,,,4435506.59678,122856655.33546002,0.0361031039357929,0,early drawdown stayed high,active-day density stayed low,peak arrived too early
lama-miner,Lama Miner,1,core_eligible,0.9488555193922372,0.9939721435274008,0.9431359545081074,terminal_risk,terminal_global_decay,model_only,Early-window terminal decay model indicates persistent decline.,missing_address,,,,,,,,,0.08135,0.08135,1.0,0,early drawdown stayed high,active-day density stayed low,peak arrived too early
leech-protocol,Leech Protocol,1,core_eligible,0.9846531199578008,0.9992542372881356,0.9839188023768154,terminal_risk,terminal_global_decay,model_only,Early-window terminal decay model indicates persistent decline.,missing_address,,,,,,,,,9.46296,3503.12041,0.0027012945295819,0,early drawdown stayed high,active-day density stayed low,peak arrived too early
life-dao,Life DAO,1,core_eligible,0.903612795908776,1.0,0.903612795908776,terminal_risk,terminal_global_decay,model_only,Early-window terminal decay model indicates persistent decline.,missing_address,,,,,,,,,69.50376,69.50376,1.0,0,early drawdown stayed high,active-day density stayed low,peak arrived too early
louverture,Louverture,1,core_eligible,0.9957493225924812,0.9996838323353292,0.9954344988545596,terminal_risk,terminal_global_decay,model_only,Early-window terminal decay model indicates persistent decline.,missing_address,,,,,,,,,0.0,0.0,0.0,0,early drawdown stayed high,active-day density stayed low,peak arrived too early
lydia,Lydia,1,core_eligible,0.7436348773412778,0.0240950569393704,0.0179179247116398,monitor,native_revival_or_threshold_boundary,address_registered,Avalanche contract address confirmed and live code detected on C-Chain.,mapped_live_code,0x4c9b4e1ac6f24cde3660d5e4ef1ebf77c710c084,payload_field_confirmed,0x4c9b4e1ac6f24cde3660d5e4ef1ebf77c710c084,payload_explicit_avax_address,mapped_live_code,,,,49559.26902,49559.26902,1.0,0,early drawdown stayed high,active-day density stayed low,peak arrived too early
magic-square,Magic Square,1,core_eligible,0.9908334195396268,0.8708858677395517,0.862902822361115,terminal_risk,resilient_or_unproven,model_only,No strong terminal decay signal under current v2 definition.,missing_address,,,,,,,,,335.618,11833.71457,0.02836117079001,0,early drawdown stayed high,active-day density stayed low,peak arrived too early
magik-farm,Magik Farm,1,core_eligible,0.5802387444498203,0.950824878212306,0.5517054335255617,elevated,terminal_global_decay,model_only,Early-window terminal decay model indicates persistent decline.,missing_address,,,,,,,,,2969.78172,3762.76933,0.7892542591761796,0,early drawdown stayed high,active-day density stayed low,peak arrived too early
magnet-dao,Magnet DAO,1,core_eligible,0.9514446600616822,1.0,0.9514446600616822,terminal_risk,terminal_global_decay,model_only,Early-window terminal decay model indicates persistent decline.,missing_address,,,,,,,,,0.65951,0.65951,1.0,0,early drawdown stayed high,active-day density stayed low,peak arrived too early
marginswap,MarginSwap,1,core_eligible,0.1384129591460644,0.9187171670746822,0.127162361713096,monitor,resilient_or_unproven,model_only,No strong terminal decay signal under current v2 definition.,missing_address,,,,,,,,,0.0,0.0,0.0,0,early drawdown stayed high,active-day density stayed low,peak arrived too early
maximizer,Maximizer,1,core_eligible,0.5239007461874223,0.978929396566187,0.5128618413258285,elevated,terminal_global_decay,model_only,Early-window terminal decay model indicates persistent decline.,missing_address,,,,,,,,,0.45728,0.45728,1.0,0,early drawdown stayed high,active-day density stayed low,peak arrived too early
meow-miner,Meow Miner,1,core_eligible,0.945739602233628,0.9986890130353818,0.9444997499431764,terminal_risk,terminal_global_decay,model_only,Early-window terminal decay model indicates persistent decline.,missing_address,,,,,,,,,0.0351,0.0351,1.0,0,early drawdown stayed high,active-day density stayed low,peak arrived too early
mev-capital,MEV Capital,1,core_eligible,0.3195270730729051,0.1002257289825006,0.0320248338283766,monitor,resilient_or_unproven,model_only,No strong terminal decay signal under current v2 definition.,missing_address,,,,,,,,,231138997.8761,326406161.66052,0.7081330716927366,0,early drawdown stayed high,active-day density stayed low,peak arrived too early
midasdao,MidasDAO,1,core_eligible,0.860745813377815,0.9981678175350492,0.8591687699917643,terminal_risk,terminal_global_decay,model_only,Early-window terminal decay model indicates persistent decline.,missing_address,,,,,,,,,0.0,0.0,0.0,0,early drawdown stayed high,active-day density stayed low,peak arrived too early
mint-club-v2,Mint Club V2,1,core_eligible,0.4335187709963256,0.0453579736255315,0.0196635329810241,monitor,multichain_relocation,methodology_backed,Adapter aggregates bonding-curve and staking balances on-chain with sumTokens2.,missing_address,,,,,,adapter_onchain_aggregate,Adapter aggregates bonding-curve and staking balances on-chain with sumTokens2.,,521.6434,730120.6565699999,0.0007144619116114,1,early drawdown stayed high,active-day density stayed low,peak arrived too early
mintswap,MintSwap,1,core_eligible,0.9789207196043742,0.9809999792637456,0.960321205632742,terminal_risk,terminal_global_decay,model_only,Early-window terminal decay model indicates persistent decline.,missing_address,,,,,,,,,1231.18523,1231.18523,1.0,0,early drawdown stayed high,active-day density stayed low,peak arrived too early
monocerus,Monocerus,1,core_eligible,0.9930016663989109,0.9952701706601864,0.9883049379826934,terminal_risk,terminal_global_decay,model_only,Early-window terminal decay model indicates persistent decline.,missing_address,,,,,,,,,198.00357,202.82513,0.9762279950221158,0,early drawdown stayed high,active-day density stayed low,peak arrived too early
monroe-protocol,Monroe Protocol,1,core_eligible,0.8726053550188472,0.9829747969684214,0.8577490716832086,terminal_risk,terminal_global_decay,model_only,Early-window terminal decay model indicates persistent decline.,missing_address,,,,,,,,,3911.35342,5008.26052,0.7809804231190434,0,early drawdown stayed high,active-day density stayed low,peak arrived too early
moremoney,Moremoney,1,core_eligible,0.6820922739031383,0.9522122076568724,0.6494965899590035,elevated,terminal_global_decay,model_only,Early-window terminal decay model indicates persistent decline.,missing_address,,,,,,,,,7473.88535,7473.88535,1.0,0,early drawdown stayed high,active-day density stayed low,peak arrived too early
mozaic,Mozaic,1,core_eligible,0.9460671154698288,0.983503058581679,0.930459901688123,terminal_risk,terminal_global_decay,model_only,Early-window terminal decay model indicates persistent decline.,missing_address,,,,,,,,,1189.0275,7439.87036,0.1598183089846205,0,early drawdown stayed high,active-day density stayed low,peak arrived too early
multi-chain-miner,Multi-Chain Miner,1,core_eligible,0.6297806334214505,0.9958625666375776,0.627174958017725,elevated,terminal_global_decay,model_only,Early-window terminal decay model indicates persistent decline.,missing_address,,,,,,,,,0.10531,2.94466,0.0357630422527558,0,early drawdown stayed high,active-day density stayed low,peak arrived too early
multipli.fi,Multipli.fi,1,core_eligible,0.3118721297291167,0.0980798754336459,0.0305883796350576,monitor,resilient_or_unproven,model_only,No strong terminal decay signal under current v2 definition.,missing_address,,,,,,,,,15715.89281,342521093.07653004,4.588299269058029e-05,0,early drawdown stayed high,active-day density stayed low,peak arrived too early
mushrooms-finance,Mushrooms Finance,1,core_eligible,0.8513573312082602,0.252925476995849,0.2153299590897622,monitor,native_revival_or_threshold_boundary,address_registered,Avalanche contract address confirmed and live code detected on C-Chain.,mapped_live_code,0xa33b55d868e57b20df957ddc2f044f09f676967b,adapter_source,0xa33b55d868e57b20df957ddc2f044f09f676967b,avax_vault_from_adapter,mapped_live_code,adapter_onchain_aggregate,Adapter includes a dedicated avax vault list and sums ERC4626 vault assets directly from Avalanche vault contracts.,no_code_on_avax,15189.59023,28540.8594,0.5322050754365161,0,early drawdown stayed high,active-day density stayed low,peak arrived too early
mux-perps,MUX Perps,1,core_eligible,0.0966292206654676,0.0662508480505882,0.0064017678155546,monitor,resilient_or_unproven,model_only,No strong terminal decay signal under current v2 definition.,missing_address,,,,,,,,,389034.60012,8962580.097199999,0.043406540962634,0,early drawdown stayed high,active-day density stayed low,peak arrived too early
napier,Napier,1,core_eligible,0.942706789738786,0.7845099970130054,0.7395629008021148,terminal_risk,resilient_or_unproven,model_only,No strong terminal decay signal under current v2 definition.,missing_address,,,,,,,,,0.0,298243.87330000004,0.0,0,early drawdown stayed high,active-day density stayed low,peak arrived too early
native-swap,Native Swap,1,core_eligible,0.0599428685206219,0.927816219072042,0.0556159656311359,monitor,resilient_or_unproven,model_only,No strong terminal decay signal under current v2 definition.,missing_address,,,,,,,,,1.8334,4513.66949,0.0004061883582885,0,early drawdown stayed high,active-day density stayed low,peak arrived too early
nereus-finance,Nereus Finance,1,core_eligible,0.3307717695909519,0.0552352379495168,0.0182702574003389,monitor,native_revival_or_threshold_boundary,address_registered,Avalanche contract address confirmed and live code detected on C-Chain.,mapped_live_code,0xfcDe4A87b8b6FA58326BB462882f1778158B02F1,payload_field_confirmed,0xfcDe4A87b8b6FA58326BB462882f1778158B02F1,payload_explicit_avax_address,mapped_live_code,,,,73744.42467,73744.42467,1.0,0,early drawdown stayed high,active-day density stayed low,peak arrived too early
nested,Nested,1,core_eligible,0.1066141303680282,0.0422925004241046,0.0045089781538053,monitor,avax_side_decay_but_globally_alive,address_registered,"Avalanche contract address confirmed and live code detected on C-Chain, while Avalanche share remains materially weaker than global TVL.",mapped_live_code,0x150fb0Cfa5bF3D4023bA198C725b6DCBc1577f21,adapter_source,0x150fb0Cfa5bF3D4023bA198C725b6DCBc1577f21,avax_reserve_from_adapter,mapped_live_code,adapter_onchain_aggregate,Adapter exposes an avax reserve contract and counts Avalanche-side assets held in the NestedReserve contract.,,5684.09007,140517.97454999998,0.0404509820768691,1,early drawdown stayed high,active-day density stayed low,peak arrived too early
noaharkdao,NoahArkDAO,1,core_eligible,0.7645912095166232,0.9992542372881356,0.7640210059027464,terminal_risk,terminal_global_decay,model_only,Early-window terminal decay model indicates persistent decline.,missing_address,,,,,,,,,15.54072,15.54072,1.0,0,early drawdown stayed high,active-day density stayed low,peak arrived too early
nodo,NODO,1,core_eligible,0.90513985763696,0.9974551764025448,0.9028364363682484,terminal_risk,resilient_or_unproven,model_only,No strong terminal decay signal under current v2 definition.,missing_address,,,,,,,,,0.00833,0.84549,0.0098522750121231,0,early drawdown stayed high,active-day density stayed low,peak arrived too early
nord-finance,Nord Finance,1,core_eligible,0.9752293086217898,0.9966299284461912,0.971942716070363,terminal_risk,terminal_global_decay,model_only,Early-window terminal decay model indicates persistent decline.,missing_address,,,,,,,,,101.40761,5071.34697,0.0199961885076855,0,early drawdown stayed high,active-day density stayed low,peak arrived too early
north-pole,North Pole,1,core_eligible,0.9889527437920212,0.99775959525207,0.9867370893693512,terminal_risk,terminal_global_decay,model_only,Early-window terminal decay model indicates persistent decline.,missing_address,,,,,,,,,698.50267,698.50267,1.0,0,early drawdown stayed high,active-day density stayed low,peak arrived too early
o2-dao,O2 DAO,1,core_eligible,0.9986821252472092,0.9996838323353292,0.9983663742519212,terminal_risk,terminal_global_decay,model_only,Early-window terminal decay model indicates persistent decline.,missing_address,,,,,,,,,0.0,0.0,0.0,0,early drawdown stayed high,active-day density stayed low,peak arrived too early
oddz,Oddz,1,core_eligible,0.0879640984417998,0.1317592749313404,0.0115900858306805,monitor,resilient_or_unproven,model_only,No strong terminal decay signal under current v2 definition.,missing_address,,,,,,,,,59193.24177,59199.59287,0.9998927171676004,0,early drawdown stayed high,active-day density stayed low,peak arrived too early
oh-finance,Oh Finance,1,core_eligible,0.6515502509624161,0.9733665440808458,0.6341972160742948,elevated,terminal_global_decay,model_only,Early-window terminal decay model indicates persistent decline.,missing_address,,,,,,,,,2666.23988,3036.08206,0.878184392684037,0,early drawdown stayed high,active-day density stayed low,peak arrived too early
olive-cash,Olive Cash,1,core_eligible,0.7561246566542801,0.0667056373739745,0.0504377771563014,monitor,native_revival_or_threshold_boundary,weak_onchain_support,Avalanche contract shows medium-window activity (18 logs) but weak very recent activity.,mapped_live_code,0x617724974218A18769020A70162165A539c07E8a,address_field_avax,,,,,,revival_weak_evidence,24472.93823,93670.39174,0.2612665301745432,0,early drawdown stayed high,active-day density stayed low,peak arrived too early
omni-exchange-flux,Omni Exchange Flux,1,core_eligible,0.9468636480417808,0.9935320933927289,0.9407394223964264,terminal_risk,resilient_or_unproven,model_only,No strong terminal decay signal under current v2 definition.,missing_address,,,,,,,,,13.36378,718.7416499999999,0.0185933012230472,0,early drawdown stayed high,active-day density stayed low,peak arrived too early
omni-exchange-v2,Omni Exchange V2,1,core_eligible,0.8612335100325674,0.98689842903418,0.8499499980827334,terminal_risk,resilient_or_unproven,model_only,No strong terminal decay signal under current v2 definition.,missing_address,,,,,,,,,8.4203,4710.273810000001,0.0017876455466609,0,early drawdown stayed high,active-day density stayed low,peak arrived too early
omni-exchange-v3,Omni Exchange V3,1,core_eligible,0.9168885524591192,0.8735457575320055,0.8009441051303253,terminal_risk,resilient_or_unproven,model_only,No strong terminal decay signal under current v2 definition.,missing_address,,,,,,,,,46.01505,26536.18533,0.001734049164481,0,early drawdown stayed high,active-day density stayed low,peak arrived too early
omnibtc,OmniBTC,1,core_eligible,0.7556121137292873,0.6967550524789557,0.5264765579551842,elevated,terminal_global_decay,model_only,Early-window terminal decay model indicates persistent decline.,missing_address,,,,,,,,,0.00307,1908706.7101,1.6084189277247096e-09,0,early drawdown stayed high,active-day density stayed low,peak arrived too early
onavax,onAVAX,1,core_eligible,0.776950127738183,0.989067576443962,0.7684561798598313,terminal_risk,terminal_global_decay,model_only,Early-window terminal decay model indicates persistent decline.,missing_address,,,,,,,,,355.91184,355.91184,1.0,0,early drawdown stayed high,active-day density stayed low,peak arrived too early
onx-finance,OnX Finance,1,core_eligible,0.9603498965554096,0.8350986637625066,0.801986915357884,terminal_risk,terminal_global_decay,model_only,Early-window terminal decay model indicates persistent decline.,missing_address,,,,,,,,,0.0,249382.94039,0.0,0,early drawdown stayed high,active-day density stayed low,peak arrived too early
openocean,OpenOcean,1,core_eligible,0.9457659955243668,0.1636284774811786,0.1547542499011233,monitor,native_revival_or_threshold_boundary,address_registered,Avalanche contract address confirmed and live code detected on C-Chain.,mapped_live_code,0x042AF448582d0a3cE3CFa5b65c2675e88610B18d,adapter_source,0x042AF448582d0a3cE3CFa5b65c2675e88610B18d,avax_factory_from_adapter,mapped_live_code,adapter_onchain_aggregate,"Adapter defines an explicit avax factory and staking contracts, then aggregates liquidity with the same on-chain DEX methodology used on other chains.",no_code_on_avax,10310.59911,155393.55294,0.0663515243388578,0,early drawdown stayed high,active-day density stayed low,peak arrived too early
opyn-gamma,Opyn Gamma,1,core_eligible,0.512276547724966,0.0437335735308789,0.0224036840680746,monitor,native_revival_or_threshold_boundary,methodology_backed,"Adapter exposes an explicit avax TVL module, confirming Avalanche is a first-class measurement target in the source adapter.",missing_address,,,,,,adapter_onchain_aggregate,"Adapter exposes an explicit avax TVL module, confirming Avalanche is a first-class measurement target in the source adapter.",,19499.67083,941674.53471,0.0207074420208306,0,early drawdown stayed high,active-day density stayed low,peak arrived too early
orcadao,OrcaDAO,1,core_eligible,0.6194307982900489,0.9295023598681992,0.575762388785643,elevated,terminal_global_decay,model_only,Early-window terminal decay model indicates persistent decline.,missing_address,,,,,,,,,9056.16498,9056.16498,1.0,0,early drawdown stayed high,active-day density stayed low,peak arrived too early
ordernchaos,OrderNChaos,1,core_eligible,0.9476898198679816,0.1832778971029271,0.1736905972912555,monitor,native_revival_or_threshold_boundary,threshold_only,"No Avalanche contract logs were observed in the last 131,072 blocks, so the protocol remains threshold-bound rather than on-chain-confirmed.",mapped_live_code,0xCd17D12dfD16051b5d2895E4dFC72AfD82DBB529,address_field_avax,,,,,,revival_no_recent_logs_extended,14673.61689,60548.262480000005,0.2423457963776733,0,early drawdown stayed high,active-day density stayed low,peak arrived too early
pangolin-v2,Pangolin V2,1,core_eligible,0.0609887175194038,0.0375422180726953,0.0022896517330874,monitor,resilient_or_unproven,model_only,No strong terminal decay signal under current v2 definition.,missing_address,,,,,,,,,1805793.90713,1846483.06464,0.9779639692942794,0,early drawdown stayed high,active-day density stayed low,peak arrived too early
pangolin-v3,Pangolin V3,1,core_eligible,0.0544992139634624,0.1767634315281492,0.0096334680757684,monitor,resilient_or_unproven,model_only,No strong terminal decay signal under current v2 definition.,missing_address,,,,,,,,,403573.52605,419560.87598,0.9618950411125508,0,early drawdown stayed high,active-day density stayed low,peak arrived too early
papa-dao,Papa DAO,1,core_eligible,0.9332541165760186,0.9947268544714932,0.9283329318042352,terminal_risk,terminal_global_decay,model_only,Early-window terminal decay model indicates persistent decline.,missing_address,,,,,,,,,7.62014,7.62014,1.0,0,early drawdown stayed high,active-day density stayed low,peak arrived too early
parallel-protocol-v3,Parallel Protocol V3,1,core_eligible,0.5428208136240029,0.1162780482012474,0.0631181447312121,monitor,resilient_or_unproven,model_only,No strong terminal decay signal under current v2 definition.,missing_address,,,,,,,,,2135857.78317,3206678.9540500003,0.6660653635040188,0,early drawdown stayed high,active-day density stayed low,peak arrived too early
partyswap,PartySwap,1,core_eligible,0.8830837162496243,0.9607045428930124,0.848382537955858,terminal_risk,terminal_global_decay,model_only,Early-window terminal decay model indicates persistent decline.,missing_address,,,,,,,,,4445.55758,4445.55758,1.0,0,early drawdown stayed high,active-day density stayed low,peak arrived too early
pendle,Pendle,1,core_eligible,0.088025374013361,0.0296211631466489,0.0026074139646945,monitor,resilient_or_unproven,model_only,No strong terminal decay signal under current v2 definition.,missing_address,,,,,,,,,52546.62706,2149026798.77143,2.445135960614368e-05,0,early drawdown stayed high,active-day density stayed low,peak arrived too early
penguin-finance,Penguin Finance,1,core_eligible,0.4053397828394156,0.0105072894417117,0.0042590224205343,monitor,native_revival_or_threshold_boundary,address_registered,Avalanche contract address confirmed and live code detected on C-Chain.,mapped_live_code,0xe896CDeaAC9615145c0cA09C8Cd5C25bced6384c,payload_field_confirmed,0xe896CDeaAC9615145c0cA09C8Cd5C25bced6384c,payload_explicit_avax_address,mapped_live_code,,,,88332.7646,88332.7646,1.0,0,early drawdown stayed high,active-day density stayed low,peak arrived too early
pharaoh-cl,Pharaoh CL,1,core_eligible,0.0950514566081864,0.1319088945539681,0.0125381325669303,monitor,resilient_or_unproven,model_only,No strong terminal decay signal under current v2 definition.,missing_address,,,,,,,,,6313986.75455,6313986.75455,1.0,0,early drawdown stayed high,active-day density stayed low,peak arrived too early
pharaoh-legacy,Pharaoh Legacy,1,core_eligible,0.1033780975024263,0.1403946078764072,0.0145137274618621,monitor,resilient_or_unproven,model_only,No strong terminal decay signal under current v2 definition.,missing_address,,,,,,,,,3486041.87088,3486041.87088,1.0,0,early drawdown stayed high,active-day density stayed low,peak arrived too early
pharaoh-v3,Pharaoh V3,1,core_eligible,0.3116765866904526,0.1527114795175727,0.047596592684486,monitor,resilient_or_unproven,model_only,No strong terminal decay signal under current v2 definition.,missing_address,,,,,,,,,29598842.50312,29598842.50312,1.0,0,early drawdown stayed high,active-day density stayed low,peak arrived too early
pharaoh-v3-legacy,Pharaoh V3 Legacy,1,core_eligible,0.87242460431737,0.2286551262381922,0.1994843580334931,monitor,resilient_or_unproven,model_only,No strong terminal decay signal under current v2 definition.,missing_address,,,,,,,,,1139551.65045,1139551.65045,1.0,0,early drawdown stayed high,active-day density stayed low,peak arrived too early
phuture,Phuture,1,core_eligible,0.2070187197734491,0.143010225559986,0.0296057938099404,monitor,resilient_or_unproven,model_only,No strong terminal decay signal under current v2 definition.,missing_address,,,,,,,,,858275.15935,861499.41787,0.99625738746525,0,early drawdown stayed high,active-day density stayed low,peak arrived too early
piggy-finance,Piggy Finance,1,core_eligible,0.9957494660885454,0.9996838323353292,0.9954346423052552,terminal_risk,terminal_global_decay,model_only,Early-window terminal decay model indicates persistent decline.,missing_address,,,,,,,,,0.0,0.0,0.0,0,early drawdown stayed high,active-day density stayed low,peak arrived too early
piggybank-dao,Piggybank DAO,1,core_eligible,0.863420757454959,0.9981678175350492,0.8618388130832755,terminal_risk,terminal_global_decay,model_only,Early-window terminal decay model indicates persistent decline.,missing_address,,,,,,,,,0.0,0.0,0.0,0,early drawdown stayed high,active-day density stayed low,peak arrived too early
pinksale,PinkSale,1,core_eligible,0.0637219502280551,0.0771016345887996,0.0049130665217691,monitor,resilient_or_unproven,model_only,No strong terminal decay signal under current v2 definition.,missing_address,,,,,,,,,55242.96014,165799955.11686,0.0003331904408602,0,early drawdown stayed high,active-day density stayed low,peak arrived too early
piratedao,PirateDAO,1,core_eligible,0.9775267491457266,0.9937412282943016,0.97140863238661,terminal_risk,terminal_global_decay,model_only,Early-window terminal decay model indicates persistent decline.,missing_address,,,,,,,,,800.67862,800.67862,1.0,0,early drawdown stayed high,active-day density stayed low,peak arrived too early
platypus-finance,Platypus Finance,1,core_eligible,0.1155573580441995,0.024174171384656,0.0027935033781185,monitor,native_revival_or_threshold_boundary,address_registered,Avalanche contract address confirmed and live code detected on C-Chain.,mapped_live_code,0x22d4002028f537599be9f666d1c4fa138522f9c8,payload_field_confirmed,0x22d4002028f537599be9f666d1c4fa138522f9c8,payload_explicit_avax_address,mapped_live_code,adapter_subgraph,Adapter fetches Avalanche pool inventories from the Platypus subgraph and unwraps token balances from returned pool assets.,,46567.27869,46567.27869,1.0,0,early drawdown stayed high,active-day density stayed low,peak arrived too early
ploutos-money,Ploutos Money,1,core_eligible,,0.3446289399662097,,,resilient_or_unproven,model_only,No strong terminal decay signal under current v2 definition.,missing_address,,,,,,,,,10576.20272,18055.37566,0.5857647561125294,0,,,
polar-bear-finance,Polar Bear Finance,1,core_eligible,0.9986616892583012,0.9996838323353292,0.9983459447242122,terminal_risk,terminal_global_decay,model_only,Early-window terminal decay model indicates persistent decline.,missing_address,,,,,,,,,0.0,0.0,0.0,0,early drawdown stayed high,active-day density stayed low,peak arrived too early
poolside,Poolside,1,core_eligible,0.7742709845340296,0.8856651492349019,0.6857448270655858,terminal_risk,terminal_global_decay,model_only,Early-window terminal decay model indicates persistent decline.,missing_address,,,,,,,,,199.14263,37544.03495,0.0053042415463658,0,early drawdown stayed high,active-day density stayed low,peak arrived too early
pooltogether-v4,PoolTogether V4,1,core_eligible,0.1704199684818117,0.1023648642403894,0.017445016937492,monitor,resilient_or_unproven,model_only,No strong terminal decay signal under current v2 definition.,missing_address,,,,,,,,,16032.46694,752539.11728,0.021304496433286,0,early drawdown stayed high,active-day density stayed low,peak arrived too early
poolz-vesting,Poolz Vesting,1,core_eligible,0.9533724548685792,0.93270935957927,0.8892194118209891,terminal_risk,resilient_or_unproven,model_only,No strong terminal decay signal under current v2 definition.,missing_address,,,,,,,,,0.0,18899.81432,0.0,0,early drawdown stayed high,active-day density stayed low,peak arrived too early
prime-protocol,Prime Protocol,1,core_eligible,0.0353211199692088,0.0537800101544399,0.0018995701906102,monitor,resilient_or_unproven,model_only,No strong terminal decay signal under current v2 definition.,missing_address,,,,,,,,,32166.41056,375150.93450999993,0.0857425841202125,0,early drawdown stayed high,active-day density stayed low,peak arrived too early
printyfinance,printyfinance,1,core_eligible,0.9547401624605678,0.9877653741362626,0.9430592737757788,terminal_risk,terminal_global_decay,model_only,Early-window terminal decay model indicates persistent decline.,missing_address,,,,,,,,,1186.89352,1186.89352,1.0,0,early drawdown stayed high,active-day density stayed low,peak arrived too early
projectx,ProjectX,1,core_eligible,0.9948363397853373,0.9996838323353292,0.9945218047030578,terminal_risk,terminal_global_decay,model_only,Early-window terminal decay model indicates persistent decline.,missing_address,,,,,,,,,0.0,0.0,0.0,0,early drawdown stayed high,active-day density stayed low,peak arrived too early
pumpspace,PumpSpace,1,core_eligible,0.1378818737149349,0.2060703722147557,0.0284133690381045,monitor,resilient_or_unproven,model_only,No strong terminal decay signal under current v2 definition.,missing_address,,,,,,,,,1231513.0,1231513.0,1.0,0,early drawdown stayed high,active-day density stayed low,peak arrived too early
pyreswap,PyreSwap,1,core_eligible,0.764772158305403,0.7008107893282504,0.5359605799182792,elevated,terminal_global_decay,model_only,Early-window terminal decay model indicates persistent decline.,missing_address,,,,,,,,,5981.59895,36919.88829,0.1620156297065545,0,early drawdown stayed high,active-day density stayed low,peak arrived too early
qidao,QiDao,1,core_eligible,0.0395780059683132,0.0170544119631168,0.0006749796184623,monitor,resilient_or_unproven,model_only,No strong terminal decay signal under current v2 definition.,missing_address,,,,,,,,,132867.71223,3092526.83307,0.0429641259080362,0,early drawdown stayed high,active-day density stayed low,peak arrived too early
r-u-generous,R U Generous,1,core_eligible,0.8052516419644449,0.998118753417168,0.8037367650646794,terminal_risk,terminal_global_decay,model_only,Early-window terminal decay model indicates persistent decline.,missing_address,,,,,,,,,0.0,0.0,0.0,0,early drawdown stayed high,active-day density stayed low,peak arrived too early
radioshack,RadioShack,1,core_eligible,0.5313736580495982,0.0132273684083861,0.0070286751375338,monitor,native_revival_or_threshold_boundary,methodology_backed,Adapter defines an explicit avax factory plus Avalanche staking contracts and aggregates pair liquidity on-chain.,missing_address,,,,,,adapter_onchain_aggregate,Adapter defines an explicit avax factory plus Avalanche staking contracts and aggregates pair liquidity on-chain.,,113512.26109,510975.74986,0.2221480395519762,0,early drawdown stayed high,active-day density stayed low,peak arrived too early
ragnarokdao,RagnarokDAO,1,core_eligible,0.9865282178259602,1.0,0.9865282178259602,terminal_risk,terminal_global_decay,model_only,Early-window terminal decay model indicates persistent decline.,missing_address,,,,,,,,,0.0,0.0,0.0,0,early drawdown stayed high,active-day density stayed low,peak arrived too early
ramp,Ramp,1,core_eligible,0.9153427782220692,0.9973602549481374,0.9129265066524994,terminal_risk,terminal_global_decay,model_only,Early-window terminal decay model indicates persistent decline.,missing_address,,,,,,,,,0.0,0.0,0.0,0,early drawdown stayed high,active-day density stayed low,peak arrived too early
re7-labs,Re7 Labs,1,core_eligible,0.0531974914537331,0.0687199151073745,0.0036557270966258,monitor,resilient_or_unproven,model_only,No strong terminal decay signal under current v2 definition.,missing_address,,,,,,,,,20037875.99299,103242463.05899,0.1940856058571645,0,early drawdown stayed high,active-day density stayed low,peak arrived too early
rehold-v1,ReHold V1,1,core_eligible,0.5702654299893455,0.9910953093458784,0.5651873927445508,elevated,terminal_global_decay,model_only,Early-window terminal decay model indicates persistent decline.,missing_address,,,,,,,,,0.0,0.14031,0.0,0,early drawdown stayed high,active-day density stayed low,peak arrived too early
rehold-v2,ReHold V2,1,core_eligible,0.1622073414076041,0.9211194120207652,0.1494123309428238,monitor,resilient_or_unproven,model_only,No strong terminal decay signal under current v2 definition.,missing_address,,,,,,,,,0.88033,14.37482,0.0612411146713489,0,early drawdown stayed high,active-day density stayed low,peak arrived too early
reservoir,Reservoir,1,core_eligible,0.6848015816300022,0.9814949155561632,0.6721292705346659,terminal_risk,terminal_global_decay,model_only,Early-window terminal decay model indicates persistent decline.,missing_address,,,,,,,,,17.20546,17.20546,1.0,0,early drawdown stayed high,active-day density stayed low,peak arrived too early
return-finance,Return Finance,1,core_eligible,0.9447792577465582,0.9986890130353818,0.9435406644552108,terminal_risk,terminal_global_decay,model_only,Early-window terminal decay model indicates persistent decline.,missing_address,,,,,,,,,0.05293,257.03934,0.0002059217861359,0,early drawdown stayed high,active-day density stayed low,peak arrived too early
revest-finance,Revest Finance,1,core_eligible,0.9065368336778428,0.8617435266590769,0.7812022480998972,terminal_risk,terminal_global_decay,model_only,Early-window terminal decay model indicates persistent decline.,missing_address,,,,,,,,,7.194,90470.48027,7.951765016091694e-05,0,early drawdown stayed high,active-day density stayed low,peak arrived too early
ribbon,Ribbon,1,core_eligible,0.5884955465865281,0.0235070535822576,0.0138337963465295,monitor,native_revival_or_threshold_boundary,methodology_backed,Adapter sums totalBalance across Ribbon Theta Vaults and exports a shared EVM methodology that includes Avalanche coverage.,missing_address,,,,,,adapter_onchain_aggregate,Adapter sums totalBalance across Ribbon Theta Vaults and exports a shared EVM methodology that includes Avalanche coverage.,,80677.9647,3619171.38654,0.022291833152762,0,early drawdown stayed high,active-day density stayed low,peak arrived too early
ripae,Ripae,1,core_eligible,0.9917162270365067,0.9969672277598256,0.98870857759302,terminal_risk,terminal_global_decay,model_only,Early-window terminal decay model indicates persistent decline.,missing_address,,,,,,,,,0.0,0.0,0.0,0,early drawdown stayed high,active-day density stayed low,peak arrived too early
risk-harbor,Risk Harbor,1,core_eligible,0.2954757690734314,0.5509464512535596,0.1627913264024233,monitor,resilient_or_unproven,model_only,No strong terminal decay signal under current v2 definition.,missing_address,,,,,,,,,1734.08486,38719.40077,0.0447859425898857,0,early drawdown stayed high,active-day density stayed low,peak arrived too early
robo-vault,Robo-Vault,1,core_eligible,0.607956727425996,0.98382112093434,0.5981206690558164,elevated,terminal_global_decay,model_only,Early-window terminal decay model indicates persistent decline.,missing_address,,,,,,,,,1824.01214,3799.72537,0.4800378875802805,0,early drawdown stayed high,active-day density stayed low,peak arrived too early
royco-v2,Royco V2,1,core_eligible,,0.2447684086314331,,,resilient_or_unproven,model_only,No strong terminal decay signal under current v2 definition.,missing_address,,,,,,,,,4528144.60045,10243337.974909998,0.4420575218294294,0,,,
rubydex,RubyDex,1,core_eligible,0.8290752882091419,0.9952460702582114,0.8251339225383425,terminal_risk,terminal_global_decay,model_only,Early-window terminal decay model indicates persistent decline.,missing_address,,,,,,,,,0.0,24.13845,0.0,0,early drawdown stayed high,active-day density stayed low,peak arrived too early
salvor,Salvor,1,core_eligible,0.1406401270142235,0.1292106317339125,0.0181721996586455,monitor,resilient_or_unproven,model_only,No strong terminal decay signal under current v2 definition.,missing_address,,,,,,,,,469465.41849,469465.41849,1.0,0,early drawdown stayed high,active-day density stayed low,peak arrived too early
sashimidao,SashimiDAO,1,core_eligible,0.9941348152115952,0.9992542372881356,0.9933934265358444,terminal_risk,terminal_global_decay,model_only,Early-window terminal decay model indicates persistent decline.,missing_address,,,,,,,,,1.44295,1.44295,1.0,0,early drawdown stayed high,active-day density stayed low,peak arrived too early
seafi,SeaFi,1,core_eligible,0.1947553290692744,0.1279393398964224,0.0249168682424335,monitor,resilient_or_unproven,model_only,No strong terminal decay signal under current v2 definition.,missing_address,,,,,,,,,292308.21495,292308.21495,1.0,0,early drawdown stayed high,active-day density stayed low,peak arrived too early
secondswap,SecondSwap,1,core_eligible,,0.7230176714418864,,,resilient_or_unproven,model_only,No strong terminal decay signal under current v2 definition.,missing_address,,,,,,,,,79.36017,1981344.34033,4.005369908936792e-05,0,,,
secured-finance-lending,Secured Finance Lending,1,core_eligible,0.6332556830040728,0.1052312274197994,0.066638272793082,monitor,multichain_relocation,address_registered,Avalanche contract address confirmed and live code detected on C-Chain.,mapped_live_code,0xB74749b2213916b1dA3b869E41c7c57f1db69393,adapter_source,0xB74749b2213916b1dA3b869E41c7c57f1db69393,avax_token_vault,mapped_live_code,,,address_unavailable,204.03477,433442.26044,0.0004707311414278,1,early drawdown stayed high,active-day density stayed low,peak arrived too early
securo-finance,Securo Finance,1,core_eligible,0.9391805521038412,0.9920425363106068,0.9317070569626904,terminal_risk,terminal_global_decay,model_only,Early-window terminal decay model indicates persistent decline.,missing_address,,,,,,,,,17.0,36.0,0.4722222222222222,0,early drawdown stayed high,active-day density stayed low,peak arrived too early
sherpa-cash,Sherpa Cash,1,core_eligible,0.7224970474851464,0.0253654304459466,0.0183264486053862,monitor,native_revival_or_threshold_boundary,address_registered,Avalanche contract address confirmed and live code detected on C-Chain.,mapped_live_code,0xa5e59761ebd4436fa4d20e1a27cba29fb2471fc6,payload_field_confirmed,0xa5e59761ebd4436fa4d20e1a27cba29fb2471fc6,payload_explicit_avax_address,mapped_live_code,,,,14788.2236,14788.2236,1.0,0,early drawdown stayed high,active-day density stayed low,peak arrived too early
sierra,Sierra,1,core_eligible,0.9942751701581198,0.991172596750831,0.985498302290498,terminal_risk,terminal_global_decay,model_only,Early-window terminal decay model indicates persistent decline.,missing_address,,,,,,,,,842.25292,842.25292,1.0,0,early drawdown stayed high,active-day density stayed low,peak arrived too early
sierra-protocol,Sierra Protocol,1,core_eligible,0.5005749484443756,0.2191387390023318,0.1096953629782577,monitor,resilient_or_unproven,model_only,No strong terminal decay signal under current v2 definition.,missing_address,,,,,,,,,4790973.14188,4790973.14188,1.0,0,early drawdown stayed high,active-day density stayed low,peak arrived too early
silo-v2,Silo V2,1,core_eligible,0.0484986813633349,0.108124623699323,0.0052439016723239,monitor,resilient_or_unproven,model_only,No strong terminal decay signal under current v2 definition.,missing_address,,,,,,,,,9070465.1262,45038011.27053,0.2013957737102644,0,early drawdown stayed high,active-day density stayed low,peak arrived too early
singular-farm,Singular Farm,1,core_eligible,0.7278004954820033,0.7304877878990973,0.5316493739765156,elevated,terminal_global_decay,model_only,Early-window terminal decay model indicates persistent decline.,missing_address,,,,,,,,,3916.68297,22318.71617,0.1754887216704992,0,early drawdown stayed high,active-day density stayed low,peak arrived too early
smartcoin,SmartCoin,1,core_eligible,0.9969793546416206,0.9996838323353292,0.9966641420073388,terminal_risk,terminal_global_decay,model_only,Early-window terminal decay model indicates persistent decline.,missing_address,,,,,,,,,0.0,0.0,0.0,0,early drawdown stayed high,active-day density stayed low,peak arrived too early
snowball,Snowball,1,core_eligible,0.2809844760292235,0.0106802450771669,0.0030009830668714,monitor,resilient_or_unproven,model_only,No strong terminal decay signal under current v2 definition.,missing_address,,,,,,,,,308229.11437,308229.11437,1.0,0,early drawdown stayed high,active-day density stayed low,peak arrived too early
snowbank,Snowbank,1,core_eligible,0.7170551379158605,0.9945058328841968,0.7131155171569054,terminal_risk,terminal_global_decay,model_only,Early-window terminal decay model indicates persistent decline.,missing_address,,,,,,,,,0.0,0.0,0.0,0,early drawdown stayed high,active-day density stayed low,peak arrived too early
snowcatdao,SnowCatDAO,1,core_eligible,0.986478195885108,0.9975065266654248,0.9840184388085286,terminal_risk,terminal_global_decay,model_only,Early-window terminal decay model indicates persistent decline.,missing_address,,,,,,,,,0.0,0.0,0.0,0,early drawdown stayed high,active-day density stayed low,peak arrived too early
snowdog,Snowdog,1,core_eligible,0.9791650882575568,0.9964201069123384,0.975659781926424,terminal_risk,terminal_global_decay,model_only,Early-window terminal decay model indicates persistent decline.,missing_address,,,,,,,,,0.29157,0.29157,1.0,0,early drawdown stayed high,active-day density stayed low,peak arrived too early
snowtomb,Snowtomb,1,core_eligible,0.9986655543954316,0.9996838323353292,0.9983498086393114,terminal_risk,terminal_global_decay,model_only,Early-window terminal decay model indicates persistent decline.,missing_address,,,,,,,,,0.0,0.0,0.0,0,early drawdown stayed high,active-day density stayed low,peak arrived too early
snowyowl,Snowyowl,1,core_eligible,0.9986623024962872,0.9996838323353292,0.9983465577683124,terminal_risk,terminal_global_decay,model_only,Early-window terminal decay model indicates persistent decline.,missing_address,,,,,,,,,0.0,0.0,0.0,0,early drawdown stayed high,active-day density stayed low,peak arrived too early
solisnek-finance,SoliSnek Finance,1,core_eligible,0.7976746659163136,0.9573725388025872,0.7636718200468068,terminal_risk,terminal_global_decay,model_only,Early-window terminal decay model indicates persistent decline.,missing_address,,,,,,,,,9327.55964,9327.55964,1.0,0,early drawdown stayed high,active-day density stayed low,peak arrived too early
solv-strategies,Solv Strategies,1,core_eligible,0.0632315091217901,0.0936566158499426,0.0059220491594316,monitor,resilient_or_unproven,model_only,No strong terminal decay signal under current v2 definition.,missing_address,,,,,,,,,13582729.6996,55962894.62075,0.2427095630354291,0,early drawdown stayed high,active-day density stayed low,peak arrived too early
soulswap,SoulSwap,1,core_eligible,0.755100801145415,0.9914612568256604,0.7486531893336963,terminal_risk,terminal_global_decay,model_only,Early-window terminal decay model indicates persistent decline.,missing_address,,,,,,,,,188.00008,2346.61025,0.0801155965290785,0,early drawdown stayed high,active-day density stayed low,peak arrived too early
spark-liquidity-layer,Spark Liquidity Layer,1,core_eligible,0.1736924330667292,0.1226080727444172,0.0212960944686003,monitor,resilient_or_unproven,model_only,No strong terminal decay signal under current v2 definition.,missing_address,,,,,,,,,10002098.66212,1465787143.3164,0.0068237047293851,0,early drawdown stayed high,active-day density stayed low,peak arrived too early
spark-savings,Spark Savings,1,core_eligible,0.3370853636558153,0.1073429327754143,0.0361837315304822,monitor,resilient_or_unproven,model_only,No strong terminal decay signal under current v2 definition.,missing_address,,,,,,,,,182441926.14557,1437126462.78224,0.1269491105134666,0,early drawdown stayed high,active-day density stayed low,peak arrived too early
spectra-v2,Spectra V2,1,core_eligible,0.0727590322418395,0.1005842322235345,0.0073184113953728,monitor,resilient_or_unproven,model_only,No strong terminal decay signal under current v2 definition.,missing_address,,,,,,,,,4715169.85942,28746787.94772,0.1640242335246354,0,early drawdown stayed high,active-day density stayed low,peak arrived too early
spice-trade,Spice Trade,1,core_eligible,0.8514917387429966,0.9861022980585183,0.8396579603523125,terminal_risk,terminal_global_decay,model_only,Early-window terminal decay model indicates persistent decline.,missing_address,,,,,,,,,2493.64468,8995.345249999998,0.2772150051717026,0,early drawdown stayed high,active-day density stayed low,peak arrived too early
spicy-dao,Spicy DAO,1,core_eligible,0.9847617981277874,0.9960723603139192,0.9808940086081246,terminal_risk,terminal_global_decay,model_only,Early-window terminal decay model indicates persistent decline.,missing_address,,,,,,,,,272.16475,272.16475,1.0,0,early drawdown stayed high,active-day density stayed low,peak arrived too early
spiritdao,SpiritDAO,1,core_eligible,0.5896878299572264,0.9746627211804564,0.5747467449931085,elevated,terminal_global_decay,model_only,Early-window terminal decay model indicates persistent decline.,missing_address,,,,,,,,,2011.69528,2011.69528,1.0,0,early drawdown stayed high,active-day density stayed low,peak arrived too early
stabilize,Stabilize,1,core_eligible,0.8884736108162747,0.0490683927168415,0.0435959720540831,monitor,native_revival_or_threshold_boundary,weak_onchain_support,"Avalanche contract shows activity within the last 65,536 blocks.",mapped_live_code,0x37d87e316CB4e35163881fDb6c6Bc0CdBa91dc0A,address_field_avax,,,,,,revival_weak_evidence,19552.07517,19552.07517,1.0,0,early drawdown stayed high,active-day density stayed low,peak arrived too early
stable-jack-v1,Stable Jack V1,1,core_eligible,0.1615431326858158,0.1334769239660392,0.0215622804387404,monitor,resilient_or_unproven,model_only,No strong terminal decay signal under current v2 definition.,missing_address,,,,,,,,,1629502.68521,1629502.68521,1.0,0,early drawdown stayed high,active-day density stayed low,peak arrived too early
stable-jack-v2,Stable Jack V2,1,core_eligible,0.0845930275192948,0.7584011402151261,0.0641554485248827,monitor,resilient_or_unproven,model_only,No strong terminal decay signal under current v2 definition.,missing_address,,,,,,,,,2792.78744,12766.63845,0.2187566798368916,0,early drawdown stayed high,active-day density stayed low,peak arrived too early
stackfi,StackFi,1,core_eligible,0.9464527034945968,0.9825066344832026,0.9298960604080048,terminal_risk,resilient_or_unproven,model_only,No strong terminal decay signal under current v2 definition.,missing_address,,,,,,,,,638.55592,650.1932,0.98210181219982,0,early drawdown stayed high,active-day density stayed low,peak arrived too early
stake-dao,Stake DAO,1,core_eligible,0.1448527999852054,0.0372724004329097,0.0053990115648767,monitor,native_revival_or_threshold_boundary,methodology_backed,Adapter has an explicit avax export and aggregates strategy balances through Stake DAO locker and strategy endpoints.,missing_address,,,,,,adapter_onchain_aggregate,Adapter has an explicit avax export and aggregates strategy balances through Stake DAO locker and strategy endpoints.,,209764.18038,170329500.96591002,0.0012315199609607,0,early drawdown stayed high,active-day density stayed low,peak arrived too early
steadefi,Steadefi,1,core_eligible,0.5318562845548166,0.9845208322039106,0.523623591882788,elevated,terminal_global_decay,model_only,Early-window terminal decay model indicates persistent decline.,missing_address,,,,,,,,,3.30143,576.13068,0.0057303492325734,0,early drawdown stayed high,active-day density stayed low,peak arrived too early
steakhut,SteakHut,1,core_eligible,0.093507050897647,0.9047432927238614,0.0845998771220349,monitor,resilient_or_unproven,model_only,No strong terminal decay signal under current v2 definition.,missing_address,,,,,,,,,0.0,0.0,0.0,0,early drawdown stayed high,active-day density stayed low,peak arrived too early
steakhut-liquidity,SteakHut Liquidity,1,core_eligible,0.1257223472169441,0.1672855626537198,0.0210315335923328,monitor,resilient_or_unproven,model_only,No strong terminal decay signal under current v2 definition.,missing_address,,,,,,,,,58319.49596,62692.18278,0.9302514823045056,0,early drawdown stayed high,active-day density stayed low,peak arrived too early
steer-protocol,Steer Protocol,1,core_eligible,0.4995320711130812,0.0340134112438271,0.0169907897642499,monitor,multichain_relocation,methodology_backed,Adapter relies on chain-specific subgraph endpoints for TVL.,missing_address,,,,,,adapter_subgraph,Adapter relies on chain-specific subgraph endpoints for TVL.,,1374.47132,26088285.674150005,5.268538290202476e-05,1,early drawdown stayed high,active-day density stayed low,peak arrived too early
stonedefi,StoneDefi,1,core_eligible,0.6401985538470107,0.1610660312153313,0.1031142402579325,monitor,native_revival_or_threshold_boundary,address_registered,Avalanche contract address confirmed and live code detected on C-Chain.,mapped_live_code,0x9BC91eAAb1380D3a40320B1b282b6f06e2F31Acf,adapter_source,0x9BC91eAAb1380D3a40320B1b282b6f06e2F31Acf,avax_vault_from_adapter,mapped_live_code,adapter_onchain_aggregate,Adapter defines an explicit avax vault set and calculates TVL from ERC4626 totalAssets across Avalanche vault contracts.,no_code_on_avax,12124.19951,71483.96455,0.1696072620807095,0,early drawdown stayed high,active-day density stayed low,peak arrived too early
stormswap,StormSwap,1,core_eligible,,0.9333504885581064,,,resilient_or_unproven,model_only,No strong terminal decay signal under current v2 definition.,missing_address,,,,,,,,,8176.13153,9051.26644,0.9033135400663336,0,,,
struct-finance,Struct Finance,1,core_eligible,0.2353390897558223,0.0155461706591556,0.0036586216521143,monitor,native_revival_or_threshold_boundary,methodology_backed,Adapter enumerates Avalanche Struct vaults and sums underlying token balances across product and yield-source contracts.,missing_address,,,,,,adapter_onchain_aggregate,Adapter enumerates Avalanche Struct vaults and sums underlying token balances across product and yield-source contracts.,,20357.63665,20357.63665,1.0,0,early drawdown stayed high,active-day density stayed low,peak arrived too early
stryke-ssov,Stryke SSOV,1,core_eligible,0.9141413544347172,0.968124547608392,0.8850026852122334,terminal_risk,terminal_global_decay,model_only,Early-window terminal decay model indicates persistent decline.,missing_address,,,,,,,,,0.0,11044.81295,0.0,0,early drawdown stayed high,active-day density stayed low,peak arrived too early
subzero+,Subzero+,1,core_eligible,0.9975502529818638,0.9996838323353292,0.9972348598479868,terminal_risk,terminal_global_decay,model_only,Early-window terminal decay model indicates persistent decline.,missing_address,,,,,,,,,0.0,0.0,0.0,0,early drawdown stayed high,active-day density stayed low,peak arrived too early
subzero-zswap,Subzero ZSwap,1,core_eligible,0.5932648239740566,0.9625919771079074,0.5710719598577618,elevated,resilient_or_unproven,model_only,No strong terminal decay signal under current v2 definition.,missing_address,,,,,,,,,1611.74715,1611.74715,1.0,0,early drawdown stayed high,active-day density stayed low,peak arrived too early
superform,Superform,1,core_eligible,0.2770149173058925,0.0170484079122598,0.0047226633080117,monitor,avax_side_decay_but_globally_alive,address_registered,"Avalanche contract address confirmed and live code detected on C-Chain, while Avalanche share remains materially weaker than global TVL.",mapped_live_code,0xD85ec15A9F814D6173bF1a89273bFB3964aAdaEC,adapter_source,0xD85ec15A9F814D6173bF1a89273bFB3964aAdaEC,avax_factory_from_adapter,mapped_live_code,adapter_onchain_aggregate,"Adapter defines explicit avax support, enumerates Superform vaults from the factory and sums underlying asset balances on-chain.",,2980.87048,33213140.89469,8.974973157316088e-05,1,early drawdown stayed high,active-day density stayed low,peak arrived too early
sushi-bentobox,Sushi BentoBox,1,core_eligible,0.018661814503661,0.0585153205329499,0.0010920020574081,monitor,avax_side_decay_but_globally_alive,address_registered,"Avalanche contract address confirmed and live code detected on C-Chain, while Avalanche share remains materially weaker than global TVL.",mapped_live_code,0x0711b6026068f736bae6b213031fce978d48e026,adapter_source,0x0711b6026068f736bae6b213031fce978d48e026,avax_bentobox_from_adapter,mapped_live_code,adapter_subgraph,"Adapter defines Avalanche BentoBox, Furo, Kashi and Trident subgraphs; top-level avax export intentionally zeros direct BentoBox TVL to avoid double counting child protocols.",,0.0,2910360.65165,0.0,1,early drawdown stayed high,active-day density stayed low,peak arrived too early
sushi-kashi,Sushi Kashi,1,core_eligible,0.5469599591860079,0.0580042449969513,0.0317259994761477,monitor,multichain_relocation,address_registered,Avalanche contract address confirmed and live code detected on C-Chain.,mapped_live_code,0x0711b6026068f736bae6b213031fce978d48e026,adapter_source,0x0711b6026068f736bae6b213031fce978d48e026,avax_bentobox,mapped_live_code,adapter_subgraph,Adapter uses Avalanche Kashi subgraph and Avalanche BentoBox address for TVL and borrowed state.,no_code_on_avax,1441.58292,142338.75280000002,0.0101278316104509,1,early drawdown stayed high,active-day density stayed low,peak arrived too early
sushi-trident,Sushi Trident,1,core_eligible,0.2069146827366141,0.1043312419104133,0.0215876658194101,monitor,multichain_relocation,methodology_backed,Adapter fetches TVL from Trident subgraphs rather than a single Avalanche contract.,missing_address,,,,,,adapter_subgraph,Adapter fetches TVL from Trident subgraphs rather than a single Avalanche contract.,,0.0,274513.67626,0.0,1,early drawdown stayed high,active-day density stayed low,peak arrived too early
sushiswap,SushiSwap,1,core_eligible,0.049822982356284,0.0521775710193596,0.0025996422002913,monitor,resilient_or_unproven,model_only,No strong terminal decay signal under current v2 definition.,missing_address,,,,,,,,,55299.27793,42497032.19267999,0.0013012503480072,0,early drawdown stayed high,active-day density stayed low,peak arrived too early
sushiswap-v3,SushiSwap V3,1,core_eligible,0.135010815491793,0.1037231342121622,0.0140037449353487,monitor,resilient_or_unproven,model_only,No strong terminal decay signal under current v2 definition.,missing_address,,,,,,,,,34956.35305,84130277.98989001,0.000415502645245,0,early drawdown stayed high,active-day density stayed low,peak arrived too early
suzaku,Suzaku,1,core_eligible,0.1461122770589147,0.145637054697995,0.0212793616860777,monitor,resilient_or_unproven,model_only,No strong terminal decay signal under current v2 definition.,missing_address,,,,,,,,,1357231.79622,1357231.79622,1.0,0,early drawdown stayed high,active-day density stayed low,peak arrived too early
swapsicle-v1,Swapsicle V1,1,core_eligible,0.1041423585319516,0.0788891121016184,0.008215698196754,monitor,native_revival_or_threshold_boundary,address_registered,Avalanche contract address confirmed and live code detected on C-Chain.,mapped_live_code,0x240248628B7B6850352764C5dFa50D1592A033A8,payload_field_confirmed,0x240248628B7B6850352764C5dFa50D1592A033A8,payload_explicit_avax_address,mapped_live_code,adapter_onchain_aggregate,Adapter uses Avalanche factory and staking contracts to aggregate TVL and staking balances on-chain.,,18693.30963,19203.51707,0.9734315626590582,0,early drawdown stayed high,active-day density stayed low,peak arrived too early
swift-finance,Swift Finance,1,core_eligible,0.8166704092654933,0.9856353262397124,0.8049392052667139,terminal_risk,terminal_global_decay,model_only,Early-window terminal decay model indicates persistent decline.,missing_address,,,,,,,,,768.51282,768.51282,1.0,0,early drawdown stayed high,active-day density stayed low,peak arrived too early
swing-dao,Swing DAO,1,core_eligible,0.9123722107701314,0.9975864671342058,0.9101701704536004,terminal_risk,terminal_global_decay,model_only,Early-window terminal decay model indicates persistent decline.,missing_address,,,,,,,,,0.02069,0.02069,1.0,0,early drawdown stayed high,active-day density stayed low,peak arrived too early
symphony-finance,Symphony Finance,1,core_eligible,0.736201623947459,0.9752284264962636,0.7179647513062746,terminal_risk,terminal_global_decay,model_only,Early-window terminal decay model indicates persistent decline.,missing_address,,,,,,,,,352.56038,853.52017,0.4130662547787242,0,early drawdown stayed high,active-day density stayed low,peak arrived too early
tarina,Tarina,1,core_eligible,0.1798961042916363,0.9065745654618744,0.1630892325764742,monitor,resilient_or_unproven,model_only,No strong terminal decay signal under current v2 definition.,missing_address,,,,,,,,,52.42921,52.42921,1.0,0,early drawdown stayed high,active-day density stayed low,peak arrived too early
tarot,Tarot,1,core_eligible,0.2564668424383394,0.0134196926659747,0.0034417062045354,monitor,multichain_relocation,address_registered,Avalanche contract address confirmed and live code detected on C-Chain.,mapped_live_code,0x36Df0A76a124d8b2205fA11766eC2eFF8Ce38A35,adapter_source,0x36Df0A76a124d8b2205fA11766eC2eFF8Ce38A35,avax_factory,mapped_live_code,,,,6844.25188,573623.8573599999,0.0119316025513642,1,early drawdown stayed high,active-day density stayed low,peak arrived too early
team-finance,Team Finance,1,core_eligible,0.0569191065796895,0.08685941847005,0.0049439604973466,monitor,resilient_or_unproven,model_only,No strong terminal decay signal under current v2 definition.,missing_address,,,,,,,,,430493.34454,48825934.12943,0.008816899301892,0,early drawdown stayed high,active-day density stayed low,peak arrived too early
teddy-cash,Teddy Cash,1,core_eligible,0.7638119362338369,0.057585811442716,0.0439847301376575,monitor,native_revival_or_threshold_boundary,weak_onchain_support,"Avalanche contract shows activity within the last 57,344 blocks.",mapped_live_code,0x094bd7B2D99711A1486FB94d4395801C6d0fdDcC,address_field_avax,,,,,,revival_weak_evidence,14000.89466,14000.89466,1.0,0,early drawdown stayed high,active-day density stayed low,peak arrived too early
tempodao,TempoDAO,1,core_eligible,0.8873224473549728,0.9962750267515168,0.884017194975797,terminal_risk,terminal_global_decay,model_only,Early-window terminal decay model indicates persistent decline.,missing_address,,,,,,,,,3.39632,3.39632,1.0,0,early drawdown stayed high,active-day density stayed low,peak arrived too early
termfinance-lend,TermFinance Lend,1,core_eligible,0.1084415271604729,0.5511109946151654,0.0597633178909957,monitor,resilient_or_unproven,model_only,No strong terminal decay signal under current v2 definition.,missing_address,,,,,,,,,0.0,1855209.02352,0.0,0,early drawdown stayed high,active-day density stayed low,peak arrived too early
termfinance-vaults,TermFinance Vaults,1,core_eligible,0.7067501698727826,0.1563961897357053,0.1105330336631656,monitor,resilient_or_unproven,model_only,No strong terminal decay signal under current v2 definition.,missing_address,,,,,,,,,1384873.99908,15160463.86346,0.0913477325992541,0,early drawdown stayed high,active-day density stayed low,peak arrived too early
the-dragons-lair,The Dragon's Lair,1,core_eligible,0.9781462807350008,0.9809978719480767,0.959559419854962,terminal_risk,terminal_global_decay,model_only,Early-window terminal decay model indicates persistent decline.,missing_address,,,,,,,,,78.67273,78.67273,1.0,0,early drawdown stayed high,active-day density stayed low,peak arrived too early
the-ennead-farm,The Ennead Farm,1,core_eligible,0.9888585095762308,0.9933699468508136,0.9823023251007154,terminal_risk,terminal_global_decay,model_only,Early-window terminal decay model indicates persistent decline.,missing_address,,,,,,,,,62.93052,3718.9872,0.0169214134428857,0,early drawdown stayed high,active-day density stayed low,peak arrived too early
the-seed-farm,The Seed Farm,1,core_eligible,0.8862596182243536,0.9824403544852452,0.870697213494292,terminal_risk,terminal_global_decay,model_only,Early-window terminal decay model indicates persistent decline.,missing_address,,,,,,,,,1947.86712,1947.86712,1.0,0,early drawdown stayed high,active-day density stayed low,peak arrived too early
thetanuts-finance,Thetanuts Finance,1,core_eligible,0.0808993359846399,0.0071607742525045,0.0005793018821635,monitor,native_revival_or_threshold_boundary,methodology_backed,Adapter documents Avalanche vault coverage and counts funds deposited into Thetanuts Avalanche vaults and products.,missing_address,,,,,,adapter_onchain_aggregate,Adapter documents Avalanche vault coverage and counts funds deposited into Thetanuts Avalanche vaults and products.,,41293.25382,867571.50266,0.047596369513514,0,early drawdown stayed high,active-day density stayed low,peak arrived too early
thor-financial,Thor Financial,1,core_eligible,0.9948363397853373,0.9996838323353292,0.9945218047030578,terminal_risk,terminal_global_decay,model_only,Early-window terminal decay model indicates persistent decline.,missing_address,,,,,,,,,0.0,0.0,0.0,0,early drawdown stayed high,active-day density stayed low,peak arrived too early
thorchain-dex,Thorchain DEX,1,core_eligible,0.0290173803834809,0.0610609768128436,0.0017718295907651,monitor,resilient_or_unproven,model_only,No strong terminal decay signal under current v2 definition.,missing_address,,,,,,,,,1006768.09347,65529398.338740006,0.015363609601079,0,early drawdown stayed high,active-day density stayed low,peak arrived too early
thorusfi,ThorusFi,1,core_eligible,0.8714914773636078,0.0815478388330471,0.0710682465404216,monitor,native_revival_or_threshold_boundary,onchain_supported,Avalanche contract active in short windows (1 / 1 recent logs).,mapped_live_code,0xAE4AA155D2987B454C29450ef4f862CF00907B61,address_field_avax,,,,,,revival_supported,12697.07777,12838.2832,0.989001221752142,0,early drawdown stayed high,active-day density stayed low,peak arrived too early
token-mill,Token Mill,1,core_eligible,0.2058949764794846,0.154088691343595,0.031726087479944,monitor,resilient_or_unproven,model_only,No strong terminal decay signal under current v2 definition.,missing_address,,,,,,,,,40862.3777,69025.07559,0.5919932336288515,0,early drawdown stayed high,active-day density stayed low,peak arrived too early
tokensfarm,TokensFarm,1,core_eligible,0.8977809509742966,1.0,0.8977809509742966,terminal_risk,terminal_global_decay,model_only,Early-window terminal decay model indicates persistent decline.,missing_address,,,,,,,,,0.0,0.0,0.0,0,early drawdown stayed high,active-day density stayed low,peak arrived too early
topshelf,TopShelf,1,core_eligible,0.4811858740329392,0.6902370837342532,0.3321323344266136,monitor,terminal_global_decay,model_only,Early-window terminal decay model indicates persistent decline.,missing_address,,,,,,,,,2082.26258,22824.23244,0.0912303441298112,0,early drawdown stayed high,active-day density stayed low,peak arrived too early
tornadao,Tornadao,1,core_eligible,0.9420148042068032,0.990263534578142,0.9328429096387651,terminal_risk,terminal_global_decay,model_only,Early-window terminal decay model indicates persistent decline.,missing_address,,,,,,,,,7.09314,7.09314,1.0,0,early drawdown stayed high,active-day density stayed low,peak arrived too early
tornado-cash,Tornado Cash,1,core_eligible,0.0710319141966308,0.100052655435002,0.0071069316360041,monitor,resilient_or_unproven,model_only,No strong terminal decay signal under current v2 definition.,missing_address,,,,,,,,,45522.78469,474258150.5947701,9.598735337054217e-05,0,early drawdown stayed high,active-day density stayed low,peak arrived too early
tranche-finance,Tranche Finance,1,core_eligible,0.9182670974089276,0.8651207226739379,0.7944118949181107,terminal_risk,terminal_global_decay,model_only,Early-window terminal decay model indicates persistent decline.,missing_address,,,,,,,,,36.40441,33284.35413000001,0.0010937394145553,0,early drawdown stayed high,active-day density stayed low,peak arrived too early
treehouse-finance,TreeHouse Finance,1,core_eligible,0.9920547046945922,0.9985189340813464,0.9905854062820292,terminal_risk,terminal_global_decay,model_only,Early-window terminal decay model indicates persistent decline.,missing_address,,,,,,,,,29.06204,29.06204,1.0,0,early drawdown stayed high,active-day density stayed low,peak arrived too early
treehouse-protocol,Treehouse Protocol,1,core_eligible,0.1341822475306562,0.1155470836400099,0.0155043673784292,monitor,resilient_or_unproven,model_only,No strong terminal decay signal under current v2 definition.,missing_address,,,,,,,,,7929144.48192,153633227.21288002,0.051610869769292,0,early drawdown stayed high,active-day density stayed low,peak arrived too early
tulipa-capital,Tulipa Capital,1,core_eligible,0.4518959197064199,0.1007283549539196,0.0455187326024162,monitor,resilient_or_unproven,model_only,No strong terminal decay signal under current v2 definition.,missing_address,,,,,,,,,4165821.91345,51236727.57526,0.0813053860110592,0,early drawdown stayed high,active-day density stayed low,peak arrived too early
turtle-club,Turtle Club,1,core_eligible,0.1436972531233377,0.0896876251241956,0.0128878653695025,monitor,resilient_or_unproven,model_only,No strong terminal decay signal under current v2 definition.,missing_address,,,,,,,,,4395630.84407,5351172.191199999,0.8214332649019617,0,early drawdown stayed high,active-day density stayed low,peak arrived too early
umami-finance,Umami Finance,1,core_eligible,0.9244738432264524,0.8066767434942116,0.7457515492994928,terminal_risk,terminal_global_decay,model_only,Early-window terminal decay model indicates persistent decline.,missing_address,,,,,,,,,0.0,567703.66826,0.0,0,early drawdown stayed high,active-day density stayed low,peak arrived too early
uncx-network-v2,UNCX Network V2,1,core_eligible,0.1529868370840225,0.0483046326029581,0.0073899729584323,monitor,resilient_or_unproven,model_only,No strong terminal decay signal under current v2 definition.,missing_address,,,,,,,,,95614.00922,121950156.71672,0.000784041708467,0,early drawdown stayed high,active-day density stayed low,peak arrived too early
unifi,UniFi,1,core_eligible,0.5817763063908736,0.9605030777299136,0.5587979328387753,elevated,terminal_global_decay,model_only,Early-window terminal decay model indicates persistent decline.,missing_address,,,,,,,,,152.67592,3593.63599,0.0424850820797795,0,early drawdown stayed high,active-day density stayed low,peak arrived too early
uniswap-v2,Uniswap V2,1,core_eligible,0.1447994884452238,0.1282595941568126,0.0185719236220984,monitor,resilient_or_unproven,model_only,No strong terminal decay signal under current v2 definition.,missing_address,,,,,,,,,138405.39707,900674907.5076401,0.0001536685389104,0,early drawdown stayed high,active-day density stayed low,peak arrived too early
uniswap-v3,Uniswap V3,1,core_eligible,0.0250778291027582,0.103574126460727,0.0025974142428495,monitor,resilient_or_unproven,model_only,No strong terminal decay signal under current v2 definition.,missing_address,,,,,,,,,4660072.41775,1588550134.9854398,0.0029335381459601,0,early drawdown stayed high,active-day density stayed low,peak arrived too early
uniswap-v4,Uniswap V4,1,core_eligible,0.3264318122307688,0.1370300433989005,0.0447309653967639,monitor,resilient_or_unproven,model_only,No strong terminal decay signal under current v2 definition.,missing_address,,,,,,,,,593803.17141,639040871.0537,0.0009292100056619,0,early drawdown stayed high,active-day density stayed low,peak arrived too early
uno-farm,UNO farm,1,core_eligible,0.9199491558948188,0.9967094136906804,0.9169219837971612,terminal_risk,terminal_global_decay,model_only,Early-window terminal decay model indicates persistent decline.,missing_address,,,,,,,,,115.15543,2947.70558,0.0390661234220006,0,early drawdown stayed high,active-day density stayed low,peak arrived too early
upshift,Upshift,1,core_eligible,0.0412775626166475,0.0945520877494125,0.0039028797226111,monitor,resilient_or_unproven,model_only,No strong terminal decay signal under current v2 definition.,missing_address,,,,,,,,,1346470.23376,316056390.00306,0.0042602215185301,0,early drawdown stayed high,active-day density stayed low,peak arrived too early
vacus-finance,Vacus Finance,1,core_eligible,0.9131954448002392,0.9954611512683996,0.9090505888139042,terminal_risk,resilient_or_unproven,model_only,No strong terminal decay signal under current v2 definition.,missing_address,,,,,,,,,0.8179,0.8179,1.0,0,early drawdown stayed high,active-day density stayed low,peak arrived too early
valhalladao,ValhallaDAO,1,core_eligible,0.9888577591336928,0.9971658696242028,0.9860552073211892,terminal_risk,terminal_global_decay,model_only,Early-window terminal decay model indicates persistent decline.,missing_address,,,,,,,,,2e-05,2e-05,1.0,0,early drawdown stayed high,active-day density stayed low,peak arrived too early
vapordex-v1,VaporDex V1,1,core_eligible,0.1444809208047099,0.0962477425132438,0.0139059624636881,monitor,resilient_or_unproven,model_only,No strong terminal decay signal under current v2 definition.,missing_address,,,,,,,,,408553.43918,408567.64136,0.9999652390973676,0,early drawdown stayed high,active-day density stayed low,peak arrived too early
vapordex-v2,VaporDex V2,1,core_eligible,0.3232836985312664,0.2111922404214121,0.0682750085845385,monitor,resilient_or_unproven,model_only,No strong terminal decay signal under current v2 definition.,missing_address,,,,,,,,,18882.48581,19052.21202,0.9910915220856332,0,early drawdown stayed high,active-day density stayed low,peak arrived too early
vaporfi,VaporFi,1,core_eligible,0.9970644175990272,0.9996838323353292,0.9967491780705888,terminal_risk,terminal_global_decay,model_only,Early-window terminal decay model indicates persistent decline.,missing_address,,,,,,,,,0.0,0.0,0.0,0,early drawdown stayed high,active-day density stayed low,peak arrived too early
varlamore-capital,Varlamore Capital,1,core_eligible,0.1335557916307383,0.1956649510039229,0.0261321874257185,monitor,resilient_or_unproven,model_only,No strong terminal decay signal under current v2 definition.,missing_address,,,,,,,,,16.76851,125302.502,0.0001338242232385,1,early drawdown stayed high,active-day density stayed low,peak arrived too early
vaultlayer,VaultLayer,0,boundary_excluded,,,,not_core_eligible,not_core_eligible,not_eligible,Excluded from Avalanche core universe due to missing bare Avalanche history.,missing_address,,,,,,,,,0.0,462.57879,0.0,0,,,
vector-finance,Vector Finance,1,core_eligible,0.1934204022122122,0.0279838750032982,0.0054126523585942,monitor,resilient_or_unproven,model_only,No strong terminal decay signal under current v2 definition.,missing_address,,,,,,,,,23532.91419,23532.91419,1.0,0,early drawdown stayed high,active-day density stayed low,peak arrived too early
vee-finance,Vee Finance,1,core_eligible,0.6466106721918967,0.0591593838813459,0.0382530889779755,monitor,native_revival_or_threshold_boundary,onchain_supported,Avalanche contract active in short windows (2 / 2 recent logs).,mapped_live_code,0x3709e8615e02c15b096f8a9b460ccb8ca8194e86,address_field_avax,,,,,,revival_supported,13098.79528,13098.79528,1.0,0,early drawdown stayed high,active-day density stayed low,peak arrived too early
vertex-perps,Vertex Perps,1,core_eligible,0.0863120948351134,0.9251306841091717,0.0798499673417042,monitor,resilient_or_unproven,model_only,No strong terminal decay signal under current v2 definition.,missing_address,,,,,,,,,0.0,0.0,0.0,0,early drawdown stayed high,active-day density stayed low,peak arrived too early
vesper,Vesper,1,core_eligible,0.1991186963370689,0.0710182679444077,0.0141410649292071,monitor,avax_side_decay_but_globally_alive,methodology_backed,Adapter has a dedicated avax pool API endpoint and aggregates Avalanche pool token balances from live Vesper pool contracts.,missing_address,,,,,,adapter_onchain_aggregate,Adapter has a dedicated avax pool API endpoint and aggregates Avalanche pool token balances from live Vesper pool contracts.,,0.0,35241160.95092,0.0,1,early drawdown stayed high,active-day density stayed low,peak arrived too early
vfat.io,vfat.io,1,core_eligible,0.1335255330661176,0.0651691934229853,0.008701751291293,monitor,resilient_or_unproven,model_only,No strong terminal decay signal under current v2 definition.,missing_address,,,,,,,,,1069456.26294,34946418.47856,0.030602742984839,0,early drawdown stayed high,active-day density stayed low,peak arrived too early
vikingsfinance,VikingsFinance,1,core_eligible,0.9715822549117056,1.0,0.9715822549117056,terminal_risk,terminal_global_decay,model_only,Early-window terminal decay model indicates persistent decline.,missing_address,,,,,,,,,0.0,0.0,0.0,0,early drawdown stayed high,active-day density stayed low,peak arrived too early
volta-club,Volta Club,1,core_eligible,0.9965152624444537,0.9996838323353292,0.996200196541118,terminal_risk,terminal_global_decay,model_only,Early-window terminal decay model indicates persistent decline.,missing_address,,,,,,,,,0.0,0.0,0.0,0,early drawdown stayed high,active-day density stayed low,peak arrived too early
volta-dao,Volta DAO,1,core_eligible,0.9972647081219096,0.9996838323353292,0.9969494052680844,terminal_risk,terminal_global_decay,model_only,Early-window terminal decay model indicates persistent decline.,missing_address,,,,,,,,,0.0,0.0,0.0,0,early drawdown stayed high,active-day density stayed low,peak arrived too early
voltz,Voltz,1,core_eligible,0.1271196919197115,0.0747314050123932,0.0094998331819026,monitor,multichain_relocation,methodology_backed,Adapter enumerates margin engines from factory logs and sums holdings on-chain.,missing_address,,,,,,adapter_onchain_aggregate,Adapter enumerates margin engines from factory logs and sums holdings on-chain.,,740.00271,236171.84293,0.0031333231803561,1,early drawdown stayed high,active-day density stayed low,peak arrived too early
vortex-dao,Vortex DAO,1,core_eligible,0.962954580074412,1.0,0.962954580074412,terminal_risk,terminal_global_decay,model_only,Early-window terminal decay model indicates persistent decline.,missing_address,,,,,,,,,0.0,0.0,0.0,0,early drawdown stayed high,active-day density stayed low,peak arrived too early
waterfall-defi,Waterfall DeFi,1,core_eligible,0.166131393436027,0.3529269966785816,0.0586322537394048,monitor,resilient_or_unproven,model_only,No strong terminal decay signal under current v2 definition.,missing_address,,,,,,,,,9479.12985,20557.06432,0.4611130121715745,0,early drawdown stayed high,active-day density stayed low,peak arrived too early
whaleswap,WhaleSwap,1,core_eligible,0.854304051224745,0.9848720111176384,0.8413801490356605,terminal_risk,terminal_global_decay,model_only,Early-window terminal decay model indicates persistent decline.,missing_address,,,,,,,,,132.29747,1618.0127699999998,0.0817654053496747,0,early drawdown stayed high,active-day density stayed low,peak arrived too early
wolf-safe-poor-people,Wolf Safe Poor People,0,boundary_excluded,,,,not_core_eligible,not_core_eligible,not_eligible,Excluded from Avalanche core universe due to missing bare Avalanche history.,missing_address,,,,,,,,,0.0,0.0,0.0,0,,,
wombat-exchange,Wombat Exchange,1,core_eligible,0.0447218151228876,0.0528820757974939,0.00236498241713,monitor,resilient_or_unproven,model_only,No strong terminal decay signal under current v2 definition.,missing_address,,,,,,,,,52075.96555,3470664.07475,0.0150046113448047,0,early drawdown stayed high,active-day density stayed low,peak arrived too early
woofi-earn,WOOFi Earn,1,core_eligible,0.0532538770747058,0.0632092377465305,0.0033661369769395,monitor,resilient_or_unproven,model_only,No strong terminal decay signal under current v2 definition.,missing_address,,,,,,,,,1110069.05679,6544639.58649,0.1696150020363992,0,early drawdown stayed high,active-day density stayed low,peak arrived too early
woofi-swap,WOOFi Swap,1,core_eligible,0.1739951007222475,0.0619721684437229,0.0107828536903416,monitor,resilient_or_unproven,model_only,No strong terminal decay signal under current v2 definition.,missing_address,,,,,,,,,1130115.64295,5826395.474,0.1939648017360106,0,early drawdown stayed high,active-day density stayed low,peak arrived too early
wowswap,WOWswap,1,core_eligible,0.2384562291668493,0.5680957734949422,0.1354659759532284,monitor,resilient_or_unproven,model_only,No strong terminal decay signal under current v2 definition.,missing_address,,,,,,,,,2890.69776,37734.42842,0.0766063746302268,0,early drawdown stayed high,active-day density stayed low,peak arrived too early
xave-finance,Xave Finance,1,core_eligible,0.3890030649075475,0.0577169843702447,0.0224520838172462,monitor,resilient_or_unproven,model_only,No strong terminal decay signal under current v2 definition.,missing_address,,,,,,,,,11877.3828,149710.1343,0.0793358636376562,0,early drawdown stayed high,active-day density stayed low,peak arrived too early
xdollar,xDollar,1,core_eligible,0.7508825923697645,0.5809280184025772,0.4362087364383574,elevated,terminal_global_decay,model_only,Early-window terminal decay model indicates persistent decline.,missing_address,,,,,,,,,3287.01717,98636.77359,0.0333244595333483,0,early drawdown stayed high,active-day density stayed low,peak arrived too early
xsy,XSY,1,core_eligible,0.415220680370866,0.2515837534479824,0.1044627772769274,monitor,resilient_or_unproven,model_only,No strong terminal decay signal under current v2 definition.,missing_address,,,,,,,,,20974668.99613,20974668.99613,1.0,0,early drawdown stayed high,active-day density stayed low,peak arrived too early
yel-finance,Yel Finance,1,core_eligible,0.9625311133098412,0.8352332370195349,0.8039379775017954,terminal_risk,resilient_or_unproven,model_only,No strong terminal decay signal under current v2 definition.,missing_address,,,,,,,,,87.00594,15072.15634,0.0057726272231594,0,early drawdown stayed high,active-day density stayed low,peak arrived too early
yeti-finance,Yeti Finance,1,core_eligible,0.8221225166172039,0.9937139014798112,0.8169545734820827,terminal_risk,terminal_global_decay,model_only,Early-window terminal decay model indicates persistent decline.,missing_address,,,,,,,,,0.0,0.0,0.0,0,early drawdown stayed high,active-day density stayed low,peak arrived too early
yetiswap,YetiSwap,1,core_eligible,0.5015876894698392,0.8281894947185351,0.4154096550990636,elevated,resilient_or_unproven,model_only,No strong terminal decay signal under current v2 definition.,missing_address,,,,,,,,,9658.23658,9658.23658,1.0,0,early drawdown stayed high,active-day density stayed low,peak arrived too early
yield-yak-aggregator,Yield Yak Aggregator,1,core_eligible,0.0638833052214687,0.0260623542851221,0.0016649493335865,monitor,resilient_or_unproven,model_only,No strong terminal decay signal under current v2 definition.,missing_address,,,,,,,,,12026123.84262,15153614.36674,0.793614219787433,0,early drawdown stayed high,active-day density stayed low,peak arrived too early
yield-yak-staked-avax,Yield Yak Staked Avax,1,core_eligible,0.1588176127358468,0.0799830172064714,0.0127027118521419,monitor,resilient_or_unproven,model_only,No strong terminal decay signal under current v2 definition.,missing_address,,,,,,,,,471795.613,471795.613,1.0,0,early drawdown stayed high,active-day density stayed low,peak arrived too early
yieldfi,YieldFi,1,core_eligible,0.370936556394956,0.070964040761212,0.0263231569078353,monitor,resilient_or_unproven,model_only,No strong terminal decay signal under current v2 definition.,missing_address,,,,,,,,,23431.38964,20293894.1043,0.0011546029322699,0,early drawdown stayed high,active-day density stayed low,peak arrived too early
yieldwolf,YieldWolf,1,core_eligible,0.1595790859501255,0.0399114775013673,0.0063690370985871,monitor,native_revival_or_threshold_boundary,methodology_backed,Adapter has an avax masterchef config and sums vault balances on-chain across YieldWolf strategy contracts.,missing_address,,,,,,adapter_onchain_aggregate,Adapter has an avax masterchef config and sums vault balances on-chain across YieldWolf strategy contracts.,,38536.26182,60976.89712,0.6319813509723566,0,early drawdown stayed high,active-day density stayed low,peak arrived too early
zabu-finance,Zabu Finance,1,core_eligible,0.9388653485876776,0.9530493744606606,0.8947850331742763,terminal_risk,terminal_global_decay,model_only,Early-window terminal decay model indicates persistent decline.,missing_address,,,,,,,,,5515.19518,5515.19518,1.0,0,early drawdown stayed high,active-day density stayed low,peak arrived too early
zerobase-cedefi,ZEROBASE CeDeFi,1,core_eligible,0.8034534138831804,0.2330539055043056,0.1872479559962424,monitor,resilient_or_unproven,model_only,No strong terminal decay signal under current v2 definition.,missing_address,,,,,,,,,15792.91349,56395536.11088,0.000280038360819,0,early drawdown stayed high,active-day density stayed low,peak arrived too early
zeroshift,ZeroShift,1,core_eligible,0.9724151853633618,1.0,0.9724151853633618,terminal_risk,terminal_global_decay,model_only,Early-window terminal decay model indicates persistent decline.,missing_address,,,,,,,,,0.0,0.0,0.0,0,early drawdown stayed high,active-day density stayed low,peak arrived too early
zeroswap,ZeroSwap,0,boundary_excluded,,,,not_core_eligible,not_core_eligible,not_eligible,Excluded from Avalanche core universe due to missing bare Avalanche history.,missing_address,,,,,,,,,0.0,0.0,0.0,0,,,
zkex,ZKEX,1,core_eligible,0.9181916038991522,0.995991832970076,0.9145113385852504,terminal_risk,terminal_global_decay,model_only,Early-window terminal decay model indicates persistent decline.,missing_address,,,,,,,,,0.03117,2.04651,0.0152308075699605,0,early drawdown stayed high,active-day density stayed low,peak arrived too early
zookeeper,Zookeeper,1,core_eligible,0.1756341610111845,0.9331492761430712,0.1638928902135825,monitor,resilient_or_unproven,model_only,No strong terminal decay signal under current v2 definition.,missing_address,,,,,,,,,0.0,0.0,0.0,0,early drawdown stayed high,active-day density stayed low,peak arrived too early
