slug,name,category,history_source_mode,has_avax_history,has_total_history,avax_history_days,total_history_days,current_avax_core_tvl,current_total_core_tvl,current_non_avax_core_tvl,current_avax_share,active_chain_count_core,data_quality_score_v2,current_status,current_tvl_band_avax,low_tvl_now_avax,migrated_candidate,core_eligible,core_universe_status,boundary_reason,label_confidence_v2,structural_decay_label_v2,structural_decay_target_v2,avax_peak_tvl,avax_current_tvl,avax_drawdown_from_peak,avax_tvl_30d_change,avax_tvl_90d_change,avax_consecutive_decline_days,avax_volatility_full,avax_only,num_chains,old_label,launch_date,decay_mode_v2,stage1_terminal_prob,stage1_score_confidence,risk_uncertainty,risk_band,reason_1,reason_2,reason_3,stage2_terminal_mode_prob,stage2_terminal_mode_oof_prob,stage1_terminal_prob_stage1,stage1_score_confidence_stage1,reason_1_stage1,reason_2_stage1,reason_3_stage1,composite_terminal_prob,composite_watch_band
0.exchange,0.exchange,Dexs,avax_core,1,1,1575,1575,22838.64698,36646.07817,13807.43119,0.6232221323671319,2.0,1.0,active_on_avax,ge_10k,0.0,0,1,core_eligible,,1.0,structural_decay,1.0,62732959.0,22838.0,0.999635948943521,0.0862782401902497,-0.3315088540904434,798.0,4.491762000109836,0,3,alive,2021-02-02,native_revival_or_threshold_boundary,0.4653392542789323,0.879662344247996,0.12033765575200393,elevated,early drawdown stayed high,active-day density stayed low,peak arrived too early,0.060592871472193985,0.15449740491721572,0.4653392542789323,0.879662344247996,early drawdown stayed high,active-day density stayed low,peak arrived too early,0.02819624162548994,monitor
0x-nodes,0x NODES,Yield Aggregator,avax_core,1,1,753,753,0.0,0.0,0.0,0.0,0.0,1.0,low_tvl_on_avax,lt_10k,1.0,0,1,core_eligible,,1.0,structural_decay,1.0,249472.0,0.0,1.0,0.0,0.0,76.0,2.524414566709426,0,6,dead,2022-03-07,terminal_global_decay,0.7245903378869298,0.7900129414959551,0.20998705850404492,critical,early drawdown stayed high,active-day density stayed low,peak arrived too early,0.9972000236322817,0.9826177270769644,0.7245903378869298,0.7900129414959551,early drawdown stayed high,active-day density stayed low,peak arrived too early,0.7225615020645694,terminal_risk
2pi-network,2Pi Network,Yield,avax_core,1,1,1045,1045,0.0,2390.64543,2390.64543,0.0,0.0,1.0,low_tvl_on_avax,lt_10k,1.0,0,1,core_eligible,,1.0,structural_decay,1.0,0.0,0.0,0.0,0.0,0.0,0.0,0.0,0,4,dead,2022-11-29,terminal_global_decay,0.9908881274077128,0.9894958095010886,0.010504190498911329,critical,early drawdown stayed high,active-day density stayed low,peak arrived too early,0.9996838323353293,0.9993942005356935,0.9908881274077128,0.9894958095010886,early drawdown stayed high,active-day density stayed low,peak arrived too early,0.9905748406225204,terminal_risk
40-acres,40 Acres,Lending,avax_core,1,1,237,402,4085729.22062,22868040.79928,18782311.57866,0.1786654683924055,3.0,0.929863,active_on_avax,ge_10k,0.0,0,1,core_eligible,,0.929863,censored,,6371164.0,4085729.0,0.3587154560767859,0.6849823345599683,-0.0466896291363594,114.0,0.2803799298229671,0,3,alive,2025-07-15,resilient_or_unproven,0.29727678016304854,0.8614837642168375,0.07353689283600119,stable_watch,early drawdown stayed high,active-day density stayed low,peak arrived too early,0.09798970347945452,,0.29727678016304854,0.8614837642168375,early drawdown stayed high,active-day density stayed low,peak arrived too early,0.029130063539504113,monitor
88mph,88mph,Lending,avax_core,1,1,1575,1908,50.66036,392993.28274,392942.62238,0.000128908971794,1.0,1.0,low_tvl_on_avax,lt_10k,1.0,0,1,core_eligible,,1.0,structural_decay,1.0,7117.0,50.0,0.992974567935928,0.0625,-0.32,642.0,3.564622700120993,0,4,alive,2021-10-16,terminal_global_decay,0.9775237537481173,0.9694269088396825,0.030573091160317523,critical,early drawdown stayed high,active-day density stayed low,peak arrived too early,0.7453272770537338,0.5701575177347536,0.9775237537481173,0.9694269088396825,early drawdown stayed high,active-day density stayed low,peak arrived too early,0.7285751176364289,terminal_risk
aave-v2,Aave V2,Lending,avax_core,1,1,1630,1922,12200655.01153,134104835.11063,121904180.0991,0.0909784871027584,3.0,1.0,active_on_avax,ge_10k,0.0,0,1,core_eligible,,1.0,structural_decay,1.0,3666600913.0,12200655.0,0.9966724889647132,0.053731000394696,-0.2181933792100986,853.0,2.3407934220767865,0,3,alive,2021-10-05,native_revival_or_threshold_boundary,0.08416281366518125,0.9562782132555545,0.0437217867444455,stable_watch,early drawdown stayed high,active-day density stayed low,peak arrived too early,0.004770585739422377,0.01122940532902157,0.08416281366518125,0.9562782132555545,early drawdown stayed high,active-day density stayed low,peak arrived too early,0.00040150591866077644,monitor
aave-v3,Aave V3,Lending,avax_core,1,1,1456,1456,414557627.26325,26005179017.835552,25590621390.572304,0.0159413487205347,18.0,1.0,active_on_avax,ge_10k,0.0,0,1,core_eligible,,1.0,resilient_or_unproven,0.0,1406243239.0,414557627.0,0.7052020479082993,0.0207449123628994,-0.3364061721628707,705.0,0.6301337463912138,0,20,alive,2022-03-17,resilient_or_unproven,0.05633612824623489,0.923482650800476,0.07651734919952402,stable_watch,early drawdown stayed high,active-day density stayed low,peak arrived too early,0.07467311932789494,,0.05633612824623489,0.923482650800476,early drawdown stayed high,active-day density stayed low,peak arrived too early,0.004206794427002691,monitor
abacus,Abacus,Governance Incentives,avax_core,1,1,560,560,0.0,18083.85665,18083.85665,0.0,1.0,1.0,low_tvl_on_avax,lt_10k,1.0,0,1,core_eligible,,1.0,structural_decay,1.0,31223498.0,0.0,1.0,0.0,0.0,107.0,0.9960274903232642,0,6,alive,2024-08-26,terminal_global_decay,0.5107060920441839,0.6443165418566092,0.3556834581433907,elevated,early drawdown stayed high,active-day density stayed low,peak arrived too early,0.8754682993370427,0.7737934548251173,0.5107060920441839,0.6443165418566092,early drawdown stayed high,active-day density stayed low,peak arrived too early,0.4471069938629889,elevated
aboard-exchange,Aboard Exchange,Derivatives,avax_core,1,1,1389,1389,7.23957,121.41401,114.17444,0.0596271385814536,0.0,1.0,low_tvl_on_avax,lt_10k,1.0,0,1,core_eligible,,1.0,resilient_or_unproven,0.0,164297.0,7.0,0.9999573942311788,0.0,-0.2727272727272727,387.0,1.3119187189344794,0,8,dead,2022-09-30,resilient_or_unproven,0.2156657285122485,0.8512894536999128,0.1487105463000872,stable_watch,early drawdown stayed high,active-day density stayed low,peak arrived too early,0.9129515484666813,,0.2156657285122485,0.8512894536999128,early drawdown stayed high,active-day density stayed low,peak arrived too early,0.19689236079645214,monitor
abracadabra-spell,Abracadabra Spell,CDP,avax_core,1,1,1625,1729,47001.45142,10809285.53659,10762284.08517,0.0043482477413421,6.0,1.0,active_on_avax,ge_10k,0.0,0,1,core_eligible,,1.0,structural_decay,1.0,684609904.0,47001.0,0.9999313463043328,0.2431760473973762,-0.4842596148570801,836.0,3.765493774750611,0,8,alive,2021-09-18,native_revival_or_threshold_boundary,0.12854176319128302,0.8932682623287018,0.10673173767129822,stable_watch,early drawdown stayed high,active-day density stayed low,peak arrived too early,0.05267839278407209,0.11811454208184201,0.12854176319128302,0.8932682623287018,early drawdown stayed high,active-day density stayed low,peak arrived too early,0.006771373490547587,monitor
acryptos,ACryptoS,Liquidity Manager,avax_core,1,1,1344,1817,116206.81467,10564370.49877,10448163.684099998,0.010999880653895,5.0,1.0,active_on_avax,ge_10k,0.0,0,1,core_eligible,,1.0,resilient_or_unproven,0.0,369488.0,116206.0,0.6854945221495692,0.0018190282423531,-0.0002322900356178,520.0,0.392419483721225,0,17,alive,2022-07-04,resilient_or_unproven,0.034384799703238135,0.9728346148425534,0.027165385157446646,stable_watch,early drawdown stayed high,active-day density stayed low,peak arrived too early,0.09023440803984,,0.034384799703238135,0.9728346148425534,early drawdown stayed high,active-day density stayed low,peak arrived too early,0.003102692046790159,monitor
agarthadao,AgarthaDAO,Reserve Currency,avax_core,1,1,617,617,0.0,0.0,0.0,0.0,0.0,1.0,low_tvl_on_avax,lt_10k,1.0,0,1,core_eligible,,1.0,structural_decay,1.0,1372264.0,0.0,1.0,0.0,0.0,15.0,5.543899676836108,1,1,dead,2021-12-27,terminal_global_decay,0.9830448112324338,0.9781529968819802,0.021847003118019778,critical,early drawdown stayed high,active-day density stayed low,peak arrived too early,1.0,0.9997564303858127,0.9830448112324338,0.9781529968819802,early drawdown stayed high,active-day density stayed low,peak arrived too early,0.9830448112324338,terminal_risk
ajna-v2,Ajna V2,Lending,avax_core,1,1,306,779,109.25109,566934.95327,566825.70218,0.0001927048056745,2.0,0.967671,low_tvl_on_avax,lt_10k,1.0,1,1,core_eligible,,0.967671,censored,,192.0,109.0,0.4322916666666667,0.0091743119266055,-0.1538461538461538,63.0,0.1538882447968336,0,13,alive,2025-05-07,resilient_or_unproven,0.5608176756260121,0.5816396503666739,0.3989283027323606,elevated,early drawdown stayed high,active-day density stayed low,peak arrived too early,0.12879779705954408,,0.5608176756260121,0.5816396503666739,early drawdown stayed high,active-day density stayed low,peak arrived too early,0.07223208117268433,monitor
alligator,Alligator,Dexs,avax_core,1,1,1501,1501,6834.32627,6834.32627,0.0,1.0,0.0,1.0,low_tvl_on_avax,lt_10k,1.0,0,1,core_eligible,,1.0,structural_decay,1.0,1234749.0,6834.0,0.9944652718892666,0.0382804192617347,-0.1833930704898446,763.0,3.4776712063150303,1,1,dead,2022-01-28,terminal_global_decay,0.9086590861819175,0.9336644270203998,0.06633557297960026,critical,early drawdown stayed high,active-day density stayed low,peak arrived too early,0.9763268323701754,0.9683355774020382,0.9086590861819175,0.9336644270203998,early drawdown stayed high,active-day density stayed low,peak arrived too early,0.8871482473163697,terminal_risk
amogus-dao,Amogus DAO,Reserve Currency,avax_core,1,1,1531,1531,44.52094,44.52094,0.0,1.0,0.0,1.0,low_tvl_on_avax,lt_10k,1.0,0,1,core_eligible,,1.0,structural_decay,1.0,54036.0,44.0,0.9991857280331632,0.0,0.0,158.0,17.40391175171807,1,1,dead,2021-12-29,terminal_global_decay,0.993800279985236,0.9915382263787339,0.00846177362126607,critical,early drawdown stayed high,active-day density stayed low,peak arrived too early,0.9982522893772893,0.9937395105023527,0.993800279985236,0.9915382263787339,early drawdown stayed high,active-day density stayed low,peak arrived too early,0.992063404679053,terminal_risk
anchor,Anchor,Lending,avax_core,1,1,513,848,0.0,0.0,0.0,0.0,0.0,1.0,low_tvl_on_avax,lt_10k,1.0,0,1,core_eligible,,1.0,structural_decay,1.0,209981703.0,0.0,1.0,0.0,0.0,143.0,3.241942353488063,0,2,dead,2022-03-23,terminal_global_decay,0.7898356210739119,0.8175209154306038,0.1824790845693962,critical,early drawdown stayed high,active-day density stayed low,peak arrived too early,0.9981187534171679,0.9967984431927636,0.7898356210739119,0.8175209154306038,early drawdown stayed high,active-day density stayed low,peak arrived too early,0.7883497455107675,terminal_risk
angle,Angle,CDP,avax_core,1,1,1109,1587,97.36295,4513471.51062,4513374.14767,2.1571632782196424e-05,3.0,1.0,low_tvl_on_avax,lt_10k,1.0,1,1,core_eligible,,1.0,structural_decay,1.0,102942.0,97.0,0.9990577218239396,0.0103092783505154,-0.0485436893203883,303.0,8.52300866001767,0,8,alive,2023-02-24,multichain_relocation,0.879035872315514,0.9485603740870187,0.05143962591298138,critical,early drawdown stayed high,active-day density stayed low,peak arrived too early,0.2598347454485123,0.44674970980614337,0.879035872315514,0.9485603740870187,early drawdown stayed high,active-day density stayed low,peak arrived too early,0.22840406212321257,monitor
ankr,Ankr,Liquid Staking,avax_core,1,1,1447,1927,125023.93651,21392872.00126,21267848.06475,0.0058441866292023,4.0,1.0,active_on_avax,ge_10k,0.0,0,1,core_eligible,,1.0,resilient_or_unproven,0.0,1863867.0,125023.0,0.9329227890187444,0.0728266559118563,-0.3637196425299758,340.0,0.6454735145959201,0,8,alive,2022-03-16,resilient_or_unproven,0.21910007519172703,0.8552741866235316,0.14472581337646837,stable_watch,early drawdown stayed high,active-day density stayed low,peak arrived too early,0.0848863423026783,,0.21910007519172703,0.8552741866235316,early drawdown stayed high,active-day density stayed low,peak arrived too early,0.018598603981267496,monitor
ante-finance,Ante Finance,Insurance,avax_core,1,1,1278,1634,5185.32134,407423.22209,402237.90075,0.012727112886203,2.0,1.0,low_tvl_on_avax,lt_10k,1.0,1,1,core_eligible,,1.0,structural_decay,1.0,36192.0,5185.0,0.8567362953138815,0.1247018000433745,-0.3376756066411239,384.0,0.512795335107004,0,8,alive,2022-09-08,multichain_relocation,0.5212551927733013,0.6293371984295942,0.37066280157040576,elevated,early drawdown stayed high,active-day density stayed low,peak arrived too early,0.08681309142335031,0.13379431634897163,0.5212551927733013,0.6293371984295942,early drawdown stayed high,active-day density stayed low,peak arrived too early,0.045251774705124696,monitor
antfarm-finance,Antfarm finance,Liquidity Manager,avax_core,1,1,781,1075,20585.32287,450808.53594,430223.21307000006,0.0456631168863665,4.0,1.0,active_on_avax,ge_10k,0.0,0,1,core_eligible,,1.0,resilient_or_unproven,0.0,733662.0,20585.0,0.9719421204860004,0.0778574794491858,-0.7657114242141443,394.0,0.5655010387541806,0,4,alive,2024-01-18,resilient_or_unproven,0.17610640030406582,0.8247245543904282,0.17527544560957173,stable_watch,early drawdown stayed high,active-day density stayed low,peak arrived too early,0.06180015373173958,,0.17610640030406582,0.8247245543904282,early drawdown stayed high,active-day density stayed low,peak arrived too early,0.010883402611934538,monitor
antimatter,Antimatter,Options,avax_core,1,1,1488,1489,5830.56877,12187.61149,6357.04272,0.4784012663009493,0.0,1.0,low_tvl_on_avax,lt_10k,1.0,0,1,core_eligible,,1.0,structural_decay,1.0,46638.0,5830.0,0.8749946395643038,0.0818181818181818,-0.3426896629466802,377.0,0.5277312245083783,0,5,alive,2022-02-10,terminal_global_decay,0.7607738450837247,0.8346529032681286,0.1653470967318714,critical,early drawdown stayed high,active-day density stayed low,peak arrived too early,0.8855231056881679,0.8220494094976045,0.7607738450837247,0.8346529032681286,early drawdown stayed high,active-day density stayed low,peak arrived too early,0.6736828180248691,terminal_risk
aperture-lm,Aperture LM,Liquidity Manager,avax_core,1,1,1238,1442,12726.46322,12726.46322,0.0,1.0,1.0,1.0,active_on_avax,ge_10k,0.0,0,1,core_eligible,,1.0,structural_decay,1.0,3637993.0,12726.0,0.9965019174033596,0.0224953804129509,-0.0590018484288354,599.0,3.136452800244238,0,2,alive,2022-10-18,native_revival_or_threshold_boundary,0.1295161507004642,0.9223543676643652,0.0776456323356348,stable_watch,early drawdown stayed high,active-day density stayed low,peak arrived too early,0.05300490863345511,0.11867329325309942,0.1295161507004642,0.9223543676643652,early drawdown stayed high,active-day density stayed low,peak arrived too early,0.006864991734434909,monitor
apex-defi,Apex DeFi,Dexs,avax_core,1,1,558,558,16767.59776,16881.0273,113.429540000001,0.9932806494543136,1.0,1.0,active_on_avax,ge_10k,0.0,0,1,core_eligible,,1.0,resilient_or_unproven,0.0,363254.0,16767.0,0.9538422150891662,-0.1154251951888584,-0.485801901257283,229.0,0.5917248120515256,0,3,alive,2024-08-28,resilient_or_unproven,0.06483341423976477,0.9598137564330114,0.040186243566988675,stable_watch,early drawdown stayed high,active-day density stayed low,peak arrived too early,0.20533755164065665,,0.06483341423976477,0.9598137564330114,early drawdown stayed high,active-day density stayed low,peak arrived too early,0.013312734544497782,monitor
apex-pro,ApeX Pro,Derivatives,avax_core,1,1,896,1264,0.0,1430470.27653,1430470.27653,0.0,1.0,1.0,low_tvl_on_avax,lt_10k,1.0,0,1,core_eligible,,1.0,resilient_or_unproven,0.0,428840.0,0.0,1.0,0.0,0.0,47.0,1.0496557206901174,0,7,alive,2023-09-25,resilient_or_unproven,0.39132382268809535,0.7226974385176522,0.2773025614823478,stable_watch,early drawdown stayed high,active-day density stayed low,peak arrived too early,0.5531887813661838,,0.39132382268809535,0.7226974385176522,early drawdown stayed high,active-day density stayed low,peak arrived too early,0.21647594859238403,monitor
apexswap,ApexSwap,Dexs,avax_core,1,1,347,347,69.73822,69.73822,0.0,1.0,0.0,0.985205,low_tvl_on_avax,lt_10k,1.0,0,1,core_eligible,,0.985205,censored,,117485.0,69.0,0.9994126909818276,-0.0140845070422535,-0.2134831460674157,159.0,3.5150842570431338,1,1,dead,2022-09-23,resilient_or_unproven,0.9928720174777378,0.9757870303449432,0.009559400992744445,critical,early drawdown stayed high,active-day density stayed low,peak arrived too early,0.9952675525212253,,0.9928720174777378,0.9757870303449432,early drawdown stayed high,active-day density stayed low,peak arrived too early,0.9881733028018793,terminal_risk
aquabank,AquaBank,Yield,avax_core,1,1,123,123,928364.83235,928364.83235,0.0,1.0,1.0,0.801096,active_on_avax,ge_10k,0.0,0,1,core_eligible,,0.801096,censored,,1188260.0,928364.0,0.2187198087960547,0.2378431064046529,0.1592839241317218,7.0,0.1151182651864459,1,1,alive,2025-11-06,resilient_or_unproven,0.12133991656198133,0.7426148091491147,0.07300147654074579,stable_watch,early drawdown stayed high,active-day density stayed low,peak arrived too early,0.20788014085228787,,0.12133991656198133,0.7426148091491147,early drawdown stayed high,active-day density stayed low,peak arrived too early,0.025224158945909535,monitor
ara-finance,Ara Finance,Reserve Currency,avax_core,1,1,1534,1534,1488.42811,1488.42811,0.0,1.0,0.0,1.0,low_tvl_on_avax,lt_10k,1.0,0,1,core_eligible,,1.0,structural_decay,1.0,98795.0,1488.0,0.984938509033858,-0.0066711140760507,-0.0106312292358804,283.0,4.06093445309117,1,1,dead,2021-12-26,terminal_global_decay,0.9660918462008413,0.9763986436843237,0.023601356315676336,critical,early drawdown stayed high,active-day density stayed low,peak arrived too early,0.9958514744226135,0.9964276772500447,0.9660918462008413,0.9763986436843237,early drawdown stayed high,active-day density stayed low,peak arrived too early,0.9620839894667725,terminal_risk
arable-protocol,Arable Protocol,Synthetics,avax_core,1,1,1482,1482,0.0,0.0,0.0,0.0,0.0,1.0,low_tvl_on_avax,lt_10k,1.0,0,1,core_eligible,,1.0,structural_decay,1.0,0.0,0.0,0.0,0.0,0.0,0.0,0.0,1,1,dead,2022-02-16,terminal_global_decay,0.9978576873940077,0.9979225003088734,0.0020774996911266165,critical,early drawdown stayed high,active-day density stayed low,peak arrived too early,0.9996838323353293,0.9995091363230143,0.9978576873940077,0.9979225003088734,early drawdown stayed high,active-day density stayed low,peak arrived too early,0.9975421970593107,terminal_risk
archly-v2,Archly V2,Dexs,avax_core,1,1,739,808,96.93849,2005.47724,1908.53875,0.0483368686846827,0.0,1.0,low_tvl_on_avax,lt_10k,1.0,0,1,core_eligible,,1.0,structural_decay,1.0,1141.0,96.0,0.915863277826468,0.0210526315789473,-0.110091743119266,304.0,0.9117526181231956,0,22,dead,2024-02-27,terminal_global_decay,0.7614162462544537,0.7668897881336253,0.23311021186637468,critical,early drawdown stayed high,active-day density stayed low,peak arrived too early,0.9801625254006736,0.9789756611336731,0.7614162462544537,0.7668897881336253,early drawdown stayed high,active-day density stayed low,peak arrived too early,0.7463116708098665,terminal_risk
arena-dex,Arena DEX,Dexs,avax_core,1,1,308,308,2018456.77533,2018456.77533,0.0,1.0,1.0,0.953151,active_on_avax,ge_10k,0.0,0,1,core_eligible,,0.953151,censored,,10484947.0,2018456.0,0.8074901093920647,0.0773728728971833,-0.4514033881352753,102.0,0.4911425923921822,1,1,alive,2025-05-05,resilient_or_unproven,0.1293888097978047,0.8771829688694873,0.07970198964331224,stable_watch,early drawdown stayed high,active-day density stayed low,peak arrived too early,0.14551150877873725,,0.1293888097978047,0.8771829688694873,early drawdown stayed high,active-day density stayed low,peak arrived too early,0.018827560932763623,monitor
arena-launch,Arena Launch,Launchpad,avax_core,1,1,305,305,32771.10499,32771.10499,0.0,1.0,1.0,0.950685,active_on_avax,ge_10k,0.0,0,1,core_eligible,,0.950685,censored,,165470.0,32771.0,0.8019520154710824,0.1663048507064308,-0.3744607749570529,102.0,0.4388051702455035,1,1,alive,2025-05-08,resilient_or_unproven,0.17756352438793424,0.8136708517825605,0.14412149998941756,stable_watch,early drawdown stayed high,active-day density stayed low,peak arrived too early,0.15963284142784756,,0.17756352438793424,0.8136708517825605,early drawdown stayed high,active-day density stayed low,peak arrived too early,0.02834496993198885,monitor
arena-socialfi,Arena SocialFi,SoFi,avax_core,1,1,894,894,194599.05022,194599.05022,0.0,1.0,1.0,1.0,active_on_avax,ge_10k,0.0,0,1,core_eligible,,1.0,resilient_or_unproven,0.0,2780347.0,194599.0,0.9300090959869396,0.0391025059137,-0.4702628541562316,457.0,0.4241351953992859,1,1,alive,2023-09-27,resilient_or_unproven,0.24644357136192685,0.8499572593524563,0.1500427406475437,stable_watch,early drawdown stayed high,active-day density stayed low,peak arrived too early,0.08113245413633227,,0.24644357136192685,0.8499572593524563,early drawdown stayed high,active-day density stayed low,peak arrived too early,0.019994571750715458,monitor
arrow-markets,Arrow Markets,Options,avax_core,1,1,579,579,0.0,0.0,0.0,0.0,0.0,1.0,low_tvl_on_avax,lt_10k,1.0,0,1,core_eligible,,1.0,structural_decay,1.0,0.0,0.0,0.0,0.0,0.0,0.0,0.0,1,1,dead,2024-08-07,terminal_global_decay,0.9966091128337113,0.9963263548511018,0.003673645148898212,critical,early drawdown stayed high,active-day density stayed low,peak arrived too early,0.9996838323353293,0.9994116511405596,0.9966091128337113,0.9963263548511018,early drawdown stayed high,active-day density stayed low,peak arrived too early,0.9962940172579172,terminal_risk
atlantis-loans,Atlantis Loans,Lending,avax_core,1,1,362,669,2774.83427,2902.30833,127.47406,0.9560783881290792,0.0,0.998356,low_tvl_on_avax,lt_10k,1.0,0,1,core_eligible,,0.998356,censored,,16556.0,2774.0,0.832447451075139,-0.0035906642728904,-0.1557651353818071,111.0,0.48301466962808,0,4,dead,2022-09-05,resilient_or_unproven,0.7848780956199423,0.8333021031230142,0.1653256923151519,critical,early drawdown stayed high,active-day density stayed low,peak arrived too early,0.9785876626222969,,0.7848780956199423,0.8333021031230142,early drawdown stayed high,active-day density stayed low,peak arrived too early,0.7680720210361589,terminal_risk
augmented-finance,Augmented Finance,Lending,avax_core,1,1,902,1016,164.84803,326.6517,161.80367,0.5046599481955857,0.0,1.0,low_tvl_on_avax,lt_10k,1.0,0,1,core_eligible,,1.0,structural_decay,1.0,3674977.0,164.0,0.999955373870367,0.1148648648648648,0.1148648648648648,469.0,3.207272295545759,0,4,dead,2022-02-06,terminal_global_decay,0.8422372794104249,0.8895043059488118,0.11049569405118821,critical,early drawdown stayed high,active-day density stayed low,peak arrived too early,0.9848411127035358,0.9745707553403128,0.8422372794104249,0.8895043059488118,early drawdown stayed high,active-day density stayed low,peak arrived too early,0.8294698994149616,terminal_risk
aura,Aura,Yield,avax_core,1,1,704,1326,0.0,104295852.65085,104295852.65085,0.0,6.0,1.0,low_tvl_on_avax,lt_10k,1.0,1,1,core_eligible,,1.0,structural_decay,1.0,2212655.0,0.0,1.0,0.0,0.0,260.0,1.008680847876009,0,9,alive,2024-04-04,multichain_relocation,0.07868019716471407,0.8914211228593447,0.10857887714065526,stable_watch,early drawdown stayed high,active-day density stayed low,peak arrived too early,0.06313908894121285,0.16090965932182447,0.07868019716471407,0.8914211228593447,early drawdown stayed high,active-day density stayed low,peak arrived too early,0.004967795966695045,monitor
autofarm,Autofarm,Yield Aggregator,avax_core,1,1,1621,1810,59067.21786,5799888.08656,5740820.8687,0.0101841995877257,7.0,1.0,active_on_avax,ge_10k,0.0,0,1,core_eligible,,1.0,structural_decay,1.0,7501342.0,59067.0,0.9921258089552508,0.0667292723890704,-0.3025716107398399,806.0,1.9292371929624443,0,20,alive,2021-09-16,native_revival_or_threshold_boundary,0.0317004900685786,0.957171542204177,0.04282845779582304,stable_watch,early drawdown stayed high,active-day density stayed low,peak arrived too early,0.006017534191084128,0.007807194884272438,0.0317004900685786,0.957171542204177,early drawdown stayed high,active-day density stayed low,peak arrived too early,0.00019075878286179456,monitor
avalaunch,Avalaunch,Dexs,avax_core,1,1,1661,1661,0.0,0.0,0.0,0.0,0.0,1.0,low_tvl_on_avax,lt_10k,1.0,0,1,core_eligible,,1.0,structural_decay,1.0,0.0,0.0,0.0,0.0,0.0,0.0,0.0,1,1,dead,2021-08-21,terminal_global_decay,0.9964386026840152,0.9960363209391546,0.00396367906084542,critical,early drawdown stayed high,active-day density stayed low,peak arrived too early,0.9996838323353293,0.9995091363230143,0.9964386026840152,0.9960363209391546,early drawdown stayed high,active-day density stayed low,peak arrived too early,0.9961235610180169,terminal_risk
avalps,Avalps,Reserve Currency,avax_core,1,1,1531,1531,4131.17966,4131.17966,0.0,1.0,0.0,1.0,low_tvl_on_avax,lt_10k,1.0,0,1,core_eligible,,1.0,structural_decay,1.0,468827.0,4131.0,0.9911886474115186,-0.0062530062530062,-0.0145480562842833,363.0,3.956683320710722,1,1,dead,2021-12-29,terminal_global_decay,0.9132445307170205,0.9337423799725247,0.06625762002747529,critical,early drawdown stayed high,active-day density stayed low,peak arrived too early,0.9894647988121658,0.9904563600990893,0.9132445307170205,0.9337423799725247,early drawdown stayed high,active-day density stayed low,peak arrived too early,0.9036233158522274,terminal_risk
avant-avbtc,Avant avBTC,Onchain Capital Allocator,avax_core,1,1,264,264,6348935.84094,6348935.84094,0.0,1.0,1.0,0.916986,active_on_avax,ge_10k,0.0,0,1,core_eligible,,0.916986,censored,,33660779.0,6348935.0,0.8113847870246853,-0.0046121616956349,-0.5903409302445326,75.0,0.5075231869129838,1,1,alive,2025-06-18,resilient_or_unproven,0.1424740613117013,0.8404545741927504,0.08345975381003584,stable_watch,early drawdown stayed high,active-day density stayed low,peak arrived too early,0.19659140444175663,,0.1424740613117013,0.8404545741927504,early drawdown stayed high,active-day density stayed low,peak arrived too early,0.0280091758097883,monitor
avant-avusd,Avant avUSD,Basis Trading,avax_core,1,1,291,291,112618657.2759,112618657.2759,0.0,1.0,1.0,0.939178,active_on_avax,ge_10k,0.0,0,1,core_eligible,,0.939178,censored,,135585614.0,112618657.0,0.1693908101489292,-0.0383206956219612,0.2440950817679692,61.0,0.197966856965722,1,1,alive,2025-05-22,resilient_or_unproven,0.07561482694083853,0.8992301336140033,0.04253492563283715,stable_watch,early drawdown stayed high,active-day density stayed low,peak arrived too early,0.2580864076051498,,0.07561482694083853,0.8992301336140033,early drawdown stayed high,active-day density stayed low,peak arrived too early,0.019515159046846114,monitor
avaviking,AvaViking,Yield,avax_core,1,1,1532,1532,42.5051,42.5051,0.0,1.0,0.0,1.0,low_tvl_on_avax,lt_10k,1.0,0,1,core_eligible,,1.0,structural_decay,1.0,21797.0,42.0,0.9980731293297244,0.0238095238095238,-0.1224489795918367,520.0,7.034871115247046,1,1,dead,2021-12-28,terminal_global_decay,0.9974309257667866,0.9965446041060266,0.003455395893973324,critical,early drawdown stayed high,active-day density stayed low,peak arrived too early,0.9950096486934167,0.9858598508012781,0.9974309257667866,0.9965446041060266,early drawdown stayed high,active-day density stayed low,peak arrived too early,0.9924533950431597,terminal_risk
avaware,Avaware,Yield,avax_core,1,1,1504,1504,143.54977,143.54977,0.0,1.0,0.0,1.0,low_tvl_on_avax,lt_10k,1.0,0,1,core_eligible,,1.0,structural_decay,1.0,3175086.0,143.0,0.9999549618498522,0.0588235294117647,-0.320754716981132,704.0,3.696386013026736,1,1,dead,2021-08-29,terminal_global_decay,0.5403438862829931,0.6672298221373207,0.3327701778626792,elevated,early drawdown stayed high,active-day density stayed low,peak arrived too early,0.9656119323267494,0.9423528295364635,0.5403438862829931,0.6672298221373207,early drawdown stayed high,active-day density stayed low,peak arrived too early,0.5217625041546663,elevated
axial,Axial,Dexs,avax_core,1,1,1574,1574,37337.00969,37337.00969,0.0,1.0,1.0,1.0,active_on_avax,ge_10k,0.0,0,1,core_eligible,,1.0,structural_decay,1.0,92118975.0,37337.0,0.9995946871966388,-0.1261876901474374,-0.9826011183597392,832.0,1.9129274496958937,1,1,alive,2021-11-16,native_revival_or_threshold_boundary,0.668914628774369,0.7100901807420446,0.28990981925795545,elevated,early drawdown stayed high,active-day density stayed low,peak arrived too early,0.07216811173575498,0.1238768253271729,0.668914628774369,0.7100901807420446,early drawdown stayed high,active-day density stayed low,peak arrived too early,0.048274305671069724,monitor
baguette,Baguette,Dexs,avax_core,1,1,1785,1785,21289.50526,21289.50526,0.0,1.0,1.0,1.0,active_on_avax,ge_10k,0.0,0,1,core_eligible,,1.0,structural_decay,1.0,5376154.0,21289.0,0.9960401059939876,0.0852278519726781,-0.3864730123051209,926.0,1.9219437407293245,1,1,alive,2021-04-19,native_revival_or_threshold_boundary,0.7217555780124425,0.8569540513304686,0.14304594866953133,critical,early drawdown stayed high,active-day density stayed low,peak arrived too early,0.023370826915503583,0.049487888722001466,0.7217555780124425,0.8569540513304686,early drawdown stayed high,active-day density stayed low,peak arrived too early,0.01686802468902804,monitor
baki,Baki,CDP,avax_core,1,1,859,859,5961.75733,5961.75733,0.0,1.0,0.0,1.0,low_tvl_on_avax,lt_10k,1.0,0,1,core_eligible,,1.0,structural_decay,1.0,61197.0,5961.0,0.9025932643757046,-0.0008379420144126,-0.0015072852118573,244.0,1.078235204017923,1,1,dead,2023-10-31,terminal_global_decay,0.6065907735811211,0.7294917190749033,0.27050828092509677,elevated,early drawdown stayed high,active-day density stayed low,peak arrived too early,0.9619881316553249,0.9515332957625504,0.6065907735811211,0.7294917190749033,early drawdown stayed high,active-day density stayed low,peak arrived too early,0.583533124956661,elevated
baklava-space,Baklava Space,Yield,avax_core,1,1,929,929,6421.93652,6422.5463500000005,0.6098300000003292,0.9999050485637988,0.0,1.0,low_tvl_on_avax,lt_10k,1.0,0,1,core_eligible,,1.0,resilient_or_unproven,0.0,333706.0,6421.0,0.9807585119836024,0.0,0.0,304.0,0.9308409699403564,0,4,dead,2023-08-23,resilient_or_unproven,0.09061368109708312,0.9455376611391477,0.05446233886085227,stable_watch,early drawdown stayed high,active-day density stayed low,peak arrived too early,0.8981137230695184,,0.09061368109708312,0.9455376611391477,early drawdown stayed high,active-day density stayed low,peak arrived too early,0.08138139049113537,monitor
balanced-exchange,Balanced Exchange,Dexs,avax_core,1,1,690,1662,1693069.87654,3806305.74262,2113235.86608,0.4448065896499966,7.0,1.0,active_on_avax,ge_10k,0.0,0,1,core_eligible,,1.0,resilient_or_unproven,0.0,3465977.0,1693069.0,0.5115175317089525,-0.1337832562570444,-0.333279777396323,104.0,0.2922638291733805,0,11,alive,2024-04-18,resilient_or_unproven,0.047529484361256556,0.9554069811333681,0.04459301886663192,stable_watch,early drawdown stayed high,active-day density stayed low,peak arrived too early,0.0973483112004626,,0.047529484361256556,0.9554069811333681,early drawdown stayed high,active-day density stayed low,peak arrived too early,0.004626915034797123,monitor
balancer-v2,Balancer V2,Dexs,avax_core,1,1,933,1765,130875.47206,44862485.86844,44731610.39638,0.0029172585853533,9.0,1.0,active_on_avax,ge_10k,0.0,0,1,core_eligible,,1.0,resilient_or_unproven,0.0,28884163.0,130875.0,0.995468970314286,0.0662169648385309,-0.8892684028797186,416.0,0.9390938017693236,0,9,alive,2023-08-02,resilient_or_unproven,0.03951229937889261,0.9723559771254389,0.02764402287456115,stable_watch,early drawdown stayed high,active-day density stayed low,peak arrived too early,0.0340408150160176,,0.03951229937889261,0.9723559771254389,early drawdown stayed high,active-day density stayed low,peak arrived too early,0.0013450308740143905,monitor
balancer-v3,Balancer V3,Dexs,avax_core,1,1,335,453,739307.19042,96558868.42568,95819561.23526,0.0076565436450721,9.0,0.983562,active_on_avax,ge_10k,0.0,0,1,core_eligible,,0.983562,censored,,30796388.0,739307.0,0.975993710691007,-0.0912009834050399,0.4839135714500768,127.0,0.8767490053164084,0,8,alive,2025-04-12,resilient_or_unproven,0.07366368088683402,0.8936505726256911,0.09141409222225835,stable_watch,early drawdown stayed high,active-day density stayed low,peak arrived too early,0.0850866378592883,,0.07366368088683402,0.8936505726256911,early drawdown stayed high,active-day density stayed low,peak arrived too early,0.006267794939000223,monitor
balmy,Balmy,DCA Tools,avax_core,1,1,611,1651,44.08471,190891.74224,190847.65753000003,0.0002309408960423,4.0,1.0,low_tvl_on_avax,lt_10k,1.0,1,1,core_eligible,,1.0,structural_decay,1.0,7677.0,44.0,0.994268594503061,0.0714285714285714,-0.2622950819672131,197.0,1.7636134926800415,0,10,alive,2024-07-20,multichain_relocation,0.5449085512335707,0.6871902741410947,0.31280972585890526,elevated,early drawdown stayed high,active-day density stayed low,peak arrived too early,0.05564370841566408,0.16591199452738872,0.5449085512335707,0.6871902741410947,early drawdown stayed high,active-day density stayed low,peak arrived too early,0.030320732538042763,monitor
banksy-farm,Banksy Farm,Yield,avax_core,1,1,1531,1531,9371.94871,9371.94871,0.0,1.0,0.0,1.0,low_tvl_on_avax,lt_10k,1.0,0,1,core_eligible,,1.0,structural_decay,1.0,650070.0,9371.0,0.9855846293476088,0.0038560411311053,-0.0670913796535934,770.0,2.754999673276345,1,1,dead,2021-12-29,terminal_global_decay,0.9557114580403401,0.9680940718858522,0.03190592811414786,critical,early drawdown stayed high,active-day density stayed low,peak arrived too early,0.9524528280400497,0.9054472759059992,0.9557114580403401,0.9680940718858522,early drawdown stayed high,active-day density stayed low,peak arrived too early,0.9102700810008012,terminal_risk
baymax,BayMax,Derivatives,avax_core,1,1,1157,1157,2.69078,2.69078,0.0,1.0,0.0,1.0,low_tvl_on_avax,lt_10k,1.0,0,1,core_eligible,,1.0,structural_decay,1.0,608853.0,2.0,0.999996715134852,0.0,-0.25,113.0,3.37841551129222,1,1,dead,2023-01-07,terminal_global_decay,0.6449790361641409,0.7661075196791051,0.23389248032089494,elevated,early drawdown stayed high,active-day density stayed low,peak arrived too early,0.9873336253276543,0.9746002272272835,0.6449790361641409,0.7661075196791051,early drawdown stayed high,active-day density stayed low,peak arrived too early,0.6368094900362775,elevated
beefy,Beefy,Yield Aggregator,avax_core,1,1,1746,1746,1904221.41172,144605617.69734,142701396.28562,0.0131683778406558,26.0,1.0,active_on_avax,ge_10k,0.0,0,1,core_eligible,,1.0,resilient_or_unproven,0.0,295395475.0,1904221.0,0.9935536554850748,-0.9552337178694204,-0.7986776865096155,735.0,1.8395423476311965,0,40,alive,2021-05-26,resilient_or_unproven,0.11169575493895531,0.8493168873808665,0.15068311261913347,stable_watch,early drawdown stayed high,active-day density stayed low,peak arrived too early,0.029098612465386375,,0.11169575493895531,0.8493168873808665,early drawdown stayed high,active-day density stayed low,peak arrived too early,0.0032501914869974267,monitor
benqi-lending,Benqi Lending,Lending,avax_core,1,1,1663,1663,137329231.48634,137329231.48634,0.0,1.0,1.0,1.0,active_on_avax,ge_10k,0.0,0,1,core_eligible,,1.0,resilient_or_unproven,0.0,1809843626.0,137329231.0,0.92412094115362,-0.0239233856670069,-0.4157965124792335,805.0,1.0176057160812209,1,1,alive,2021-08-19,resilient_or_unproven,0.051750675397854974,0.9381772681920405,0.06182273180795951,stable_watch,early drawdown stayed high,active-day density stayed low,peak arrived too early,0.09622998160611196,,0.051750675397854974,0.9381772681920405,early drawdown stayed high,active-day density stayed low,peak arrived too early,0.004979966541639455,monitor
benqi-staked-avax,Benqi Staked Avax,Liquid Staking,avax_core,1,1,1481,1481,220728496.62846,220728496.62846,0.0,1.0,1.0,1.0,active_on_avax,ge_10k,0.0,0,1,core_eligible,,1.0,resilient_or_unproven,0.0,625812927.0,220728496.0,0.6472931662531797,0.1673562028748054,-0.347594557839287,98.0,0.590570566425971,1,1,alive,2022-02-17,resilient_or_unproven,0.10086300355820765,0.9335904900954245,0.06640950990457552,stable_watch,early drawdown stayed high,active-day density stayed low,peak arrived too early,0.14858046897910893,,0.10086300355820765,0.9335904900954245,early drawdown stayed high,active-day density stayed low,peak arrived too early,0.014986272371320025,monitor
beta-finance-v1,Beta Finance V1,Lending,avax_core,1,1,1490,1656,7719.17494,511025.3695,503306.19456,0.0151052675673472,1.0,1.0,low_tvl_on_avax,lt_10k,1.0,0,1,core_eligible,,1.0,structural_decay,1.0,10624344.0,7719.0,0.9992734610249818,-0.2353407290015848,-0.4774604034113984,768.0,3.3040689966361536,0,2,alive,2022-01-28,terminal_global_decay,0.5948337482952212,0.7683481491613534,0.23165185083864662,elevated,early drawdown stayed high,active-day density stayed low,peak arrived too early,0.484662938760765,0.334358289253238,0.5948337482952212,0.7683481491613534,early drawdown stayed high,active-day density stayed low,peak arrived too early,0.28829387252284305,monitor
betswirl,BetSwirl,Prediction Market,total_only,0,1,0,1325,0.0,0.0,0.0,0.0,0.0,0.25,no_avax_core_history,unknown,,0,0,boundary_excluded,no_avax_core_history_total_only,0.25,missing_avax_history,,,,,,,,,0,6,dead,,not_core_eligible,,,,,,,,,,,,,,,,not_core_eligible
bifi,BiFi,Lending,avax_core,1,1,1677,1880,2116.22129,8176894.12575,8174777.90446,0.0002588050251666,4.0,1.0,low_tvl_on_avax,lt_10k,1.0,1,1,core_eligible,,1.0,resilient_or_unproven,0.0,2064888.0,2116.0,0.9989752470836192,0.0968911917098445,-0.3113207547169811,820.0,1.4509287538077371,0,5,alive,2021-10-13,avax_side_decay_but_globally_alive,0.05562510671471798,0.929122146931608,0.07087785306839203,stable_watch,early drawdown stayed high,active-day density stayed low,peak arrived too early,0.0247572373649368,0.031041173090968488,0.05562510671471798,0.929122146931608,early drawdown stayed high,active-day density stayed low,peak arrived too early,0.0013771239703862129,monitor
bim,BIM,Yield Aggregator,avax_core,1,1,136,245,0.0,639142.8914900001,639142.8914900001,0.0,4.0,0.841644,low_tvl_on_avax,lt_10k,1.0,1,1,core_eligible,,0.841644,censored,,0.0,0.0,0.0,0.0,0.0,0.0,0.0,0,12,alive,2025-10-24,resilient_or_unproven,0.6317275491186038,0.5065512962330381,0.3981406672737665,elevated,early drawdown stayed high,active-day density stayed low,peak arrived too early,0.16401824763591552,,0.6317275491186038,0.5065512962330381,early drawdown stayed high,active-day density stayed low,peak arrived too early,0.10361484558976515,monitor
bitbond-lockers,Bitbond Lockers,Token Locker,avax_core,1,1,350,350,0.0,9519160.88601,9519160.88601,0.0,3.0,0.987671,low_tvl_on_avax,lt_10k,1.0,1,1,core_eligible,,0.987671,censored,,0.0,0.0,0.0,0.0,0.0,0.0,0.0,0,7,alive,2025-03-13,resilient_or_unproven,0.7197177692878078,0.6206330779708626,0.37161962032816315,critical,early drawdown stayed high,active-day density stayed low,peak arrived too early,0.24835856806391465,,0.7197177692878078,0.6206330779708626,early drawdown stayed high,active-day density stayed low,peak arrived too early,0.17874807459047484,monitor
bitbond-sales,Bitbond Sales,Launchpad,avax_core,1,1,361,361,0.0,55930.0914,55930.0914,0.0,1.0,0.996712,low_tvl_on_avax,lt_10k,1.0,0,1,core_eligible,,0.996712,censored,,0.0,0.0,0.0,0.0,0.0,0.0,0.0,0,7,alive,2025-03-13,resilient_or_unproven,0.9888982155971826,0.9858698617148247,0.010877904836277047,critical,early drawdown stayed high,active-day density stayed low,peak arrived too early,0.8861819431942272,,0.9888982155971826,0.9858698617148247,early drawdown stayed high,active-day density stayed low,peak arrived too early,0.8763437423192151,terminal_risk
blackhole-amm,Blackhole AMM,Dexs,avax_core,1,1,242,242,6394590.44492,6394590.44492,0.0,1.0,1.0,0.898904,active_on_avax,ge_10k,0.0,0,1,core_eligible,,0.898904,censored,,159490327.0,6394590.0,0.9599060951201136,-0.2866350021675635,-0.6487083727131073,129.0,0.8908087260858545,1,1,alive,2025-07-11,resilient_or_unproven,0.44590664334313784,0.7611777713221891,0.15321572568128625,stable_watch,early drawdown stayed high,active-day density stayed low,peak arrived too early,0.16088692800059864,,0.44590664334313784,0.7611777713221891,early drawdown stayed high,active-day density stayed low,peak arrived too early,0.07174055002253604,monitor
blackhole-clmm,Blackhole CLMM,Dexs,avax_core,1,1,242,242,33646582.96701,33646582.96701,0.0,1.0,1.0,0.898904,active_on_avax,ge_10k,0.0,0,1,core_eligible,,0.898904,censored,,158077917.0,33646582.0,0.787151914457476,0.0090342477611484,-0.4084083053421091,117.0,0.4750148007584374,1,1,alive,2025-07-11,resilient_or_unproven,0.18487616435782048,0.8524128092094698,0.051719861954702774,stable_watch,early drawdown stayed high,active-day density stayed low,peak arrived too early,0.14632980126263984,,0.18487616435782048,0.8524128092094698,early drawdown stayed high,active-day density stayed low,peak arrived too early,0.027052892388679008,monitor
blizz-finance,Blizz Finance,Lending,avax_core,1,1,666,666,0.0,0.0,0.0,0.0,0.0,1.0,low_tvl_on_avax,lt_10k,1.0,0,1,core_eligible,,1.0,structural_decay,1.0,1299896382.0,0.0,1.0,0.0,0.0,108.0,2.7753895550591343,1,1,dead,2021-11-08,terminal_global_decay,0.7874742273689799,0.8048214939242503,0.1951785060757497,critical,early drawdown stayed high,active-day density stayed low,peak arrived too early,0.9986864953526517,0.9997564303858127,0.7874742273689799,0.8048214939242503,early drawdown stayed high,active-day density stayed low,peak arrived too early,0.7864398763116638,terminal_risk
blizzard,Blizzard,Yield,avax_core,1,1,704,704,2535.98902,2535.98902,0.0,1.0,0.0,1.0,low_tvl_on_avax,lt_10k,1.0,0,1,core_eligible,,1.0,structural_decay,1.0,11610280.0,2535.0,0.9997816590125302,-0.0272343690065209,-0.3773631230051559,357.0,3.508313623199615,1,1,dead,2021-10-01,terminal_global_decay,0.8729256720473293,0.9071685510088048,0.09283144899119516,critical,early drawdown stayed high,active-day density stayed low,peak arrived too early,0.9852159357197873,0.9872867231121805,0.8729256720473293,0.9071685510088048,early drawdown stayed high,active-day density stayed low,peak arrived too early,0.8600202827999337,terminal_risk
boofinance,BooFinance,Yield,avax_core,1,1,1523,1523,16674.1814,16674.1814,0.0,1.0,1.0,1.0,active_on_avax,ge_10k,0.0,0,1,core_eligible,,1.0,structural_decay,1.0,22419106.0,16674.0,0.9992562593709132,0.0383585528364157,-0.1929629271125738,799.0,5.9435289203574255,1,1,alive,2022-01-06,native_revival_or_threshold_boundary,0.9368450396728338,0.9716849339721559,0.02831506602784411,critical,early drawdown stayed high,active-day density stayed low,peak arrived too early,0.11133091264509157,0.21868452709845293,0.9368450396728338,0.9716849339721559,early drawdown stayed high,active-day density stayed low,peak arrived too early,0.10429981327380361,monitor
bridgers,Bridgers,Dexs,avax_core,1,1,626,626,14372.62965,1779653.90781,1765281.27816,0.0080760813026205,8.0,1.0,active_on_avax,ge_10k,0.0,0,1,core_eligible,,1.0,resilient_or_unproven,0.0,159793.0,14372.0,0.9100586383633826,-0.2802343632630577,-0.4920124408001696,198.0,0.8815578874598125,0,16,alive,2024-06-19,resilient_or_unproven,0.2975691943497129,0.762479796841292,0.23752020315870806,stable_watch,early drawdown stayed high,active-day density stayed low,peak arrived too early,0.08880290838881828,,0.2975691943497129,0.762479796841292,early drawdown stayed high,active-day density stayed low,peak arrived too early,0.02642500990517202,monitor
brokkr-finance,Brokkr Finance,Indexes,avax_core,1,1,1063,1063,6539.32634,7084.86885,545.5425100000002,0.9229989260845668,0.0,1.0,low_tvl_on_avax,lt_10k,1.0,0,1,core_eligible,,1.0,resilient_or_unproven,0.0,190763.0,6539.0,0.965721864302826,0.0013780431786862,-0.0057768318637883,525.0,0.7430749199367599,0,2,dead,2023-04-07,resilient_or_unproven,0.07845592182954422,0.9472079223777654,0.05279207762223454,stable_watch,early drawdown stayed high,active-day density stayed low,peak arrived too early,0.8866439879632779,,0.07845592182954422,0.9472079223777654,early drawdown stayed high,active-day density stayed low,peak arrived too early,0.06956247141028228,monitor
butterfly-finance,Butterfly Finance,Farm,avax_core,1,1,812,812,17.75212,17.75212,0.0,1.0,0.0,1.0,low_tvl_on_avax,lt_10k,1.0,0,1,core_eligible,,1.0,structural_decay,1.0,291.0,17.0,0.9415807560137456,0.0,-0.28,351.0,0.5959109574672249,1,1,dead,2023-12-19,terminal_global_decay,0.9617495344159335,0.9662676202370378,0.03373237976296217,critical,early drawdown stayed high,active-day density stayed low,peak arrived too early,0.9962632197576113,0.9919648326877413,0.9617495344159335,0.9662676202370378,early drawdown stayed high,active-day density stayed low,peak arrived too early,0.9581556877576015,terminal_risk
button-wrappers,Button Wrappers,CDP,avax_core,1,1,826,826,121.86779,35637.69673,35515.82894,0.0034196314908704,2.0,1.0,low_tvl_on_avax,lt_10k,1.0,0,1,core_eligible,,1.0,structural_decay,1.0,1340212.0,121.0,0.99990971577631,0.0892857142857142,-0.3259668508287293,374.0,2.652606393597128,0,4,alive,2023-12-04,terminal_global_decay,0.4917029730619643,0.6393138472015495,0.3606861527984505,elevated,early drawdown stayed high,active-day density stayed low,peak arrived too early,0.7086194031403009,0.4753255495969918,0.4917029730619643,0.6393138472015495,early drawdown stayed high,active-day density stayed low,peak arrived too early,0.3484302672934806,monitor
bxh,BXH,Dexs,avax_core,1,1,1382,1414,3264.35217,41360.63090999999,38096.27874,0.0789241386840344,1.0,1.0,low_tvl_on_avax,lt_10k,1.0,0,1,core_eligible,,1.0,structural_decay,1.0,253697.0,3264.0,0.9871342585840588,-0.0006121824303642,-0.0033577533577533,640.0,2.6810753216385383,0,5,alive,2022-05-27,terminal_global_decay,0.609986559427375,0.7564146875461785,0.2435853124538215,elevated,early drawdown stayed high,active-day density stayed low,peak arrived too early,0.7465583373062293,0.621458926646953,0.609986559427375,0.7564146875461785,early drawdown stayed high,active-day density stayed low,peak arrived too early,0.45539055158524855,elevated
cables-finance,Cables Finance,Dexs,avax_core,1,1,496,496,0.0,0.0,0.0,0.0,0.0,1.0,low_tvl_on_avax,lt_10k,1.0,0,1,core_eligible,,1.0,resilient_or_unproven,0.0,539068.0,0.0,1.0,-0.9999966099856265,-0.9999967817098132,65.0,0.5727178083278657,0,2,dead,2024-10-29,resilient_or_unproven,0.1567708063074548,0.8970240231212533,0.10297597687874674,stable_watch,early drawdown stayed high,active-day density stayed low,peak arrived too early,0.912139027848101,,0.1567708063074548,0.8970240231212533,early drawdown stayed high,active-day density stayed low,peak arrived too early,0.14299677086024476,monitor
cakedao,CakeDAO,Reserve Currency,avax_core,1,1,624,624,0.0,0.0,0.0,0.0,0.0,1.0,low_tvl_on_avax,lt_10k,1.0,0,1,core_eligible,,1.0,structural_decay,1.0,486281.0,0.0,1.0,0.0,0.0,23.0,4.845750531529235,1,1,dead,2021-12-20,terminal_global_decay,0.9805270682145494,0.976207200977181,0.02379279902281891,critical,early drawdown stayed high,active-day density stayed low,peak arrived too early,1.0,1.0,0.9805270682145494,0.976207200977181,early drawdown stayed high,active-day density stayed low,peak arrived too early,0.9805270682145494,terminal_risk
canary,Canary,Dexs,avax_core,1,1,1742,1742,25785.55847,26014.79137,229.23289999999903,0.9911883629301618,1.0,1.0,active_on_avax,ge_10k,0.0,0,1,core_eligible,,1.0,resilient_or_unproven,0.0,2371153.0,25785.0,0.9891255435646708,-0.0118034797271403,-0.1499587934728861,897.0,1.600723167044641,0,2,alive,2021-05-31,resilient_or_unproven,0.25218826441519127,0.8441753715375186,0.15582462846248138,stable_watch,early drawdown stayed high,active-day density stayed low,peak arrived too early,0.08013413716924996,,0.25218826441519127,0.8441753715375186,early drawdown stayed high,active-day density stayed low,peak arrived too early,0.020208888973122015,monitor
cavalre,CavalRe,Dexs,avax_core,1,1,910,910,12361.95284,12361.95284,0.0,1.0,1.0,1.0,active_on_avax,ge_10k,0.0,0,1,core_eligible,,1.0,structural_decay,1.0,2038485.0,12361.0,0.9939361829986484,0.0285381479324403,-0.1715032504523825,378.0,1.700144363191508,1,1,alive,2023-09-11,native_revival_or_threshold_boundary,0.14708116730805562,0.8991605681142557,0.10083943188574433,stable_watch,early drawdown stayed high,active-day density stayed low,peak arrived too early,0.09477843821091153,0.1766377379655704,0.14708116730805562,0.8991605681142557,early drawdown stayed high,active-day density stayed low,peak arrived too early,0.013940123327695291,monitor
cesta-finance,Cesta Finance,Reserve Currency,avax_core,1,1,1501,1501,0.0,0.0,0.0,0.0,0.0,1.0,low_tvl_on_avax,lt_10k,1.0,0,1,core_eligible,,1.0,resilient_or_unproven,0.0,96263.0,0.0,1.0,0.0,0.0,295.0,1.3785800200231113,1,1,dead,2022-01-29,resilient_or_unproven,0.2377276907125108,0.8480166087192132,0.15198339128078678,stable_watch,early drawdown stayed high,active-day density stayed low,peak arrived too early,0.9298235904100008,,0.2377276907125108,0.8480166087192132,early drawdown stayed high,active-day density stayed low,peak arrived too early,0.221044814918185,monitor
chaingpt,ChainGPT,Launchpad,avax_core,1,1,625,805,0.0,38313.81886,38313.81886,0.0,1.0,1.0,low_tvl_on_avax,lt_10k,1.0,0,1,core_eligible,,1.0,structural_decay,1.0,20019.0,0.0,1.0,0.0,0.0,3.0,8.782098621536608,0,10,alive,2024-04-17,terminal_global_decay,0.9334818689619653,0.9177176579394533,0.08228234206054669,critical,early drawdown stayed high,active-day density stayed low,peak arrived too early,0.9187296521999846,0.8108636807881857,0.9334818689619653,0.9177176579394533,early drawdown stayed high,active-day density stayed low,peak arrived too early,0.857617472806418,terminal_risk
champion-finance,Champion Finance,Algo-Stables,avax_core,1,1,1286,1286,0.0,0.0,0.0,0.0,0.0,1.0,low_tvl_on_avax,lt_10k,1.0,0,1,core_eligible,,1.0,structural_decay,1.0,0.0,0.0,0.0,0.0,0.0,0.0,0.0,1,1,dead,2022-08-27,terminal_global_decay,0.9981867329360612,0.9984501818076144,0.0015498181923856364,critical,early drawdown stayed high,active-day density stayed low,peak arrived too early,0.9996838323353293,0.9994116511405596,0.9981867329360612,0.9984501818076144,early drawdown stayed high,active-day density stayed low,peak arrived too early,0.9978711385678035,terminal_risk
chikn-farm,Chikn Farm,Services,avax_core,1,1,1524,1524,0.0,0.0,0.0,0.0,0.0,1.0,low_tvl_on_avax,lt_10k,1.0,0,1,core_eligible,,1.0,structural_decay,1.0,0.0,0.0,0.0,0.0,0.0,0.0,0.0,1,1,dead,2022-01-05,terminal_global_decay,0.998110057347924,0.9982413912426092,0.0017586087573907446,critical,early drawdown stayed high,active-day density stayed low,peak arrived too early,0.9996838323353293,0.9995091363230143,0.998110057347924,0.9982413912426092,early drawdown stayed high,active-day density stayed low,peak arrived too early,0.997794487222008,terminal_risk
cian-automation,CIAN Automation,Yield,avax_core,1,1,726,726,938760.61484,1037009.9744,98249.35956,0.9052570737163392,3.0,1.0,active_on_avax,ge_10k,0.0,0,1,core_eligible,,1.0,resilient_or_unproven,0.0,9958364.0,938760.0,0.9057315036887584,0.1624544310819646,-0.3677534108924961,378.0,0.4982007302489334,0,3,alive,2024-03-13,resilient_or_unproven,0.08984352395811941,0.9375660686295044,0.06243393137049555,stable_watch,early drawdown stayed high,active-day density stayed low,peak arrived too early,0.08264316395902306,,0.08984352395811941,0.9375660686295044,early drawdown stayed high,active-day density stayed low,peak arrived too early,0.007424953081127279,monitor
clearpool-lending,Clearpool Lending,Uncollateralized Lending,avax_core,1,1,658,1415,46.05894,628250.19973,628204.14079,7.331305269746755e-05,5.0,1.0,low_tvl_on_avax,lt_10k,1.0,1,1,core_eligible,,1.0,structural_decay,1.0,624342.0,46.0,0.9999263224322568,0.0,0.0,11.0,9.861011119097435,0,9,alive,2024-05-17,multichain_relocation,0.5614632720919908,0.7101087574593203,0.2898912425406796,elevated,early drawdown stayed high,active-day density stayed low,peak arrived too early,0.1034644517058359,0.21617665730555788,0.5614632720919908,0.7101087574593203,early drawdown stayed high,active-day density stayed low,peak arrived too early,0.05809148959996238,monitor
cleopatra-dao,Cleopatra DAO,Yield Aggregator,avax_core,1,1,596,596,0.0,0.0,0.0,0.0,0.0,1.0,low_tvl_on_avax,lt_10k,1.0,0,1,core_eligible,,1.0,structural_decay,1.0,213316.0,0.0,1.0,0.0,0.0,29.0,3.5030274026503894,1,1,dead,2022-01-17,terminal_global_decay,0.9617112611311396,0.9611740167403892,0.0388259832596108,critical,early drawdown stayed high,active-day density stayed low,peak arrived too early,1.0,0.9997170095333667,0.9617112611311396,0.9611740167403892,early drawdown stayed high,active-day density stayed low,peak arrived too early,0.9617112611311396,terminal_risk
clovis,Clovis,Yield Aggregator,avax_core,1,1,168,168,1233.50354,280106.02446,278872.52092,0.0044037022851543,3.0,0.838082,low_tvl_on_avax,lt_10k,1.0,1,1,core_eligible,,0.838082,censored,,7459.0,1233.0,0.834696339991956,0.0,-0.8341174889097998,14.0,0.4657721173215407,0,10,alive,2025-09-22,resilient_or_unproven,0.5680627666144888,0.4909950199584531,0.4141444155124998,elevated,early drawdown stayed high,active-day density stayed low,peak arrived too early,0.10489635472345439,,0.5680627666144888,0.4909950199584531,early drawdown stayed high,active-day density stayed low,peak arrived too early,0.05958771347198031,monitor
coinscope,Coinscope,Token Locker,avax_core,1,1,965,965,0.0,14965.52691,14965.52691,0.0,1.0,1.0,low_tvl_on_avax,lt_10k,1.0,0,1,core_eligible,,1.0,structural_decay,1.0,0.0,0.0,0.0,0.0,0.0,0.0,0.0,0,9,alive,2023-07-11,terminal_global_decay,0.965410338080819,0.9658528504335169,0.03414714956648308,critical,early drawdown stayed high,active-day density stayed low,peak arrived too early,0.9304899865029677,0.8897700893151688,0.965410338080819,0.9658528504335169,early drawdown stayed high,active-day density stayed low,peak arrived too early,0.8983046524506467,terminal_risk
colony,Colony,Yield,avax_core,1,1,1550,1550,113036.02187,284381.41168,171345.38981000002,0.397480345857463,2.0,1.0,active_on_avax,ge_10k,0.0,0,1,core_eligible,,1.0,resilient_or_unproven,0.0,1631456.0,113036.0,0.9307146499813664,-0.0631309363966383,-0.6807360438349974,224.0,1.359320041704691,1,1,alive,2024-05-21,resilient_or_unproven,0.07222776257383749,0.9612307841322038,0.03876921586779628,stable_watch,early drawdown stayed high,active-day density stayed low,peak arrived too early,0.11793697181125348,,0.07222776257383749,0.9612307841322038,early drawdown stayed high,active-day density stayed low,peak arrived too early,0.008518323598660582,monitor
complus-network,Complus Network,Dexs,avax_core,1,1,1844,1844,61370.99588,64146.21248,2775.2166,0.956736080078535,1.0,1.0,active_on_avax,ge_10k,0.0,0,1,core_eligible,,1.0,structural_decay,1.0,5217645.0,61370.0,0.9882379885944712,0.0548470264695771,-0.1750211719159575,960.0,2.000673152229666,0,4,alive,2021-02-18,native_revival_or_threshold_boundary,0.4594201504993878,0.7766004029618783,0.22339959703812176,elevated,early drawdown stayed high,active-day density stayed low,peak arrived too early,0.019567826211820467,0.03171222598754124,0.4594201504993878,0.7766004029618783,early drawdown stayed high,active-day density stayed low,peak arrived too early,0.008989853663180425,monitor
contango-v2,Contango V2,Derivatives,avax_core,1,1,431,708,454797.56121,15848577.3736,15393779.81239,0.0286964281076474,9.0,1.0,active_on_avax,ge_10k,0.0,0,1,core_eligible,,1.0,censored,,1114449.0,454797.0,0.5919086472328478,-0.1673462064470535,-0.418701582217405,43.0,0.4074921844948387,0,10,alive,2024-09-13,resilient_or_unproven,0.05748522946724096,0.9450086720960513,0.054991327903948665,stable_watch,early drawdown stayed high,active-day density stayed low,peak arrived too early,0.10886264908835624,,0.05748522946724096,0.9450086720960513,early drawdown stayed high,active-day density stayed low,peak arrived too early,0.006257994363255888,monitor
cook-finance,Cook Finance,Indexes,avax_core,1,1,1559,1597,9953.3351,132488.97919,122535.64409000002,0.0751257588431269,2.0,1.0,low_tvl_on_avax,lt_10k,1.0,1,1,core_eligible,,1.0,structural_decay,1.0,3746012.0,9953.0,0.99734304107942,0.0330012453300124,-0.7384655806621124,793.0,2.688594038157471,0,4,alive,2021-11-29,multichain_relocation,0.11139379098148888,0.9193038605872375,0.08069613941276257,stable_watch,early drawdown stayed high,active-day density stayed low,peak arrived too early,0.03417942457557867,0.07128853490812115,0.11139379098148888,0.9193038605872375,early drawdown stayed high,active-day density stayed low,peak arrived too early,0.0038073756770395746,monitor
core-bridge,CORE Bridge,Canonical Bridge,avax_core,1,1,475,475,871506.58907,2580583.28048,1709076.6914100002,0.3377169013153863,6.0,1.0,active_on_avax,ge_10k,0.0,0,1,core_eligible,,1.0,resilient_or_unproven,0.0,3541586.0,871506.0,0.7539221128613,-0.0033598453876458,0.0776748131550701,208.0,0.7677171016141664,0,7,alive,2024-11-19,resilient_or_unproven,0.05425769577167051,0.9540025081730292,0.04599749182697072,stable_watch,early drawdown stayed high,active-day density stayed low,peak arrived too early,0.11192088501494944,,0.05425769577167051,0.9540025081730292,early drawdown stayed high,active-day density stayed low,peak arrived too early,0.006072569329637244,monitor
cougarswap,CougarSwap,Yield,avax_core,1,1,1535,1535,5034.2632,43950.47661,38916.21341,0.1145439956128839,2.0,1.0,low_tvl_on_avax,lt_10k,1.0,0,1,core_eligible,,1.0,structural_decay,1.0,508233.0,5034.0,0.9900950941792446,0.0304952926729431,-0.1992684478371501,790.0,3.0301041923253944,0,8,alive,2021-11-19,terminal_global_decay,0.9257431627289396,0.9492556434629664,0.050744356537033526,critical,early drawdown stayed high,active-day density stayed low,peak arrived too early,0.6715954471385461,0.5149629133900143,0.9257431627289396,0.9492556434629664,early drawdown stayed high,active-day density stayed low,peak arrived too early,0.6217248933083941,elevated
coup-farm,Coup Farm,Yield,avax_core,1,1,1532,1532,15.19103,15.19103,0.0,1.0,0.0,1.0,low_tvl_on_avax,lt_10k,1.0,0,1,core_eligible,,1.0,structural_decay,1.0,28310.0,15.0,0.9994701518897916,0.0,0.0,64.0,12.24350036885168,1,1,dead,2021-12-28,terminal_global_decay,0.9956438931346328,0.9941448373485493,0.005855162651450714,critical,early drawdown stayed high,active-day density stayed low,peak arrived too early,0.9982522893772893,0.9862262653553144,0.9956438931346328,0.9941448373485493,early drawdown stayed high,active-day density stayed low,peak arrived too early,0.9939037957261643,terminal_risk
crabada,Crabada,Gaming,avax_core,1,1,1517,1517,0.0,0.0,0.0,0.0,0.0,1.0,low_tvl_on_avax,lt_10k,1.0,0,1,core_eligible,,1.0,structural_decay,1.0,0.0,0.0,0.0,0.0,0.0,0.0,0.0,1,1,dead,2022-01-12,terminal_global_decay,0.9986374302656278,0.9989645294117065,0.001035470588293435,critical,early drawdown stayed high,active-day density stayed low,peak arrived too early,0.9996838323353293,1.0,0.9986374302656278,0.9989645294117065,early drawdown stayed high,active-day density stayed low,peak arrived too early,0.9983216934014479,terminal_risk
createmytoken,CreateMyToken,Launchpad,avax_core,1,1,402,402,9.1064,27649.28908,27640.18268,0.0003293538569346,1.0,1.0,low_tvl_on_avax,lt_10k,1.0,0,1,core_eligible,,1.0,censored,,35.0,9.0,0.7428571428571429,0.1111111111111111,-0.2857142857142857,117.0,0.3099192001783227,0,8,alive,2025-01-31,resilient_or_unproven,0.9416777678174968,0.9688711822769931,0.031128817723006942,critical,early drawdown stayed high,active-day density stayed low,peak arrived too early,0.8797336819161,,0.9416777678174968,0.9688711822769931,early drawdown stayed high,active-day density stayed low,peak arrived too early,0.8284256498606208,terminal_risk
crocodile-finance,Crocodile Finance,Algo-Stables,avax_core,1,1,256,256,4.86613,4.86613,0.0,1.0,0.0,0.910411,low_tvl_on_avax,lt_10k,1.0,0,1,core_eligible,,0.910411,censored,,19684747.0,4.0,0.999999796796982,0.0,0.0,16.0,8.127183831814232,1,1,dead,2025-06-26,resilient_or_unproven,0.9854001125963869,0.8922725341749702,0.019923381665016938,critical,early drawdown stayed high,active-day density stayed low,peak arrived too early,0.9992542372881357,,0.9854001125963869,0.8922725341749702,early drawdown stayed high,active-day density stayed low,peak arrived too early,0.9846652379361457,terminal_risk
crypto-lottery,Crypto Lottery,Luck Games,avax_core,1,1,664,668,2.22,10.56977,8.34977,0.2100329524672722,0.0,1.0,low_tvl_on_avax,lt_10k,1.0,0,1,core_eligible,,1.0,structural_decay,1.0,6.0,2.0,0.6666666666666666,0.5,0.5,10.0,0.6596850639938043,0,6,dead,2022-11-22,terminal_global_decay,0.9572794961420832,0.9449221901268341,0.055077809873165906,critical,early drawdown stayed high,active-day density stayed low,peak arrived too early,0.9882032136341339,0.976585395757491,0.9572794961420832,0.9449221901268341,early drawdown stayed high,active-day density stayed low,peak arrived too early,0.9459866744336711,terminal_risk
cryptoblades,CryptoBlades,Gaming,avax_core,1,1,1307,1307,0.0,0.0,0.0,0.0,0.0,1.0,low_tvl_on_avax,lt_10k,1.0,0,1,core_eligible,,1.0,structural_decay,1.0,0.0,0.0,0.0,0.0,0.0,0.0,0.0,0,7,dead,2022-08-09,terminal_global_decay,0.9909031188279842,0.9913917010079142,0.008608298992085801,critical,early drawdown stayed high,active-day density stayed low,peak arrived too early,0.9969672277598257,0.9972275442692788,0.9909031188279842,0.9913917010079142,early drawdown stayed high,active-day density stayed low,peak arrived too early,0.9878979353565006,terminal_risk
cryptoyieldfocus,CryptoYieldFocus,Farm,avax_core,1,1,728,728,3377.75393,3377.75393,0.0,1.0,0.0,1.0,low_tvl_on_avax,lt_10k,1.0,0,1,core_eligible,,1.0,structural_decay,1.0,824215.0,3377.0,0.9959027680884236,-0.00177304964539,-0.1356192425793244,386.0,4.723072503402208,1,1,dead,2021-09-07,terminal_global_decay,0.9754791388185957,0.9690460917938811,0.030953908206118846,critical,early drawdown stayed high,active-day density stayed low,peak arrived too early,0.9967601350633185,0.989665840023449,0.9754791388185957,0.9690460917938811,early drawdown stayed high,active-day density stayed low,peak arrived too early,0.972318718160273,terminal_risk
curve-dex,Curve DEX,Dexs,avax_core,1,1,1609,2213,2194030.77099,1811343134.0497105,1809149103.2787204,0.0012112728558971,26.0,1.0,active_on_avax,ge_10k,0.0,0,1,core_eligible,,1.0,structural_decay,1.0,1448711155.0,2194030.0,0.9984855297120978,-0.1015610667767382,-0.2354203090266173,799.0,2.2253210251213997,0,30,alive,2021-10-05,native_revival_or_threshold_boundary,0.04432378235170161,0.9385073999479233,0.061492600052076726,stable_watch,early drawdown stayed high,active-day density stayed low,peak arrived too early,0.013671184467799854,0.056140400998518615,0.04432378235170161,0.9385073999479233,early drawdown stayed high,active-day density stayed low,peak arrived too early,0.0006059586048407244,monitor
cycle-finance,Cycle Finance,Yield Aggregator,avax_core,1,1,1653,1653,22571.60364,22571.60364,0.0,1.0,1.0,1.0,active_on_avax,ge_10k,0.0,0,1,core_eligible,,1.0,structural_decay,1.0,22689788.0,22571.0,0.999005235306738,0.0566921024296615,-0.3289332857652515,847.0,3.3111943569658338,1,1,alive,2021-08-29,native_revival_or_threshold_boundary,0.39108214439006783,0.9861490876404865,0.013850912359513521,stable_watch,early drawdown stayed high,active-day density stayed low,peak arrived too early,0.014714887774683575,0.03014224847542809,0.39108214439006783,0.9861490876404865,early drawdown stayed high,active-day density stayed low,peak arrived too early,0.005754729865382446,monitor
cytonic-airdrop-campaign,Cytonic Airdrop Campaign,Farm,avax_core,1,1,470,470,3186.6193,410387.92928,407201.30998,0.0077648952920977,6.0,1.0,low_tvl_on_avax,lt_10k,1.0,1,1,core_eligible,,1.0,structural_decay,1.0,117604.0,3186.0,0.9729090847250094,0.0175606641123882,-0.5523876404494382,240.0,0.8728888448226594,0,11,alive,2024-11-23,multichain_relocation,0.10196511277914043,0.8815635580353026,0.11843644196469742,stable_watch,early drawdown stayed high,active-day density stayed low,peak arrived too early,0.017766365522612678,0.040139890580475276,0.10196511277914043,0.8815635580353026,early drawdown stayed high,active-day density stayed low,peak arrived too early,0.001811549464188634,monitor
deepseadao,DeepSeaDAO,Reserve Currency,avax_core,1,1,613,613,0.44685,0.44685,0.0,1.0,0.0,1.0,low_tvl_on_avax,lt_10k,1.0,0,1,core_eligible,,1.0,structural_decay,1.0,265703.0,0.0,1.0,0.0,0.0,51.0,4.223215936006405,1,1,dead,2021-12-31,terminal_global_decay,0.992843020491572,0.9906608103384286,0.009339189661571382,critical,early drawdown stayed high,active-day density stayed low,peak arrived too early,1.0,0.9998427216954824,0.992843020491572,0.9906608103384286,early drawdown stayed high,active-day density stayed low,peak arrived too early,0.992843020491572,terminal_risk
defi-yield-protocol,Defi Yield Protocol,Yield,total_only,0,1,0,1775,0.0,547.6956,547.6956,0.0,0.0,0.25,no_avax_core_history,unknown,,0,0,boundary_excluded,no_avax_core_history_total_only,0.25,missing_avax_history,,,,,,,,,0,3,dead,,not_core_eligible,,,,,,,,,,,,,,,,not_core_eligible
deficurrent,DefiCurrent,Yield Aggregator,avax_core,1,1,460,460,137.00868,423.7115,286.70282,0.3233536970320607,0.0,1.0,low_tvl_on_avax,lt_10k,1.0,0,1,core_eligible,,1.0,structural_decay,1.0,56754.0,137.0,0.9975860732283188,0.0147058823529411,0.0222222222222222,68.0,1.3733413113448354,0,3,dead,2022-09-20,terminal_global_decay,0.6309297661100409,0.7453260009678022,0.25467399903219773,elevated,early drawdown stayed high,active-day density stayed low,peak arrived too early,0.9745100398991302,0.9583176151890377,0.6309297661100409,0.7453260009678022,early drawdown stayed high,active-day density stayed low,peak arrived too early,0.6148473915454449,elevated
defiedge,DefiEdge,Liquidity Manager,avax_core,1,1,376,722,778.68256,878329.83335,877551.15079,0.0008865491418298,4.0,1.0,low_tvl_on_avax,lt_10k,1.0,1,1,core_eligible,,1.0,censored,,782.0,778.0,0.0051150895140664,-0.0012820512820512,0.0,59.0,0.0943502191193677,0,14,alive,2023-11-29,resilient_or_unproven,0.579640715356177,0.5848837770778794,0.41511622292212064,elevated,early drawdown stayed high,active-day density stayed low,peak arrived too early,0.11238038027388782,,0.579640715356177,0.5848837770778794,early drawdown stayed high,active-day density stayed low,peak arrived too early,0.06514024401395553,monitor
definitive-yield-vaults,Definitive Yield Vaults,Yield,avax_core,1,1,756,756,6139.72513,43324.911230000005,37185.186100000006,0.1417135074416169,1.0,1.0,low_tvl_on_avax,lt_10k,1.0,0,1,core_eligible,,1.0,resilient_or_unproven,0.0,1035965.0,6139.0,0.9940741241258152,0.0481392966882895,-0.3507454795389658,252.0,1.123861257059984,0,6,alive,2024-02-09,resilient_or_unproven,0.07724174511171648,0.9350279357818427,0.06497206421815732,stable_watch,early drawdown stayed high,active-day density stayed low,peak arrived too early,0.5720742530779382,,0.07724174511171648,0.9350279357818427,early drawdown stayed high,active-day density stayed low,peak arrived too early,0.04418801364122169,monitor
defrost,Defrost,CDP,avax_core,1,1,1567,1567,81395.44294,81395.44294,0.0,1.0,1.0,1.0,active_on_avax,ge_10k,0.0,0,1,core_eligible,,1.0,structural_decay,1.0,95973801.0,81395.0,0.9991519039659584,0.0033899976578198,-0.0089008486855723,764.0,2.2093761411442743,1,1,alive,2021-11-22,native_revival_or_threshold_boundary,0.33992150873114896,0.7301753513431692,0.2698246486568307,stable_watch,early drawdown stayed high,active-day density stayed low,peak arrived too early,0.02603334568860587,0.08819346838411643,0.33992150873114896,0.7301753513431692,early drawdown stayed high,active-day density stayed low,peak arrived too early,0.00884929414379046,monitor
deltaprime,DeltaPrime,Leveraged Farming,avax_core,1,1,1080,1080,2603900.55404,4253515.15062,1649614.5965799997,0.6121761559167013,2.0,1.0,active_on_avax,ge_10k,0.0,0,1,core_eligible,,1.0,resilient_or_unproven,0.0,50181029.0,2603900.0,0.9481098723583368,-0.1797406508457277,-0.4888070198652354,280.0,0.7009037551446353,0,2,alive,2023-01-10,resilient_or_unproven,0.04881220829652446,0.9429047107447507,0.057095289255249294,stable_watch,early drawdown stayed high,active-day density stayed low,peak arrived too early,0.09402728743670798,,0.04881220829652446,0.9429047107447507,early drawdown stayed high,active-day density stayed low,peak arrived too early,0.004589679539917767,monitor
dexalot-dex,Dexalot DEX,Dexs,avax_core,1,1,762,762,443342.88294,2783095.21066,2339752.32772,0.1592984965954014,5.0,1.0,active_on_avax,ge_10k,0.0,0,1,core_eligible,,1.0,resilient_or_unproven,0.0,1076689.0,443342.0,0.588235785821161,-0.0507407272594911,-0.235157930693018,227.0,0.6259833944109611,0,5,alive,2024-08-16,resilient_or_unproven,0.030095245680717322,0.9749817504355258,0.025018249564474238,stable_watch,early drawdown stayed high,active-day density stayed low,peak arrived too early,0.09808446581378458,,0.030095245680717322,0.9749817504355258,early drawdown stayed high,active-day density stayed low,peak arrived too early,0.0029518760961277663,monitor
dexfinance-etf,DexFinance ETF,Yield,avax_core,1,1,618,618,12.35042,4985.98702,4973.6366,0.0024770261034494,0.0,1.0,low_tvl_on_avax,lt_10k,1.0,0,1,core_eligible,,1.0,structural_decay,1.0,713.0,12.0,0.9831697054698456,0.0833333333333333,-0.8725490196078431,251.0,0.6546610627672867,0,8,dead,2024-06-29,terminal_global_decay,0.895159041716677,0.9222279537709097,0.07777204622909031,critical,early drawdown stayed high,active-day density stayed low,peak arrived too early,0.9839328695383227,0.9728764220415858,0.895159041716677,0.9222279537709097,early drawdown stayed high,active-day density stayed low,peak arrived too early,0.8807764046094652,terminal_risk
dexpad,DexPad,Launchpad,avax_core,1,1,1346,1346,0.03492,33634.58079,33634.54587,1.0382171913491536e-06,1.0,1.0,low_tvl_on_avax,lt_10k,1.0,0,1,core_eligible,,1.0,structural_decay,1.0,0.0,0.0,0.0,0.0,0.0,0.0,0.0,0,4,alive,2022-06-30,terminal_global_decay,0.9955289987936138,0.9958950999076149,0.0041049000923850726,critical,early drawdown stayed high,active-day density stayed low,peak arrived too early,0.9571488657801839,0.9069216426733447,0.9955289987936138,0.9958950999076149,early drawdown stayed high,active-day density stayed low,peak arrived too early,0.9528694520465895,terminal_risk
dexvaults,dexVAULTS,Yield,avax_core,1,1,566,566,4.73207,15175.61159,15170.87952,0.0003118207112732,0.0,1.0,low_tvl_on_avax,lt_10k,1.0,0,1,core_eligible,,1.0,structural_decay,1.0,12741.0,4.0,0.9996860529000864,0.0,-0.1666666666666666,56.0,3.961714902316112,0,8,alive,2024-07-18,terminal_global_decay,0.9504401987343898,0.9519676335777537,0.0480323664222463,critical,early drawdown stayed high,active-day density stayed low,peak arrived too early,0.9574799851518532,0.8801830629705674,0.9504401987343898,0.9519676335777537,early drawdown stayed high,active-day density stayed low,peak arrived too early,0.910027467371928,terminal_risk
dforce-lending,dForce Lending,Lending,avax_core,1,1,1361,1955,0.0,1036885.06964,1036885.06964,0.0,2.0,1.0,low_tvl_on_avax,lt_10k,1.0,1,1,core_eligible,,1.0,structural_decay,1.0,4020002.0,0.0,1.0,0.0,0.0,2.0,9.206693733513736,0,8,alive,2022-06-17,multichain_relocation,0.6486865789083301,0.7082463799291243,0.29175362007087574,elevated,early drawdown stayed high,active-day density stayed low,peak arrived too early,0.16329021166454805,0.27643581029470904,0.6486865789083301,0.7082463799291243,early drawdown stayed high,active-day density stayed low,peak arrived too early,0.10592416877389278,monitor
diamondswap,Diamondswap,Dexs,avax_core,1,1,442,442,43.27642,341107.61730000004,341064.34088000003,0.0001268702831749,2.0,1.0,low_tvl_on_avax,lt_10k,1.0,1,1,core_eligible,,1.0,censored,,92.0,43.0,0.532608695652174,0.0476190476190476,-0.1698113207547169,152.0,0.1812225530867841,0,5,alive,2024-12-22,resilient_or_unproven,0.573332465915172,0.5964870008431611,0.40351299915683897,elevated,early drawdown stayed high,active-day density stayed low,peak arrived too early,0.1748958168863436,,0.573332465915172,0.5964870008431611,early drawdown stayed high,active-day density stayed low,peak arrived too early,0.10027344997369574,monitor
dodo-amm,DODO AMM,Dexs,avax_core,1,1,879,1839,1847660.63037,12771560.99144,10923900.36107,0.144669914007252,10.0,1.0,active_on_avax,ge_10k,0.0,0,1,core_eligible,,1.0,resilient_or_unproven,0.0,4250240.0,1847660.0,0.5652810194247854,-0.3069837572647841,-0.4993764087702152,83.0,0.5520229296894593,0,15,alive,2023-09-29,resilient_or_unproven,0.026644969213470232,0.9737003641178094,0.02629963588219066,stable_watch,early drawdown stayed high,active-day density stayed low,peak arrived too early,0.10436055481199177,,0.026644969213470232,0.9737003641178094,early drawdown stayed high,active-day density stayed low,peak arrived too early,0.0027806837700661935,monitor
domani-protocol,Domani Protocol,Indexes,avax_core,1,1,1053,1810,782.40496,96167.64411,95385.23915,0.0081358441005901,1.0,1.0,low_tvl_on_avax,lt_10k,1.0,0,1,core_eligible,,1.0,structural_decay,1.0,2071.0,782.0,0.6224046354418156,0.0370860927152317,-0.2640977443609023,523.0,0.1945177117341121,0,3,alive,2023-04-19,terminal_global_decay,0.910183794767341,0.941784132696576,0.05821586730342394,critical,early drawdown stayed high,active-day density stayed low,peak arrived too early,0.7331040599384971,0.6531456296048289,0.910183794767341,0.941784132696576,early drawdown stayed high,active-day density stayed low,peak arrived too early,0.6672594352341655,terminal_risk
donaswap-v2,DONASWAP V2,Dexs,avax_core,1,1,519,519,0.0,1.01802,1.01802,0.0,0.0,1.0,low_tvl_on_avax,lt_10k,1.0,0,1,core_eligible,,1.0,structural_decay,1.0,0.0,0.0,0.0,0.0,0.0,0.0,0.0,0,29,dead,2024-01-09,terminal_global_decay,0.8359979756317553,0.8574089872979813,0.14259101270201868,critical,early drawdown stayed high,active-day density stayed low,peak arrived too early,0.9910803318297995,0.9830719269590515,0.8359979756317553,0.8574089872979813,early drawdown stayed high,active-day density stayed low,peak arrived too early,0.8285411510981606,terminal_risk
dripit,dripit,Prediction Market,avax_core,1,1,301,301,3676.26172,3676.26172,0.0,1.0,0.0,0.947397,low_tvl_on_avax,lt_10k,1.0,0,1,core_eligible,,0.947397,censored,,8423.0,3676.0,0.5635759230677906,-0.2257317329964203,-0.3494338287331918,86.0,0.232862915183487,1,1,dead,2025-05-12,resilient_or_unproven,0.8851147380458495,0.8612829598855801,0.09089541144253141,critical,early drawdown stayed high,active-day density stayed low,peak arrived too early,0.977236819916873,,0.8851147380458495,0.8612829598855801,early drawdown stayed high,active-day density stayed low,peak arrived too early,0.864966711869482,terminal_risk
dumpex,DumpEX,Farm,avax_core,1,1,709,709,0.08995,4.843829999999999,4.753879999999999,0.0185700158758668,0.0,1.0,low_tvl_on_avax,lt_10k,1.0,0,1,core_eligible,,1.0,structural_decay,1.0,0.0,0.0,0.0,0.0,0.0,0.0,0.0,0,11,dead,2024-03-30,terminal_global_decay,0.9539990249063584,0.9513163687319077,0.04868363126809232,critical,early drawdown stayed high,active-day density stayed low,peak arrived too early,0.9951544698050726,0.9831932748429799,0.9539990249063584,0.9513163687319077,early drawdown stayed high,active-day density stayed low,peak arrived too early,0.9493763938252433,terminal_risk
dxsale,DxSale,Launchpad,avax_core,1,1,1230,1230,29392.91632,27257151.730110005,27227758.813790005,0.0010783561177278,8.0,1.0,active_on_avax,ge_10k,0.0,0,1,core_eligible,,1.0,resilient_or_unproven,0.0,42806237.0,29392.0,0.9993133710865544,0.0571880732295076,-0.2431896596117204,323.0,5.9156558811970905,0,22,alive,2022-07-15,resilient_or_unproven,0.07727968668899053,0.9136725427534819,0.0863274572465181,stable_watch,early drawdown stayed high,active-day density stayed low,peak arrived too early,0.09373757863501471,,0.07727968668899053,0.9136725427534819,early drawdown stayed high,active-day density stayed low,peak arrived too early,0.007244010707898549,monitor
dypius,Dypius,Yield,avax_core,1,1,1062,1062,0.0,0.0,0.0,0.0,0.0,1.0,low_tvl_on_avax,lt_10k,1.0,0,1,core_eligible,,1.0,structural_decay,1.0,0.0,0.0,0.0,0.0,0.0,0.0,0.0,0,3,dead,2023-04-12,terminal_global_decay,0.9919182246878051,0.9905633228959205,0.009436677104079466,critical,early drawdown stayed high,active-day density stayed low,peak arrived too early,0.9996838323353293,1.0,0.9919182246878051,0.9905633228959205,early drawdown stayed high,active-day density stayed low,peak arrived too early,0.9916046122191613,terminal_risk
dyson,Dyson,Liquidity Manager,avax_core,1,1,999,1138,0.00121,260415.15787,260415.15666,4.6464269203716464e-09,3.0,1.0,low_tvl_on_avax,lt_10k,1.0,1,1,core_eligible,,1.0,structural_decay,1.0,2125.0,0.0,1.0,0.0,0.0,101.0,1.7603874685277985,0,7,alive,2023-06-13,multichain_relocation,0.6354052902994897,0.5606667075002133,0.4393332924997867,elevated,early drawdown stayed high,active-day density stayed low,peak arrived too early,0.14994845962109146,0.20612057543786827,0.6354052902994897,0.5606667075002133,early drawdown stayed high,active-day density stayed low,peak arrived too early,0.09527804451550093,monitor
echidna-finance,Echidna Finance,Yield,avax_core,1,1,1139,1139,0.0,0.0,0.0,0.0,0.0,1.0,low_tvl_on_avax,lt_10k,1.0,0,1,core_eligible,,1.0,structural_decay,1.0,143737320.0,0.0,1.0,0.0,-0.9999167776298268,579.0,2.000242060671926,1,1,dead,2022-02-28,terminal_global_decay,0.49692040216900385,0.6879430294546964,0.3120569705453035,elevated,early drawdown stayed high,active-day density stayed low,peak arrived too early,0.9574359130621133,0.9048707953029508,0.49692040216900385,0.6879430294546964,early drawdown stayed high,active-day density stayed low,peak arrived too early,0.4757694389698727,elevated
elasticswap,ElasticSwap,Dexs,avax_core,1,1,1326,1326,1973.83719,4105.51419,2131.677,0.4807770960353202,0.0,1.0,low_tvl_on_avax,lt_10k,1.0,0,1,core_eligible,,1.0,structural_decay,1.0,2461355.0,1973.0,0.9991984090064212,0.0,0.0,568.0,2.8370786650829105,0,2,dead,2022-07-22,terminal_global_decay,0.49551286220460505,0.7040124254701703,0.29598757452982977,elevated,early drawdown stayed high,active-day density stayed low,peak arrived too early,0.9715733951057259,0.9060705012839967,0.49551286220460505,0.7040124254701703,early drawdown stayed high,active-day density stayed low,peak arrived too early,0.4814271138506839,elevated
elk,Elk,Dexs,avax_core,1,1,1635,1635,44098.26108,224439.31578,180341.0547,0.1964818905580073,6.0,1.0,active_on_avax,ge_10k,0.0,0,1,core_eligible,,1.0,resilient_or_unproven,0.0,4296380.0,44098.0,0.989736010315661,0.0587486795351963,-0.3555415911615128,793.0,1.4497376749103548,0,31,alive,2021-07-18,resilient_or_unproven,0.10097435921858468,0.8704372925518395,0.1295627074481605,stable_watch,early drawdown stayed high,active-day density stayed low,peak arrived too early,0.021068679217455213,,0.10097435921858468,0.8704372925518395,early drawdown stayed high,active-day density stayed low,peak arrived too early,0.002127396383564452,monitor
embr-finance,Embr Finance,Dexs,avax_core,1,1,1527,1527,8754.54513,8754.54513,0.0,1.0,0.0,1.0,low_tvl_on_avax,lt_10k,1.0,0,1,core_eligible,,1.0,structural_decay,1.0,2233813.0,8754.0,0.9960811401849664,0.005859375,-0.0289485359361135,807.0,2.994701076096176,1,1,dead,2021-12-21,terminal_global_decay,0.8061366270244312,0.8616192928188172,0.13838070718118278,critical,early drawdown stayed high,active-day density stayed low,peak arrived too early,0.9426552375325759,0.8977540716446873,0.8061366270244312,0.8616192928188172,early drawdown stayed high,active-day density stayed low,peak arrived too early,0.7599089136314248,terminal_risk
emdx,EMDX,Derivatives,avax_core,1,1,1204,1204,0.0,0.0,0.0,0.0,0.0,1.0,low_tvl_on_avax,lt_10k,1.0,0,1,core_eligible,,1.0,structural_decay,1.0,212083.0,0.0,1.0,0.0,0.0,146.0,2.064849781370524,1,1,dead,2022-11-22,terminal_global_decay,0.578915203590869,0.7480530261597694,0.25194697384023057,elevated,early drawdown stayed high,active-day density stayed low,peak arrived too early,0.9921551404922522,0.9811749428638746,0.578915203590869,0.7480530261597694,early drawdown stayed high,active-day density stayed low,peak arrived too early,0.5743736951517994,elevated
emiswap,EmiSwap,Dexs,avax_core,1,1,1342,1532,2.00065,33547.838059999995,33545.83740999999,5.963573558516218e-05,2.0,1.0,low_tvl_on_avax,lt_10k,1.0,0,1,core_eligible,,1.0,structural_decay,1.0,5.0,2.0,0.6,0.5,0.0,92.0,0.3802157585385154,0,7,alive,2022-04-16,terminal_global_decay,0.9297472857787819,0.9512536733653585,0.04874632663464147,critical,early drawdown stayed high,active-day density stayed low,peak arrived too early,0.8390016258801449,0.7459781495977187,0.9297472857787819,0.9512536733653585,early drawdown stayed high,active-day density stayed low,peak arrived too early,0.7800594844260498,terminal_risk
empiredex,EmpireDEX,Dexs,avax_core,1,1,1559,1559,24844.37692,2511902.47449,2487058.09757,0.0098906614298567,6.0,1.0,active_on_avax,ge_10k,0.0,0,1,core_eligible,,1.0,resilient_or_unproven,0.0,266262.0,24844.0,0.9066934072454952,0.1044185633001422,-0.3354108709608389,804.0,0.5960397254485432,0,9,alive,2021-11-11,resilient_or_unproven,0.06637250443345133,0.9562566177985413,0.04374338220145867,stable_watch,early drawdown stayed high,active-day density stayed low,peak arrived too early,0.06307326639295623,,0.06637250443345133,0.9562566177985413,early drawdown stayed high,active-day density stayed low,peak arrived too early,0.0041863306532987435,monitor
envelop,Envelop,NftFi,avax_core,1,1,711,721,0.0,3790.77615,3790.77615,0.0,0.0,1.0,low_tvl_on_avax,lt_10k,1.0,0,1,core_eligible,,1.0,structural_decay,1.0,0.0,0.0,0.0,0.0,0.0,0.0,0.0,0,7,dead,2024-03-28,terminal_global_decay,0.9897123470870077,0.9898896563064353,0.010110343693564679,critical,early drawdown stayed high,active-day density stayed low,peak arrived too early,0.9969672277598257,0.998703157894737,0.9897123470870077,0.9898896563064353,early drawdown stayed high,active-day density stayed low,peak arrived too early,0.9867107749550045,terminal_risk
etha-lend,ETHA Lend,Yield,avax_core,1,1,1207,1440,12.69183,12101.86319,12089.17136,0.0010487500809369,1.0,1.0,low_tvl_on_avax,lt_10k,1.0,0,1,core_eligible,,1.0,structural_decay,1.0,217.0,12.0,0.9447004608294932,-0.0714285714285714,-0.2352941176470588,175.0,1.5486788700548788,0,2,alive,2022-09-28,terminal_global_decay,0.9502158319227655,0.9507219559563678,0.04927804404363224,critical,early drawdown stayed high,active-day density stayed low,peak arrived too early,0.9218901345083103,0.8289048116479274,0.9502158319227655,0.9507219559563678,early drawdown stayed high,active-day density stayed low,peak arrived too early,0.8759946011032042,terminal_risk
euler-v2,Euler V2,Lending,avax_core,1,1,384,554,16776776.5019,485384537.73118,468607761.22928,0.034563887387759,15.0,1.0,active_on_avax,ge_10k,0.0,0,1,core_eligible,,1.0,censored,,208473147.0,16776776.0,0.9195254820996204,-0.264722777693995,-0.6174008201008518,113.0,0.7668370416557316,0,16,alive,2025-03-26,resilient_or_unproven,0.07099730751136885,0.9027383006890597,0.0972616993109403,stable_watch,early drawdown stayed high,active-day density stayed low,peak arrived too early,0.09041493471161619,,0.07099730751136885,0.9027383006890597,early drawdown stayed high,active-day density stayed low,peak arrived too early,0.006419216923340952,monitor
eulerdebt,EulerDebt,Secondary Debt Markets,avax_core,1,1,101,101,2990.96478,36241.770800000006,33250.80602,0.0825281081464153,1.0,0.783014,low_tvl_on_avax,lt_10k,1.0,0,1,core_eligible,,0.783014,censored,,36460.0,2990.0,0.9179923203510696,-0.1832332058984161,-0.9179671429746852,53.0,0.8335670083190283,0,5,alive,2025-11-28,resilient_or_unproven,0.929013814887443,0.74176702797864,0.05267718332157539,critical,early drawdown stayed high,active-day density stayed low,peak arrived too early,0.8312679546736295,,0.929013814887443,0.74176702797864,early drawdown stayed high,active-day density stayed low,peak arrived too early,0.7722594137650305,terminal_risk
everestdao,EverestDAO,DAO Service Provider,avax_core,1,1,650,650,0.0,0.0,0.0,0.0,0.0,1.0,low_tvl_on_avax,lt_10k,1.0,0,1,core_eligible,,1.0,structural_decay,1.0,0.0,0.0,0.0,0.0,0.0,0.0,0.0,1,1,dead,2021-11-24,terminal_global_decay,0.9975201065809626,0.997654832681922,0.0023451673180780144,critical,early drawdown stayed high,active-day density stayed low,peak arrived too early,0.9996838323353293,0.9995091363230143,0.9975201065809626,0.997654832681922,early drawdown stayed high,active-day density stayed low,peak arrived too early,0.9972047229784028,terminal_risk
excellion-finance,Excellion Finance,Risk Curators,avax_core,1,1,144,144,29724.8932,29724.8932,0.0,1.0,1.0,0.818356,active_on_avax,ge_10k,0.0,0,1,core_eligible,,0.818356,censored,,263530.0,29724.0,0.8872082874815012,-0.7895619916037182,-0.8506566585275174,61.0,0.3629133556714219,1,1,alive,2025-10-16,resilient_or_unproven,0.2830077168261781,0.6793183717164243,0.16989870946577737,stable_watch,early drawdown stayed high,active-day density stayed low,peak arrived too early,0.21237206695597088,,0.2830077168261781,0.6793183717164243,early drawdown stayed high,active-day density stayed low,peak arrived too early,0.06010293378686554,monitor
ferdyflip,FerdyFlip,Luck Games,avax_core,1,1,997,997,2703.71023,2703.99847,0.2882399999998597,0.999893402306548,0.0,1.0,low_tvl_on_avax,lt_10k,1.0,0,1,core_eligible,,1.0,resilient_or_unproven,0.0,273936.0,2703.0,0.9901327317329596,2703.0,2703.0,306.0,1.1602178245069026,0,3,dead,2023-06-16,resilient_or_unproven,0.21185274846056382,0.8769595309623484,0.12304046903765169,stable_watch,early drawdown stayed high,active-day density stayed low,peak arrived too early,0.9005232114324152,,0.21185274846056382,0.8769595309623484,early drawdown stayed high,active-day density stayed low,peak arrived too early,0.19077831739449058,monitor
flair-dex,Flair Dex,Dexs,avax_core,1,1,1081,1081,48764.25991,48764.25991,0.0,1.0,1.0,1.0,active_on_avax,ge_10k,0.0,0,1,core_eligible,,1.0,structural_decay,1.0,2773431.0,48764.0,0.9824174461163808,0.0005950426789231,-0.0310177641775622,597.0,1.7382495458343896,1,1,alive,2023-03-24,native_revival_or_threshold_boundary,0.7516836666322102,0.8686503848791848,0.13134961512081525,critical,early drawdown stayed high,active-day density stayed low,peak arrived too early,0.0468182513727037,0.15714322997960062,0.7516836666322102,0.8686503848791848,early drawdown stayed high,active-day density stayed low,peak arrived too early,0.03519251485714243,monitor
flashliquidity,FlashLiquidity,Dexs,avax_core,1,1,840,1074,0.0,90.27084,90.27084,0.0,0.0,1.0,low_tvl_on_avax,lt_10k,1.0,0,1,core_eligible,,1.0,structural_decay,1.0,1782.0,0.0,1.0,0.0,0.0,122.0,0.6374934916425641,0,5,dead,2023-11-20,terminal_global_decay,0.8326485491176382,0.8907269460501067,0.10927305394989328,critical,early drawdown stayed high,active-day density stayed low,peak arrived too early,0.9973602549481374,0.9942295496566381,0.8326485491176382,0.8907269460501067,early drawdown stayed high,active-day density stayed low,peak arrived too early,0.8304505692301644,terminal_risk
float,Float,Derivatives,avax_core,1,1,1551,1620,16525.34508,144420.17794999998,127894.83286999998,0.11442545850983,2.0,1.0,active_on_avax,ge_10k,0.0,0,1,core_eligible,,1.0,structural_decay,1.0,973912.0,16525.0,0.9830323478918012,0.002304706453178,0.0205644414253072,642.0,2.0917897410939066,0,2,alive,2021-12-09,native_revival_or_threshold_boundary,0.7281747304563357,0.881326776699494,0.11867322330050599,critical,early drawdown stayed high,active-day density stayed low,peak arrived too early,0.08478778714269165,0.15436402652802456,0.7281747304563357,0.881326776699494,early drawdown stayed high,active-day density stayed low,peak arrived too early,0.061740324048618664,monitor
flokifi-locker,FlokiFi Locker,Token Locker,avax_core,1,1,1061,1061,101116.73974,10830983.07033,10729866.33059,0.0093358782931713,6.0,1.0,active_on_avax,ge_10k,0.0,0,1,core_eligible,,1.0,resilient_or_unproven,0.0,1043792.0,101116.0,0.9031262933611294,0.1047416147711133,-0.3343405417859846,355.0,0.8731170652477199,0,15,alive,2023-02-21,resilient_or_unproven,0.46347601101846125,0.7005829471792944,0.2994170528207057,elevated,early drawdown stayed high,active-day density stayed low,peak arrived too early,0.0776796888558067,,0.46347601101846125,0.7005829471792944,early drawdown stayed high,active-day density stayed low,peak arrived too early,0.03600267232804451,monitor
folks-finance-xchain,Folks Finance xChain,Lending,avax_core,1,1,504,504,12837445.08387,16691627.98204,3854182.89817,0.7690948478891899,7.0,1.0,active_on_avax,ge_10k,0.0,0,1,core_eligible,,1.0,resilient_or_unproven,0.0,24066349.0,12837445.0,0.4665811170610049,0.2697707726470195,-0.1273940685929944,97.0,0.5728959345782654,0,8,alive,2024-10-03,resilient_or_unproven,0.114956438655993,0.9046245107010055,0.0953754892989945,stable_watch,early drawdown stayed high,active-day density stayed low,peak arrived too early,0.08584173467357267,,0.114956438655993,0.9046245107010055,early drawdown stayed high,active-day density stayed low,peak arrived too early,0.009868060106126585,monitor
fortifi,FortiFi,Yield Aggregator,avax_core,1,1,678,678,415711.98424,415711.98424,0.0,1.0,1.0,1.0,active_on_avax,ge_10k,0.0,0,1,core_eligible,,1.0,resilient_or_unproven,0.0,1653805.0,415711.0,0.7486336055339051,0.075235888097997,-0.2275050079718736,242.0,0.331500298325581,1,1,alive,2024-04-30,resilient_or_unproven,0.1872250835446153,0.8138826142505526,0.18611738574944736,stable_watch,early drawdown stayed high,active-day density stayed low,peak arrived too early,0.1340125546238305,,0.1872250835446153,0.8138826142505526,early drawdown stayed high,active-day density stayed low,peak arrived too early,0.025090511735473987,monitor
fortress,Fortress,Reserve Currency,avax_core,1,1,1562,1562,0.0,0.0,0.0,0.0,0.0,1.0,low_tvl_on_avax,lt_10k,1.0,0,1,core_eligible,,1.0,structural_decay,1.0,0.0,0.0,0.0,0.0,0.0,0.0,0.0,1,1,dead,2021-11-28,terminal_global_decay,0.9985752175499933,0.9988392571306016,0.0011607428693983372,critical,early drawdown stayed high,active-day density stayed low,peak arrived too early,0.9996838323353293,1.0,0.9985752175499933,0.9988392571306016,early drawdown stayed high,active-day density stayed low,peak arrived too early,0.9982595003554625,terminal_risk
fractal-protocol,Fractal Protocol,Yield,avax_core,1,1,1234,1351,0.0,25661.869120000003,25661.869120000003,0.0,1.0,1.0,low_tvl_on_avax,lt_10k,1.0,0,1,core_eligible,,1.0,structural_decay,1.0,1069891.0,0.0,1.0,0.0,0.0,70.0,2.258673450431482,0,4,alive,2022-10-22,terminal_global_decay,0.5289131337615781,0.6518870778354104,0.34811292216458956,elevated,early drawdown stayed high,active-day density stayed low,peak arrived too early,0.8959216003648681,0.711218610396891,0.5289131337615781,0.6518870778354104,early drawdown stayed high,active-day density stayed low,peak arrived too early,0.47386470125367064,elevated
frax-swap,Frax Swap,Dexs,avax_core,1,1,1262,1263,212707.11762,13792200.62261,13579493.504989998,0.015422275490345,7.0,1.0,active_on_avax,ge_10k,0.0,0,1,core_eligible,,1.0,resilient_or_unproven,0.0,2351400.0,212707.0,0.909540273879391,0.0718144072237674,-0.1833497143559186,414.0,0.8097551935480131,0,10,alive,2022-09-24,resilient_or_unproven,0.44116350251687997,0.7010691754092271,0.29893082459077286,stable_watch,early drawdown stayed high,active-day density stayed low,peak arrived too early,0.052826077093393105,,0.44116350251687997,0.7010691754092271,early drawdown stayed high,active-day density stayed low,peak arrived too early,0.023304937194748025,monitor
freebie-life-finance,Freebie Life Finance,Yield Lottery,avax_core,1,1,1193,1193,0.0,0.0,0.0,0.0,0.0,1.0,low_tvl_on_avax,lt_10k,1.0,0,1,core_eligible,,1.0,structural_decay,1.0,0.0,0.0,0.0,0.0,0.0,0.0,0.0,1,1,dead,2022-12-02,terminal_global_decay,0.9956889168476339,0.9952235480151066,0.004776451984893434,critical,early drawdown stayed high,active-day density stayed low,peak arrived too early,0.9996838323353293,1.0,0.9956889168476339,0.9952235480151066,early drawdown stayed high,active-day density stayed low,peak arrived too early,0.9953741122080557,terminal_risk
frost-finance,Frost Finance,Yield,avax_core,1,1,1569,1643,51801.28851,51801.28851,0.0,1.0,1.0,1.0,active_on_avax,ge_10k,0.0,0,1,core_eligible,,1.0,insufficient_early_window,,24668060.0,51801.0,0.9979000780766708,0.0031176778141399,-0.0142715786268838,843.0,9.57991574342447,1,1,alive,2021-09-03,resilient_or_unproven,,,,,,,,0.08041561441256301,,,,,,,,nan
frozen-walrus-finance,Frozen Walrus Finance,Algo-Stables,avax_core,1,1,1339,1339,0.0,0.0,0.0,0.0,0.0,1.0,low_tvl_on_avax,lt_10k,1.0,0,1,core_eligible,,1.0,structural_decay,1.0,0.0,0.0,0.0,0.0,0.0,0.0,0.0,1,1,dead,2022-07-09,terminal_global_decay,0.9981902302660943,0.9984501392275127,0.0015498607724873377,critical,early drawdown stayed high,active-day density stayed low,peak arrived too early,0.9996838323353293,0.9994116511405596,0.9981902302660943,0.9984501392275127,early drawdown stayed high,active-day density stayed low,peak arrived too early,0.997874634792094,terminal_risk
futureswap,FutureSwap,Derivatives,avax_core,1,1,1325,1814,0.0,10.40345,10.40345,0.0,0.0,1.0,low_tvl_on_avax,lt_10k,1.0,0,1,core_eligible,,1.0,resilient_or_unproven,0.0,50848.0,0.0,1.0,0.0,-0.9999677845430236,343.0,0.2455228957788943,0,3,dead,2022-07-23,resilient_or_unproven,0.23484076576772728,0.8519465586107229,0.14805344138927715,stable_watch,early drawdown stayed high,active-day density stayed low,peak arrived too early,0.9187171670746822,,0.23484076576772728,0.8519465586107229,early drawdown stayed high,active-day density stayed low,peak arrived too early,0.21575224303977542,monitor
fwx-derivatives,FWX Derivatives,Derivatives,avax_core,1,1,785,785,3554.45354,4177.17177,622.71823,0.8509234802187702,0.0,1.0,low_tvl_on_avax,lt_10k,1.0,0,1,core_eligible,,1.0,resilient_or_unproven,0.0,416126.0,3554.0,0.9914593176105314,22.084415584415584,0.0227272727272727,364.0,0.9122413968028398,0,3,dead,2024-01-14,resilient_or_unproven,0.138804387897533,0.8684573433465126,0.13154265665348738,stable_watch,early drawdown stayed high,active-day density stayed low,peak arrived too early,0.9022557402873284,,0.138804387897533,0.8684573433465126,early drawdown stayed high,active-day density stayed low,peak arrived too early,0.12523705575761812,monitor
fwx-dex,FWX DEX,Dexs,avax_core,1,1,578,578,862.96093,12711.06165,11848.10072,0.0678905471282959,1.0,1.0,low_tvl_on_avax,lt_10k,1.0,0,1,core_eligible,,1.0,structural_decay,1.0,153955.0,862.0,0.9944009613198662,-0.0170842824601366,-0.059912854030501,288.0,1.1123738449601812,0,2,alive,2024-08-08,terminal_global_decay,0.6646722459221346,0.7806295876968601,0.21937041230313986,elevated,early drawdown stayed high,active-day density stayed low,peak arrived too early,0.8122221767501681,0.6142594080465836,0.6646722459221346,0.7806295876968601,early drawdown stayed high,active-day density stayed low,peak arrived too early,0.5398615384082992,elevated
gaia-dao,Gaia DAO,Reserve Currency,avax_core,1,1,1507,1507,4.80762,4.80762,0.0,1.0,0.0,1.0,low_tvl_on_avax,lt_10k,1.0,0,1,core_eligible,,1.0,structural_decay,1.0,9570.0,4.0,0.999582027168234,0.0,0.0,151.0,2.131981974634121,1,1,dead,2022-01-22,terminal_global_decay,0.9119354836610263,0.9395145169347907,0.060485483065209324,critical,early drawdown stayed high,active-day density stayed low,peak arrived too early,1.0,0.9966933848793592,0.9119354836610263,0.9395145169347907,early drawdown stayed high,active-day density stayed low,peak arrived too early,0.9119354836610263,terminal_risk
gaj-finance,Gaj Finance,Yield,total_only,0,1,0,1531,0.0,17625.54822,17625.54822,0.0,1.0,0.25,no_avax_core_history,unknown,,0,0,boundary_excluded,no_avax_core_history_total_only,0.25,missing_avax_history,,,,,,,,,0,2,alive,,not_core_eligible,,,,,,,,,,,,,,,,not_core_eligible
galaxygoogle-dao,GalaxyGoogle DAO,Reserve Currency,avax_core,1,1,634,634,0.0,0.0,0.0,0.0,0.0,1.0,low_tvl_on_avax,lt_10k,1.0,0,1,core_eligible,,1.0,structural_decay,1.0,0.0,0.0,0.0,0.0,0.0,0.0,0.0,0,2,dead,2021-12-06,terminal_global_decay,0.9955967130257589,0.995419080855923,0.004580919144077021,critical,early drawdown stayed high,active-day density stayed low,peak arrived too early,0.9996838323353293,1.0,0.9955967130257589,0.995419080855923,early drawdown stayed high,active-day density stayed low,peak arrived too early,0.9952819375380477,terminal_risk
gamma,Gamma,Liquidity Manager,avax_core,1,1,871,1568,1105.23802,4745298.17486,4744192.93684,0.0002329122384459,15.0,1.0,low_tvl_on_avax,lt_10k,1.0,1,1,core_eligible,,1.0,resilient_or_unproven,0.0,342906.0,1105.0,0.9967775425335224,0.1228426395939086,-0.3264311814859927,316.0,1.0170788713591112,0,36,alive,2023-07-19,avax_side_decay_but_globally_alive,0.12718685803963564,0.830117756269916,0.16988224373008404,stable_watch,early drawdown stayed high,active-day density stayed low,peak arrived too early,0.01974439817780773,0.05214046362507015,0.12718685803963564,0.830117756269916,early drawdown stayed high,active-day density stayed low,peak arrived too early,0.0025112279681188724,monitor
genius,Genius,Yield,avax_core,1,1,1105,1105,1.38399,22.85049,21.4665,0.0605671913381288,0.0,1.0,low_tvl_on_avax,lt_10k,1.0,0,1,core_eligible,,1.0,structural_decay,1.0,4003.0,1.0,0.9997501873594804,0.0,0.0,11.0,6.587007324200367,0,5,dead,2023-02-28,terminal_global_decay,0.9510978587887595,0.9465918136934097,0.053408186306590236,critical,early drawdown stayed high,active-day density stayed low,peak arrived too early,0.9974919657657049,0.9974413954894389,0.9510978587887595,0.9465918136934097,early drawdown stayed high,active-day density stayed low,peak arrived too early,0.9487124727987525,terminal_risk
geode,Geode,Liquid Staking,avax_core,1,1,1258,1258,471862.54128,471862.54128,0.0,1.0,1.0,1.0,active_on_avax,ge_10k,0.0,0,1,core_eligible,,1.0,resilient_or_unproven,0.0,4458586.0,471862.0,0.8941677922103555,0.124591859594934,-0.3377333518597271,430.0,0.5480036673170516,1,1,alive,2022-09-28,resilient_or_unproven,0.1597487104726304,0.8355381234894945,0.16446187651050542,stable_watch,early drawdown stayed high,active-day density stayed low,peak arrived too early,0.07998301720647144,,0.1597487104726304,0.8355381234894945,early drawdown stayed high,active-day density stayed low,peak arrived too early,0.012777183858444022,monitor
glacier-exchange-v2,Glacier Exchange V2,Dexs,avax_core,1,1,1073,1073,8498.89125,8498.89125,0.0,1.0,0.0,1.0,low_tvl_on_avax,lt_10k,1.0,0,1,core_eligible,,1.0,structural_decay,1.0,17185240.0,8498.0,0.9995055058876106,-0.0194970004614674,-0.2675801447776629,578.0,3.1115172075928546,1,1,dead,2023-04-01,terminal_global_decay,0.9020642364050391,0.9375695081875077,0.06243049181249225,critical,early drawdown stayed high,active-day density stayed low,peak arrived too early,0.9652022990586269,0.9502378065662316,0.9020642364050391,0.9375695081875077,early drawdown stayed high,active-day density stayed low,peak arrived too early,0.8706744748767085,terminal_risk
glacier-exchange-v3,Glacier Exchange V3,Dexs,avax_core,1,1,891,891,2293.14073,2293.14073,0.0,1.0,0.0,1.0,low_tvl_on_avax,lt_10k,1.0,0,1,core_eligible,,1.0,structural_decay,1.0,137903.0,2293.0,0.9833723704342908,0.0017467248908296,-0.00520381613183,350.0,2.6800925287939514,1,1,dead,2023-09-30,terminal_global_decay,0.9139275292941582,0.9283620711284823,0.07163792887151761,critical,early drawdown stayed high,active-day density stayed low,peak arrived too early,0.9964955290843203,0.9922437629524041,0.9139275292941582,0.9283620711284823,early drawdown stayed high,active-day density stayed low,peak arrived too early,0.9107246968487078,terminal_risk
gmd-protocol,GMD Protocol,Yield Aggregator,avax_core,1,1,991,1232,229116.58088,827256.59687,598140.01599,0.2769595089925946,2.0,1.0,active_on_avax,ge_10k,0.0,0,1,core_eligible,,1.0,resilient_or_unproven,0.0,3317514.0,229116.0,0.9309374429165936,0.0010573457127252,-0.0058835525202518,538.0,1.2405805461095878,0,2,alive,2023-06-22,resilient_or_unproven,0.22168086722080868,0.834068955445818,0.165931044554182,stable_watch,early drawdown stayed high,active-day density stayed low,peak arrived too early,0.06840557418202435,,0.22168086722080868,0.834068955445818,early drawdown stayed high,active-day density stayed low,peak arrived too early,0.015164207007408519,monitor
gmx-v1-perps,GMX V1 Perps,Derivatives,avax_core,1,1,1542,1650,1910667.10216,3181053.59406,1270386.4919,0.6006397080916209,2.0,1.0,active_on_avax,ge_10k,0.0,0,1,core_eligible,,1.0,resilient_or_unproven,0.0,125879544.0,1910667.0,0.9848214655115052,0.0383303398935404,-0.3228200390784074,614.0,0.6167380040971416,0,2,alive,2021-12-23,resilient_or_unproven,0.0655589412605307,0.9317388452459524,0.0682611547540476,stable_watch,early drawdown stayed high,active-day density stayed low,peak arrived too early,0.03752583206780471,,0.0655589412605307,0.9317388452459524,early drawdown stayed high,active-day density stayed low,peak arrived too early,0.0024601538202857483,monitor
gmx-v2-perps,GMX V2 Perps,Derivatives,avax_core,1,1,943,943,11052033.42784,257911989.53009,246859956.10225,0.0428519567778782,3.0,1.0,active_on_avax,ge_10k,0.0,0,1,core_eligible,,1.0,resilient_or_unproven,0.0,68011626.0,11052033.0,0.8374978860231925,-0.0825840337407487,-0.3204227582167289,236.0,0.5982743693595364,0,3,alive,2023-08-09,resilient_or_unproven,0.061510298387857675,0.9614083871570698,0.03859161284293019,stable_watch,early drawdown stayed high,active-day density stayed low,peak arrived too early,0.10543868650311888,,0.061510298387857675,0.9614083871570698,early drawdown stayed high,active-day density stayed low,peak arrived too early,0.0064855650684306244,monitor
goldlink,GoldLink,Leveraged Farming,avax_core,1,1,552,595,15.03124,3031.25947,3016.22823,0.0049587440958988,0.0,1.0,low_tvl_on_avax,lt_10k,1.0,0,1,core_eligible,,1.0,structural_decay,1.0,200448.0,15.0,0.9999251676245212,0.0,0.0,29.0,2.0995687530334983,0,2,dead,2024-09-03,terminal_global_decay,0.4997845541505851,0.6509164525082822,0.3490835474917177,elevated,early drawdown stayed high,active-day density stayed low,peak arrived too early,0.976916726617114,0.9019500266342265,0.4997845541505851,0.6509164525082822,early drawdown stayed high,active-day density stayed low,peak arrived too early,0.48824789065458335,elevated
goldstation-dex-v3,GOLDSTATION DEX V3,Dexs,avax_core,1,1,426,426,59953.39763,59953.39763,0.0,1.0,1.0,1.0,active_on_avax,ge_10k,0.0,0,1,core_eligible,,1.0,censored,,254975.0,59953.0,0.7648671438376311,-0.012940401712216,-0.0807139133368088,170.0,0.3860732464547116,1,1,alive,2025-01-07,resilient_or_unproven,0.2477559659622937,0.8578535236433639,0.14214647635663616,stable_watch,early drawdown stayed high,active-day density stayed low,peak arrived too early,0.20431532121642332,,0.2477559659622937,0.8578535236433639,early drawdown stayed high,active-day density stayed low,peak arrived too early,0.05062033976887128,monitor
gondola-finance,Gondola Finance,Dexs,avax_core,1,1,1777,1777,65.95341,65.95341,0.0,1.0,0.0,1.0,low_tvl_on_avax,lt_10k,1.0,0,1,core_eligible,,1.0,structural_decay,1.0,25220375.0,65.0,0.9999974227187344,0.03125,-0.2666666666666666,628.0,5.278193727001252,1,1,dead,2021-04-26,terminal_global_decay,0.8241179822050124,0.8836972138551726,0.11630278614482731,critical,early drawdown stayed high,active-day density stayed low,peak arrived too early,0.9885365577095296,0.9820474551089164,0.8241179822050124,0.8836972138551726,early drawdown stayed high,active-day density stayed low,peak arrived too early,0.8146707532754663,terminal_risk
granary-finance,Granary Finance,Lending,avax_core,1,1,1368,1463,2591.69677,156063.74323,153472.04645999998,0.0166066551805083,2.0,1.0,low_tvl_on_avax,lt_10k,1.0,1,1,core_eligible,,1.0,resilient_or_unproven,0.0,413501.0,2591.0,0.993733993388166,0.038877755511022,-0.1947809878844361,376.0,1.260111538729225,0,8,alive,2022-06-09,avax_side_decay_but_globally_alive,0.03515430060968084,0.9544593389312946,0.04554066106870535,stable_watch,early drawdown stayed high,active-day density stayed low,peak arrived too early,0.03922824411223484,0.08235782454688508,0.03515430060968084,0.9544593389312946,early drawdown stayed high,active-day density stayed low,peak arrived too early,0.0013790414859114462,monitor
grape-finance,Grape Finance,Algo-Stables,avax_core,1,1,1509,1509,0.0,0.0,0.0,0.0,0.0,1.0,low_tvl_on_avax,lt_10k,1.0,0,1,core_eligible,,1.0,structural_decay,1.0,0.0,0.0,0.0,0.0,0.0,0.0,0.0,1,1,dead,2022-01-20,terminal_global_decay,0.9986653276900738,0.9990058730572831,0.0009941269427169263,critical,early drawdown stayed high,active-day density stayed low,peak arrived too early,0.9996838323353293,1.0,0.9986653276900738,0.9990058730572831,early drawdown stayed high,active-day density stayed low,peak arrived too early,0.9983495820056304,terminal_risk
grave-finance,Grave Finance,Algo-Stables,avax_core,1,1,1468,1468,389.60198,389.60198,0.0,1.0,0.0,1.0,low_tvl_on_avax,lt_10k,1.0,0,1,core_eligible,,1.0,structural_decay,1.0,17982599.0,389.0,0.9999783679767312,0.0103626943005181,-0.1275167785234899,739.0,35.03187376575785,1,1,dead,2022-03-02,terminal_global_decay,0.9850450781883894,0.9793185815894574,0.02068141841054261,critical,early drawdown stayed high,active-day density stayed low,peak arrived too early,0.9928026224563418,0.9736902552607603,0.9850450781883894,0.9793185815894574,early drawdown stayed high,active-day density stayed low,peak arrived too early,0.9779553368631452,terminal_risk
grim-finance,Grim Finance,Yield,avax_core,1,1,1092,1648,20.97878,23590.67248,23569.6937,0.000889282830652,1.0,1.0,low_tvl_on_avax,lt_10k,1.0,0,1,core_eligible,,1.0,structural_decay,1.0,42412.0,20.0,0.9995284353484862,0.0,-0.2222222222222222,321.0,3.200038512651648,0,6,alive,2023-03-12,terminal_global_decay,0.719713501188155,0.8077125326161547,0.19228746738384528,critical,early drawdown stayed high,active-day density stayed low,peak arrived too early,0.8890611780726568,0.7592905797941905,0.719713501188155,0.8077125326161547,early drawdown stayed high,active-day density stayed low,peak arrived too early,0.6398693332411376,elevated
gro,Gro,Yield,avax_core,1,1,1546,1744,25556.72398,1782383.23863,1756826.51465,0.0143385122941594,2.0,1.0,active_on_avax,ge_10k,0.0,0,1,core_eligible,,1.0,structural_decay,1.0,3724668.0,25556.0,0.993138717329974,0.0001173984503404,0.0002739726027397,801.0,2.3842517631912603,0,2,alive,2021-12-14,native_revival_or_threshold_boundary,0.4121401619379268,0.7044938455164259,0.2955061544835741,stable_watch,early drawdown stayed high,active-day density stayed low,peak arrived too early,0.03298165973242736,0.059955892013128065,0.4121401619379268,0.7044938455164259,early drawdown stayed high,active-day density stayed low,peak arrived too early,0.013593066583104212,monitor
growth-defi,Growth DeFi,Yield,avax_core,1,1,1586,1858,22316.64657,22316.64747,0.0008999999990919,0.999999959671362,1.0,1.0,active_on_avax,ge_10k,0.0,0,1,core_eligible,,1.0,resilient_or_unproven,0.0,236472.0,22316.0,0.905629419127846,-0.0002239942657467,-0.0033494105037513,667.0,1.1011979451445877,0,3,alive,2022-06-02,resilient_or_unproven,0.37125360986649736,0.7657677000198074,0.2342322999801926,stable_watch,early drawdown stayed high,active-day density stayed low,peak arrived too early,0.1822499861508751,,0.37125360986649736,0.7657677000198074,early drawdown stayed high,active-day density stayed low,peak arrived too early,0.06766096525663153,monitor
guru-network-classic,Guru Network Classic,Yield,avax_core,1,1,1050,1484,68.96964,3233053.02213,3232984.05249,2.133266591296465e-05,3.0,1.0,low_tvl_on_avax,lt_10k,1.0,1,1,core_eligible,,1.0,structural_decay,1.0,14115.0,68.0,0.9951824300389656,0.1311475409836065,-0.3428571428571428,538.0,1.6714327112449472,0,10,alive,2023-04-22,multichain_relocation,0.6093901315923482,0.5722598089866456,0.42774019101335436,elevated,early drawdown stayed high,active-day density stayed low,peak arrived too early,0.05955883253203824,0.08523729635672966,0.6093901315923482,0.5722598089866456,early drawdown stayed high,active-day density stayed low,peak arrived too early,0.03629456479418541,monitor
gyroscope-protocol,Gyroscope Protocol,Dexs,avax_core,1,1,358,1107,15900.19508,1808656.58989,1792756.39481,0.0087911631035314,9.0,0.996164,active_on_avax,ge_10k,0.0,0,1,core_eligible,,0.996164,censored,,2690279.0,15900.0,0.9940898323185068,-0.9844402106212858,-0.98444031720186,180.0,0.3061631228409187,0,10,alive,2025-01-18,resilient_or_unproven,0.03998382143443759,0.9685061649388037,0.027764339065852968,stable_watch,early drawdown stayed high,active-day density stayed low,peak arrived too early,0.07642112352533104,,0.03998382143443759,0.9685061649388037,early drawdown stayed high,active-day density stayed low,peak arrived too early,0.003055608556855934,monitor
hakuswap,HakuSwap,Dexs,avax_core,1,1,1515,1515,26074.3556,26074.3556,0.0,1.0,1.0,1.0,active_on_avax,ge_10k,0.0,0,1,core_eligible,,1.0,structural_decay,1.0,8189138.0,26074.0,0.9968160263021578,0.032264449722882,-0.1833442951548748,781.0,2.9977776288044087,1,1,alive,2022-01-13,native_revival_or_threshold_boundary,0.482311076028084,0.9030495691408569,0.09695043085914315,elevated,early drawdown stayed high,active-day density stayed low,peak arrived too early,0.020478204803816586,0.043563251083861124,0.482311076028084,0.9030495691408569,early drawdown stayed high,active-day density stayed low,peak arrived too early,0.009876864994052256,monitor
hashflow,Hashflow,DEX Aggregator,avax_core,1,1,1382,1382,10243.31852,582462.77663,572219.45811,0.0175862199800398,5.0,1.0,active_on_avax,ge_10k,0.0,0,1,core_eligible,,1.0,insufficient_early_window,,8927359.0,10243.0,0.998852628196088,0.0125531283977463,-0.0796046720575022,693.0,2.1395182324654898,0,6,alive,2022-02-22,resilient_or_unproven,,,,,,,,0.16539720602604085,,,,,,,,nan
hedgefarm,HedgeFarm,Yield,avax_core,1,1,1237,1237,36363.84572,36363.84572,0.0,1.0,1.0,1.0,active_on_avax,ge_10k,0.0,0,1,core_eligible,,1.0,resilient_or_unproven,0.0,478480.0,36363.0,0.9240030931282396,0.000220046209704,0.0002750728943169,548.0,1.065232423017286,1,1,alive,2022-10-19,resilient_or_unproven,0.16850327056405917,0.8139365841825514,0.1860634158174486,stable_watch,early drawdown stayed high,active-day density stayed low,peak arrived too early,0.16407905076825202,,0.16850327056405917,0.8139365841825514,early drawdown stayed high,active-day density stayed low,peak arrived too early,0.027647856685496772,monitor
hermes-finance,Hermes Finance,Algo-Stables,avax_core,1,1,1517,1517,0.0,0.0,0.0,0.0,0.0,1.0,low_tvl_on_avax,lt_10k,1.0,0,1,core_eligible,,1.0,structural_decay,1.0,0.0,0.0,0.0,0.0,0.0,0.0,0.0,1,1,dead,2022-01-12,terminal_global_decay,0.9986659477246425,0.9990060093295723,0.0009939906704276589,critical,early drawdown stayed high,active-day density stayed low,peak arrived too early,0.9996838323353293,1.0,0.9986659477246425,0.9990060093295723,early drawdown stayed high,active-day density stayed low,peak arrived too early,0.9983502018441642,terminal_risk
homora-v2,Homora V2,Leveraged Farming,avax_core,1,1,1484,1854,397914.70785,110273717.07445998,109875802.36661,0.0036084274513147,5.0,1.0,active_on_avax,ge_10k,0.0,0,1,core_eligible,,1.0,structural_decay,1.0,679064663.0,397914.0,0.9994140263487692,-0.0780297132476969,-0.1183306744660108,725.0,2.417723377557627,0,5,alive,2021-10-20,native_revival_or_threshold_boundary,0.038092666198145525,0.9519446939700941,0.04805530602990598,stable_watch,early drawdown stayed high,active-day density stayed low,peak arrived too early,0.02540564272340585,0.09118440480205399,0.038092666198145525,0.9519446939700941,early drawdown stayed high,active-day density stayed low,peak arrived too early,0.0009677686678120439,monitor
honeyfarm,HoneyFarm,Yield,avax_core,1,1,1544,1544,0.0,0.0,0.0,0.0,0.0,1.0,low_tvl_on_avax,lt_10k,1.0,0,1,core_eligible,,1.0,structural_decay,1.0,0.0,0.0,0.0,0.0,0.0,0.0,0.0,0,2,dead,2021-12-16,terminal_global_decay,0.9950621487120734,0.994488189319154,0.005511810680846093,critical,early drawdown stayed high,active-day density stayed low,peak arrived too early,0.9996838323353293,1.0,0.9950621487120734,0.994488189319154,early drawdown stayed high,active-day density stayed low,peak arrived too early,0.9947475422363129,terminal_risk
hot-takes,Hot Takes,SoFi,avax_core,1,1,851,851,612.98383,612.98383,0.0,1.0,0.0,1.0,low_tvl_on_avax,lt_10k,1.0,0,1,core_eligible,,1.0,structural_decay,1.0,17266.0,612.0,0.96455461600834,0.0849557522123893,-0.3307860262008734,445.0,1.0696721694198383,1,1,dead,2023-11-09,terminal_global_decay,0.9062439707339823,0.9402932648525746,0.05970673514742538,critical,early drawdown stayed high,active-day density stayed low,peak arrived too early,0.9934320533881437,0.98180216831652,0.9062439707339823,0.9402932648525746,early drawdown stayed high,active-day density stayed low,peak arrived too early,0.9002918087168849,terminal_risk
hubble-exchange,Hubble Exchange,Derivatives,avax_core,1,1,1309,1309,78486.07253,78486.07253,0.0,1.0,1.0,1.0,active_on_avax,ge_10k,0.0,0,1,core_eligible,,1.0,structural_decay,1.0,4744985.0,78486.0,0.9834591679425752,0.0038626334974739,-0.0248971934750469,691.0,1.6219995254191242,1,1,alive,2022-08-08,native_revival_or_threshold_boundary,0.18252325961369012,0.9026761104378994,0.09732388956210061,stable_watch,early drawdown stayed high,active-day density stayed low,peak arrived too early,0.01882079451288716,0.01934672786022954,0.18252325961369012,0.9026761104378994,early drawdown stayed high,active-day density stayed low,peak arrived too early,0.0034352327630116177,monitor
hunnyswap,HunnySwap,Dexs,avax_core,1,1,1347,1347,58957.31232,58957.31232,0.0,1.0,1.0,1.0,active_on_avax,ge_10k,0.0,0,1,core_eligible,,1.0,resilient_or_unproven,0.0,725059.0,58957.0,0.9186866172270118,0.0118244692718254,-0.0651677554385742,690.0,0.9963719969900816,1,1,alive,2022-07-01,resilient_or_unproven,0.17057017150646453,0.8385348117857935,0.16146518821420655,stable_watch,early drawdown stayed high,active-day density stayed low,peak arrived too early,0.059381330907766004,,0.17057017150646453,0.8385348117857935,early drawdown stayed high,active-day density stayed low,peak arrived too early,0.01012868379721977,monitor
hurricaneswap,HurricaneSwap,Dexs,avax_core,1,1,1610,1610,39636.86462,39636.86462,0.0,1.0,1.0,1.0,active_on_avax,ge_10k,0.0,0,1,core_eligible,,1.0,structural_decay,1.0,32991934.0,39636.0,0.998798615443399,0.022626418988648,-0.1312247939680869,893.0,3.166342736143781,1,1,alive,2021-10-11,native_revival_or_threshold_boundary,0.619384244884771,0.7535622537050874,0.24643774629491258,elevated,early drawdown stayed high,active-day density stayed low,peak arrived too early,0.01812814545837509,0.04338917241065567,0.619384244884771,0.7535622537050874,early drawdown stayed high,active-day density stayed low,peak arrived too early,0.011228287685896945,monitor
hypha,Hypha,Liquid Staking,avax_core,1,1,983,983,21940600.24524,21940600.24524,0.0,1.0,1.0,1.0,active_on_avax,ge_10k,0.0,0,1,core_eligible,,1.0,resilient_or_unproven,0.0,89655261.0,21940600.0,0.7552781648809209,0.1328508505365069,-0.3892668396565958,253.0,0.6305442355459513,1,1,alive,2023-06-30,resilient_or_unproven,0.08315030762993536,0.9253228865783226,0.07467711342167742,stable_watch,early drawdown stayed high,active-day density stayed low,peak arrived too early,0.13635194593305486,,0.08315030762993536,0.9253228865783226,early drawdown stayed high,active-day density stayed low,peak arrived too early,0.011337706250273825,monitor
ice-dao,Ice DAO,Reserve Currency,avax_core,1,1,1548,1548,0.0,0.0,0.0,0.0,0.0,1.0,low_tvl_on_avax,lt_10k,1.0,0,1,core_eligible,,1.0,structural_decay,1.0,8273946.0,0.0,1.0,0.0,0.0,33.0,5.917189151348297,1,1,dead,2021-12-12,terminal_global_decay,0.878467543165912,0.8941963685874904,0.10580363141250959,critical,early drawdown stayed high,active-day density stayed low,peak arrived too early,0.9951886069984304,0.9951903773693234,0.878467543165912,0.8941963685874904,early drawdown stayed high,active-day density stayed low,peak arrived too early,0.8742408905766175,terminal_risk
icecream-finance,IceCream Finance,Algo-Stables,avax_core,1,1,1496,1496,0.0,0.0,0.0,0.0,0.0,1.0,low_tvl_on_avax,lt_10k,1.0,0,1,core_eligible,,1.0,structural_decay,1.0,0.0,0.0,0.0,0.0,0.0,0.0,0.0,1,1,dead,2022-02-02,terminal_global_decay,0.9986652436781689,0.9990044177650256,0.0009955822349744172,critical,early drawdown stayed high,active-day density stayed low,peak arrived too early,0.9996838323353293,0.9994116511405596,0.9986652436781689,0.9990044177650256,early drawdown stayed high,active-day density stayed low,peak arrived too early,0.9983494980202874,terminal_risk
impermax-v2,Impermax V2,Lending,avax_core,1,1,1562,1796,90752.9117,756979.99073,666227.0790299999,0.1198881249324459,7.0,1.0,active_on_avax,ge_10k,0.0,0,1,core_eligible,,1.0,structural_decay,1.0,21436036.0,90752.0,0.9957663814335822,0.0451200552772499,-0.2567869690194826,122.0,2.1044550557446637,0,15,alive,2021-10-26,native_revival_or_threshold_boundary,0.07321673545102145,0.9358381759476527,0.06416182405234726,stable_watch,early drawdown stayed high,active-day density stayed low,peak arrived too early,0.032066252170234066,0.03287974735352508,0.07321673545102145,0.9358381759476527,early drawdown stayed high,active-day density stayed low,peak arrived too early,0.00234778630205377,monitor
impossible-finance,Impossible Finance,Launchpad,avax_core,1,1,1291,1566,2.19031,174099.92435000002,174097.73404,1.2580763651549514e-05,1.0,1.0,low_tvl_on_avax,lt_10k,1.0,0,1,core_eligible,,1.0,structural_decay,1.0,1242123.0,2.0,0.9999983898535008,0.0,-0.25,159.0,4.014553060684365,0,7,alive,2022-08-26,terminal_global_decay,0.8093603451954898,0.838738304072674,0.161261695927326,critical,early drawdown stayed high,active-day density stayed low,peak arrived too early,0.8316152751464582,0.7191508442318795,0.8093603451954898,0.838738304072674,early drawdown stayed high,active-day density stayed low,peak arrived too early,0.6730764261623796,terminal_risk
incognito,Incognito,Dexs,avax_core,1,1,711,711,58.50671,127.11726,68.61055,0.4602577966202229,0.0,1.0,low_tvl_on_avax,lt_10k,1.0,0,1,core_eligible,,1.0,structural_decay,1.0,217.0,58.0,0.7327188940092166,0.0,-0.0483870967741935,163.0,0.2910470656400181,0,5,dead,2024-03-28,terminal_global_decay,0.9797273638766184,0.9777395712217055,0.02226042877829453,critical,early drawdown stayed high,active-day density stayed low,peak arrived too early,0.9892921654797834,0.995682020316609,0.9797273638766184,0.9777395712217055,early drawdown stayed high,active-day density stayed low,peak arrived too early,0.9692366053892996,terminal_risk
insurace,InsurAce,Insurance,avax_core,1,1,1616,1733,10166.12817,136311.94272,126145.81455,0.0745798788216405,4.0,1.0,active_on_avax,ge_10k,0.0,0,1,core_eligible,,1.0,resilient_or_unproven,0.0,14001463.0,10166.0,0.9992739330168569,0.0183293269230769,-0.1080014037550447,751.0,1.4042756307995854,0,4,alive,2021-10-05,resilient_or_unproven,0.05085076687493486,0.9543282149318434,0.04567178506815661,stable_watch,early drawdown stayed high,active-day density stayed low,peak arrived too early,0.0444226536618806,,0.05085076687493486,0.9543282149318434,early drawdown stayed high,active-day density stayed low,peak arrived too early,0.0022589260053262616,monitor
ipor-fusion,IPOR Fusion,Yield Aggregator,fetch_failed,0,0,0,0,,,,,,0.0,data_fetch_failed,unknown,,0,0,data_incomplete,protocol_fetch_failed,0.0,data_fetch_failed,,,,,,,,,0,8,alive,,data_incomplete,,,,,,,,,,,,,,,,data_incomplete
iron-bank,Iron Bank,Lending,avax_core,1,1,1507,1507,55547.11427,213607.74886,158060.63459,0.2600425994208944,4.0,1.0,active_on_avax,ge_10k,0.0,0,1,core_eligible,,1.0,structural_decay,1.0,121431584.0,55547.0,0.9995425654663288,0.0411020522912566,-0.2207835930814875,777.0,2.819475690801731,0,4,alive,2022-01-22,native_revival_or_threshold_boundary,0.32052210548737414,0.769329620333415,0.23067037966658502,stable_watch,early drawdown stayed high,active-day density stayed low,peak arrived too early,0.02298321704602892,0.03390512185952851,0.32052210548737414,0.769329620333415,early drawdown stayed high,active-day density stayed low,peak arrived too early,0.0073666291184664974,monitor
iron-finance,Iron Finance,CDP,avax_core,1,1,1642,1700,29.83632,315821.01045,315791.17413,9.447224539459071e-05,1.0,1.0,low_tvl_on_avax,lt_10k,1.0,0,1,core_eligible,,1.0,structural_decay,1.0,4264974.0,29.0,0.999993200427482,0.0,0.0,161.0,5.1787283813650165,0,3,alive,2021-09-09,terminal_global_decay,0.7462605174701484,0.7935005297220868,0.20649947027791316,critical,early drawdown stayed high,active-day density stayed low,peak arrived too early,0.7568440743187135,0.6122885723427444,0.7462605174701484,0.7935005297220868,early drawdown stayed high,active-day density stayed low,peak arrived too early,0.5648028505452986,elevated
jarvis-network,Jarvis Network,Derivatives,avax_core,1,1,1103,1781,322.92685,292517.80882,292194.88197,0.0011039562045903,1.0,1.0,low_tvl_on_avax,lt_10k,1.0,0,1,core_eligible,,1.0,structural_decay,1.0,1207.0,322.0,0.7332228666114333,0.0,0.0,285.0,0.6568927496250067,0,6,alive,2023-02-04,terminal_global_decay,0.8925043559877976,0.926389290017187,0.07361070998281302,critical,early drawdown stayed high,active-day density stayed low,peak arrived too early,0.7591389098647208,0.64584514143527,0.8925043559877976,0.926389290017187,early drawdown stayed high,active-day density stayed low,peak arrived too early,0.6775347838540914,terminal_risk
joe-dex,Joe DEX,Dexs,avax_core,1,1,1658,1658,13418789.2844,13490807.7557,72018.47130000032,0.994661663511618,3.0,1.0,active_on_avax,ge_10k,0.0,0,1,core_eligible,,1.0,structural_decay,1.0,2587969556.0,13418789.0,0.994814935527781,0.0230668240288375,-0.3366790069337629,840.0,1.968622361997144,0,4,alive,2021-08-10,native_revival_or_threshold_boundary,0.3091080778880475,0.8064987499866302,0.1935012500133698,stable_watch,early drawdown stayed high,active-day density stayed low,peak arrived too early,0.011211110998381542,0.015294308354205291,0.3091080778880475,0.8064987499866302,early drawdown stayed high,active-day density stayed low,peak arrived too early,0.0034654449716992677,monitor
joe-lend,Joe Lend,Lending,avax_core,1,1,1255,1255,2379149.50193,2379149.50193,0.0,1.0,1.0,1.0,active_on_avax,ge_10k,0.0,0,1,core_eligible,,1.0,resilient_or_unproven,0.0,19525829.0,2379149.0,0.878153752140306,0.0220124773025726,-0.1665233251906032,640.0,0.5705881968049991,1,1,alive,2022-10-01,resilient_or_unproven,0.11653878269264846,0.9311148249879001,0.06888517501209986,stable_watch,early drawdown stayed high,active-day density stayed low,peak arrived too early,0.07299102444264541,,0.11653878269264846,0.9311148249879001,early drawdown stayed high,active-day density stayed low,peak arrived too early,0.008506285136035246,monitor
joe-stek,Joe Stek,Farm,avax_core,1,1,709,709,40194.23967,40194.23967,0.0,1.0,1.0,1.0,active_on_avax,ge_10k,0.0,0,1,core_eligible,,1.0,structural_decay,1.0,116570480.0,40194.0,0.9996551957236516,0.1464305068309517,-0.5243138972058841,429.0,2.3906491427051244,1,1,alive,2024-03-30,native_revival_or_threshold_boundary,0.7043631900294238,0.8429399974790875,0.15706000252091243,critical,early drawdown stayed high,active-day density stayed low,peak arrived too early,0.038945824264150136,0.11106289315287116,0.7043631900294238,0.8429399974790875,early drawdown stayed high,active-day density stayed low,peak arrived too early,0.02743200501702213,monitor
joe-v2,Joe V2,Dexs,avax_core,1,1,1208,1208,98173.04326,165505.88796000002,67332.84470000002,0.5931694906451109,2.0,1.0,active_on_avax,ge_10k,0.0,0,1,core_eligible,,1.0,structural_decay,1.0,31762453.0,98173.0,0.9969091493027948,0.0742900913716693,-0.2434710909385138,568.0,2.3265425533060045,0,3,alive,2022-11-17,native_revival_or_threshold_boundary,0.18199488475670944,0.9152941852023843,0.08470581479761578,stable_watch,early drawdown stayed high,active-day density stayed low,peak arrived too early,0.022338407545724002,0.029514814541328194,0.18199488475670944,0.9152941852023843,early drawdown stayed high,active-day density stayed low,peak arrived too early,0.004065475906932448,monitor
joe-v2.1,Joe V2.1,Dexs,avax_core,1,1,1067,1067,2773204.2633,3975091.05464,1201886.79134,0.6976454690422563,3.0,1.0,active_on_avax,ge_10k,0.0,0,1,core_eligible,,1.0,resilient_or_unproven,0.0,378702055.0,2773204.0,0.9926770822513756,0.0542248940626018,-0.2740403669686345,377.0,0.8344423431755915,0,4,alive,2023-04-07,resilient_or_unproven,0.036930037657590675,0.9744616116343288,0.025538388365671284,stable_watch,early drawdown stayed high,active-day density stayed low,peak arrived too early,0.029330673173097652,,0.036930037657590675,0.9744616116343288,early drawdown stayed high,active-day density stayed low,peak arrived too early,0.001083182864804981,monitor
joe-v2.2,Joe V2.2,Dexs,avax_core,1,1,627,627,27538439.05425,30325538.47467,2787099.4204199985,0.90809398412668,3.0,1.0,active_on_avax,ge_10k,0.0,0,1,core_eligible,,1.0,resilient_or_unproven,0.0,120203944.0,27538439.0,0.7709023673965307,-0.030738624286779,-0.4634853533237728,99.0,0.440804941067666,0,3,alive,2024-06-20,resilient_or_unproven,0.0560262513879105,0.9353741020595141,0.06462589794048586,stable_watch,early drawdown stayed high,active-day density stayed low,peak arrived too early,0.11171044857337113,,0.0560262513879105,0.9353741020595141,early drawdown stayed high,active-day density stayed low,peak arrived too early,0.006258717674427939,monitor
k3-capital,K3 Capital,Risk Curators,avax_core,1,1,889,889,16030519.21008,218277051.91457,202246532.70449,0.0734411568667973,6.0,1.0,active_on_avax,ge_10k,0.0,0,1,core_eligible,,1.0,resilient_or_unproven,0.0,164902619.0,16030519.0,0.902787966029818,0.0242785108866475,-0.0106749218424597,47.0,0.6279466841007612,0,7,alive,2023-10-02,resilient_or_unproven,0.06458576001479796,0.9265369943815829,0.0734630056184171,stable_watch,early drawdown stayed high,active-day density stayed low,peak arrived too early,0.09472725175602954,,0.06458576001479796,0.9265369943815829,early drawdown stayed high,active-day density stayed low,peak arrived too early,0.006118031548776273,monitor
kalmy-app,Kalmy App,Yield,avax_core,1,1,1349,1494,0.0,32795.44231,32795.44231,0.0,1.0,1.0,low_tvl_on_avax,lt_10k,1.0,0,1,core_eligible,,1.0,structural_decay,1.0,92551.0,0.0,1.0,0.0,0.0,389.0,2.23703576428816,0,3,alive,2022-06-28,terminal_global_decay,0.53656673084398,0.705050025701367,0.294949974298633,elevated,early drawdown stayed high,active-day density stayed low,peak arrived too early,0.8465724192459643,0.6947462682584192,0.53656673084398,0.705050025701367,early drawdown stayed high,active-day density stayed low,peak arrived too early,0.4542425954174863,elevated
kandyland-finance,Kandyland Finance,Reserve Currency,avax_core,1,1,600,600,0.0,0.0,0.0,0.0,0.0,1.0,low_tvl_on_avax,lt_10k,1.0,0,1,core_eligible,,1.0,structural_decay,1.0,204413.0,0.0,1.0,0.0,0.0,25.0,4.848157497077035,1,1,dead,2022-01-13,terminal_global_decay,0.9804810785587983,0.9770968877013809,0.02290311229861904,critical,early drawdown stayed high,active-day density stayed low,peak arrived too early,1.0,1.0,0.9804810785587983,0.9770968877013809,early drawdown stayed high,active-day density stayed low,peak arrived too early,0.9804810785587983,terminal_risk
karma-dao,Karma DAO,Reserve Currency,avax_core,1,1,1521,1521,0.0,0.0,0.0,0.0,0.0,1.0,low_tvl_on_avax,lt_10k,1.0,0,1,core_eligible,,1.0,structural_decay,1.0,244874.0,0.0,1.0,0.0,0.0,7.0,11.239917958192772,1,1,dead,2022-01-08,terminal_global_decay,0.9874086809545954,0.983497923800478,0.016502076199522014,critical,early drawdown stayed high,active-day density stayed low,peak arrived too early,0.9982522893772893,0.9940445378669566,0.9874086809545954,0.983497923800478,early drawdown stayed high,active-day density stayed low,peak arrived too early,0.9856829763139343,terminal_risk
kassandra-dao,Kassandra DAO,Indexes,avax_core,1,1,1491,1491,691.58966,854.1287599999999,162.53909999999996,0.809701876798997,0.0,1.0,low_tvl_on_avax,lt_10k,1.0,0,1,core_eligible,,1.0,resilient_or_unproven,0.0,667166.0,691.0,0.9989642757574576,0.0437405731523378,-0.4019014693171996,775.0,1.5933484252462418,0,2,dead,2022-02-04,resilient_or_unproven,0.2544678266280667,0.7651209818031988,0.2348790181968012,stable_watch,early drawdown stayed high,active-day density stayed low,peak arrived too early,0.9000622134401166,,0.2544678266280667,0.7651209818031988,early drawdown stayed high,active-day density stayed low,peak arrived too early,0.22903687528415356,monitor
kayak-v2,Kayak V2,Dexs,avax_core,1,1,616,616,844.65023,844.65023,0.0,1.0,0.0,1.0,low_tvl_on_avax,lt_10k,1.0,0,1,core_eligible,,1.0,structural_decay,1.0,56190.0,844.0,0.984979533724862,0.0805626598465473,-0.3039538714991763,312.0,2.1660475757685265,0,2,dead,2024-07-01,terminal_global_decay,0.9570568616631006,0.9657151013134783,0.03428489868652177,critical,early drawdown stayed high,active-day density stayed low,peak arrived too early,0.9970201356025001,0.9907885008837162,0.9570568616631006,0.9657151013134783,early drawdown stayed high,active-day density stayed low,peak arrived too early,0.9542049619946478,terminal_risk
kewl-exchange,KEWL EXCHANGE,Dexs,avax_core,1,1,360,739,0.28538,31640.55493,31640.26955,9.019437258017776e-06,1.0,0.99726,low_tvl_on_avax,lt_10k,1.0,0,1,core_eligible,,0.99726,censored,,235.0,0.0,1.0,0.0,0.0,7.0,2.021216068018945,0,6,alive,2025-03-14,resilient_or_unproven,0.8733722963871166,0.9068883979894808,0.09061990053799325,critical,early drawdown stayed high,active-day density stayed low,peak arrived too early,0.9416728920165534,,0.8733722963871166,0.9068883979894808,early drawdown stayed high,active-day density stayed low,peak arrived too early,0.8224310161459945,terminal_risk
keyring,Keyring,Risk Curators,avax_core,1,1,221,221,6224534.89963,6224534.89963,0.0,1.0,1.0,0.881644,active_on_avax,ge_10k,0.0,0,1,core_eligible,,0.881644,censored,,22362938.0,6224534.0,0.7216584869125873,-0.0013580940157227,-0.016054604275811,66.0,0.5616423835989518,1,1,alive,2025-07-31,resilient_or_unproven,0.14396573264060028,0.840544482619371,0.04661690816319174,stable_watch,early drawdown stayed high,active-day density stayed low,peak arrived too early,0.2296798041766678,,0.14396573264060028,0.840544482619371,early drawdown stayed high,active-day density stayed low,peak arrived too early,0.033066021281043585,monitor
kine-finance,Kine Finance,Yield,avax_core,1,1,1487,1808,966.0513,1013591.70962,1012625.65832,0.0009530970812322,2.0,1.0,low_tvl_on_avax,lt_10k,1.0,1,1,core_eligible,,1.0,resilient_or_unproven,0.0,764816.0,966.0,0.9987369511098094,0.0938914027149321,-0.3228291316526611,811.0,0.9655526322784956,0,4,alive,2022-02-11,avax_side_decay_but_globally_alive,0.036397247102160454,0.9604267661747244,0.03957323382527558,stable_watch,early drawdown stayed high,active-day density stayed low,peak arrived too early,0.054669917549188055,0.11170922059832883,0.036397247102160454,0.9604267661747244,early drawdown stayed high,active-day density stayed low,peak arrived too early,0.0019898344980925358,monitor
kitty-finance,Kitty Finance,Algo-Stables,avax_core,1,1,1535,1535,0.0,0.0,0.0,0.0,0.0,1.0,low_tvl_on_avax,lt_10k,1.0,0,1,core_eligible,,1.0,structural_decay,1.0,0.0,0.0,0.0,0.0,0.0,0.0,0.0,0,2,dead,2021-12-21,terminal_global_decay,0.9970056908290057,0.9973290969726433,0.002670903027356694,critical,early drawdown stayed high,active-day density stayed low,peak arrived too early,0.9996838323353293,1.0,0.9970056908290057,0.9973290969726433,early drawdown stayed high,active-day density stayed low,peak arrived too early,0.9966904698680729,terminal_risk
kuu-finance,Kuu Finance,Dexs,avax_core,1,1,749,749,11300.58013,11300.58013,0.0,1.0,1.0,1.0,active_on_avax,ge_10k,0.0,0,1,core_eligible,,1.0,structural_decay,1.0,3779376.0,11300.0,0.9970100884378796,-0.0083362583362583,-0.2156440866185452,386.0,3.1372599103025967,1,1,alive,2021-08-17,native_revival_or_threshold_boundary,0.8205690114537563,0.9140352994879082,0.08596470051209178,critical,early drawdown stayed high,active-day density stayed low,peak arrived too early,0.2406861450187601,0.49817920338230653,0.8205690114537563,0.9140352994879082,early drawdown stayed high,active-day density stayed low,peak arrived too early,0.1974995920886594,monitor
kyberswap-classic,KyberSwap Classic,Dexs,avax_core,1,1,1634,1947,69499.49861,1038016.88744,968517.38883,0.0669541116825204,7.0,1.0,active_on_avax,ge_10k,0.0,0,1,core_eligible,,1.0,resilient_or_unproven,0.0,66549551.0,69499.0,0.9989556804072202,0.0358755756934404,-0.1919638185813442,727.0,1.9424624230324423,0,15,alive,2021-09-18,resilient_or_unproven,0.10377152824721221,0.8942986943945004,0.10570130560549958,stable_watch,early drawdown stayed high,active-day density stayed low,peak arrived too early,0.009757479279571052,,0.10377152824721221,0.8942986943945004,early drawdown stayed high,active-day density stayed low,peak arrived too early,0.0010125485366815953,monitor
kyberswap-elastic,KyberSwap Elastic,Dexs,avax_core,1,1,1037,1037,386.80603,120669.15507,120282.34904,0.0032055087298457,4.0,1.0,low_tvl_on_avax,lt_10k,1.0,1,1,core_eligible,,1.0,structural_decay,1.0,12885559.0,386.0,0.999970043984898,0.1621621621621621,-0.0785714285714285,509.0,3.233410133911925,0,11,alive,2023-03-01,multichain_relocation,0.2511419255772176,0.6930176904014824,0.3069823095985175,stable_watch,early drawdown stayed high,active-day density stayed low,peak arrived too early,0.10312652613904781,0.225495774586206,0.2511419255772176,0.6930176904014824,early drawdown stayed high,active-day density stayed low,peak arrived too early,0.02589939435264973,monitor
lagoon,Lagoon,Onchain Capital Allocator,avax_core,1,1,230,441,4435506.59678,122856655.33546002,118421148.73868002,0.0361031039357929,8.0,0.926027,active_on_avax,ge_10k,0.0,0,1,core_eligible,,0.926027,censored,,84730703.0,4435506.0,0.9476517266710274,-0.6891920498598091,-0.9107337095868162,83.0,1.023315012255408,0,16,alive,2025-07-22,resilient_or_unproven,0.3109101431723971,0.7196776973331448,0.2228329224383902,stable_watch,early drawdown stayed high,active-day density stayed low,peak arrived too early,0.07250703995306992,,0.3109101431723971,0.7196776973331448,early drawdown stayed high,active-day density stayed low,peak arrived too early,0.022543174172815688,monitor
lama-miner,Lama Miner,Ponzi,avax_core,1,1,689,689,0.08135,0.08135,0.0,1.0,0.0,1.0,low_tvl_on_avax,lt_10k,1.0,0,1,core_eligible,,1.0,structural_decay,1.0,23170.0,0.0,1.0,0.0,-0.5,218.0,2.452188644852136,1,1,dead,2024-04-20,terminal_global_decay,0.9488555193922372,0.9467423424931205,0.053257657506879455,critical,early drawdown stayed high,active-day density stayed low,peak arrived too early,0.9939721435274009,0.9932192479483325,0.9488555193922372,0.9467423424931205,early drawdown stayed high,active-day density stayed low,peak arrived too early,0.9431359545081074,terminal_risk
leech-protocol,Leech Protocol,Yield Aggregator,avax_core,1,1,899,899,9.46296,3503.12041,3493.65745,0.0027012945295819,0.0,1.0,low_tvl_on_avax,lt_10k,1.0,0,1,core_eligible,,1.0,structural_decay,1.0,2432.0,9.0,0.9962993421052632,0.0,0.0,34.0,3.2636569365717483,0,3,dead,2023-09-11,terminal_global_decay,0.9846531199578008,0.9847619827726932,0.015238017227306774,critical,early drawdown stayed high,active-day density stayed low,peak arrived too early,0.9992542372881357,0.9983651969370902,0.9846531199578008,0.9847619827726932,early drawdown stayed high,active-day density stayed low,peak arrived too early,0.9839188023768154,terminal_risk
life-dao,Life DAO,Reserve Currency,avax_core,1,1,1552,1552,69.50376,69.50376,0.0,1.0,0.0,1.0,low_tvl_on_avax,lt_10k,1.0,0,1,core_eligible,,1.0,structural_decay,1.0,6130437.0,69.0,0.9999887446849222,0.0294117647058823,-0.1860465116279069,713.0,4.019322244668695,1,1,dead,2021-12-08,terminal_global_decay,0.9036127959087761,0.9309841449703566,0.0690158550296434,critical,early drawdown stayed high,active-day density stayed low,peak arrived too early,1.0,0.9908138496497845,0.9036127959087761,0.9309841449703566,early drawdown stayed high,active-day density stayed low,peak arrived too early,0.9036127959087761,terminal_risk
louverture,Louverture,Yield,avax_core,1,1,614,614,0.0,0.0,0.0,0.0,0.0,1.0,low_tvl_on_avax,lt_10k,1.0,0,1,core_eligible,,1.0,structural_decay,1.0,0.0,0.0,0.0,0.0,0.0,0.0,0.0,1,1,dead,2021-12-30,terminal_global_decay,0.9957493225924812,0.9950980633935077,0.004901936606492313,critical,early drawdown stayed high,active-day density stayed low,peak arrived too early,0.9996838323353293,1.0,0.9957493225924812,0.9950980633935077,early drawdown stayed high,active-day density stayed low,peak arrived too early,0.9954344988545597,terminal_risk
lydia,Lydia,Dexs,avax_core,1,1,1783,1783,49559.26902,49559.26902,0.0,1.0,1.0,1.0,active_on_avax,ge_10k,0.0,0,1,core_eligible,,1.0,structural_decay,1.0,24602373.0,49559.0,0.9979856008198884,0.0941121928604543,-0.1800810654313839,558.0,2.117030845977665,1,1,alive,2021-04-21,native_revival_or_threshold_boundary,0.7436348773412778,0.8135793436043705,0.18642065639562955,critical,early drawdown stayed high,active-day density stayed low,peak arrived too early,0.024095056939370495,0.07788171338485358,0.7436348773412778,0.8135793436043705,early drawdown stayed high,active-day density stayed low,peak arrived too early,0.01791792471163988,monitor
magic-square,Magic Square,Farm,avax_core,1,1,161,161,335.618,11833.71457,11498.09657,0.02836117079001,1.0,0.832329,low_tvl_on_avax,lt_10k,1.0,0,1,core_eligible,,0.832329,censored,,22264.0,335.0,0.9849532878189003,0.0909090909090909,-0.2346241457858769,93.0,2.016404523422335,0,5,alive,2025-09-29,resilient_or_unproven,0.9908334195396267,0.8227306844667824,0.011531876857850216,critical,early drawdown stayed high,active-day density stayed low,peak arrived too early,0.8708858677395517,,0.9908334195396267,0.8227306844667824,early drawdown stayed high,active-day density stayed low,peak arrived too early,0.862902822361115,terminal_risk
magik-farm,Magik Farm,Yield Aggregator,avax_core,1,1,1300,1300,2969.78172,3762.76933,792.9876100000001,0.7892542591761796,0.0,1.0,low_tvl_on_avax,lt_10k,1.0,0,1,core_eligible,,1.0,structural_decay,1.0,1732884.0,2969.0,0.9982866712370824,-0.5768025078369906,-0.6014492753623188,770.0,2.488885155206655,0,12,dead,2022-08-13,terminal_global_decay,0.5802387444498203,0.6927155083502312,0.30728449164976884,elevated,early drawdown stayed high,active-day density stayed low,peak arrived too early,0.9508248782123059,0.9205964732256791,0.5802387444498203,0.6927155083502312,early drawdown stayed high,active-day density stayed low,peak arrived too early,0.5517054335255617,elevated
magnet-dao,Magnet DAO,Algo-Stables,avax_core,1,1,1525,1525,0.65951,0.65951,0.0,1.0,0.0,1.0,low_tvl_on_avax,lt_10k,1.0,0,1,core_eligible,,1.0,structural_decay,1.0,10299268.0,0.0,1.0,0.0,0.0,78.0,5.428143837424293,1,1,dead,2022-01-04,terminal_global_decay,0.9514446600616822,0.9471445179726273,0.05285548202737272,critical,early drawdown stayed high,active-day density stayed low,peak arrived too early,1.0,0.9991824817518248,0.9514446600616822,0.9471445179726273,early drawdown stayed high,active-day density stayed low,peak arrived too early,0.9514446600616822,terminal_risk
marginswap,MarginSwap,Dexs,avax_core,1,1,610,610,0.0,0.0,0.0,0.0,0.0,1.0,low_tvl_on_avax,lt_10k,1.0,0,1,core_eligible,,1.0,resilient_or_unproven,0.0,6939110.0,0.0,1.0,0.0,-0.9999995941352544,305.0,0.3651067269078734,0,4,dead,2022-01-03,resilient_or_unproven,0.1384129591460644,0.9158598553151944,0.08414014468480563,stable_watch,early drawdown stayed high,active-day density stayed low,peak arrived too early,0.9187171670746822,,0.1384129591460644,0.9158598553151944,early drawdown stayed high,active-day density stayed low,peak arrived too early,0.12716236171309603,monitor
maximizer,Maximizer,Reserve Currency,avax_core,1,1,646,646,0.45728,0.45728,0.0,1.0,0.0,1.0,low_tvl_on_avax,lt_10k,1.0,0,1,core_eligible,,1.0,structural_decay,1.0,16807204.0,0.0,1.0,0.0,0.0,97.0,1.5670647772711463,1,1,dead,2021-11-28,terminal_global_decay,0.5239007461874223,0.7080089725127212,0.29199102748727873,elevated,early drawdown stayed high,active-day density stayed low,peak arrived too early,0.978929396566187,0.9578785609700972,0.5239007461874223,0.7080089725127212,early drawdown stayed high,active-day density stayed low,peak arrived too early,0.5128618413258285,elevated
meow-miner,Meow Miner,Ponzi,avax_core,1,1,725,725,0.0351,0.0351,0.0,1.0,0.0,1.0,low_tvl_on_avax,lt_10k,1.0,0,1,core_eligible,,1.0,structural_decay,1.0,33751.0,0.0,1.0,0.0,0.0,212.0,2.9936916831556117,1,1,dead,2024-03-14,terminal_global_decay,0.945739602233628,0.9533105703133197,0.04668942968668034,critical,early drawdown stayed high,active-day density stayed low,peak arrived too early,0.9986890130353818,0.998117148199104,0.945739602233628,0.9533105703133197,early drawdown stayed high,active-day density stayed low,peak arrived too early,0.9444997499431765,terminal_risk
mev-capital,MEV Capital,Risk Curators,avax_core,1,1,412,412,231138997.8761,326406161.66052,95267163.78442,0.7081330716927366,9.0,1.0,active_on_avax,ge_10k,0.0,0,1,core_eligible,,1.0,censored,,231138997.0,231138997.0,0.0,1.3558451069871629,8.062930629776032,0.0,1.3135098329487125,0,11,alive,2025-04-11,resilient_or_unproven,0.3195270730729051,0.774292177307075,0.22570782269292505,stable_watch,early drawdown stayed high,active-day density stayed low,peak arrived too early,0.10022572898250066,,0.3195270730729051,0.774292177307075,early drawdown stayed high,active-day density stayed low,peak arrived too early,0.032024833828376675,monitor
midasdao,MidasDAO,Reserve Currency,avax_core,1,1,637,637,0.0,0.0,0.0,0.0,0.0,1.0,low_tvl_on_avax,lt_10k,1.0,0,1,core_eligible,,1.0,structural_decay,1.0,20058635.0,0.0,1.0,0.0,0.0,65.0,2.8711541795521907,1,1,dead,2021-12-07,terminal_global_decay,0.860745813377815,0.9100078428396702,0.0899921571603298,critical,early drawdown stayed high,active-day density stayed low,peak arrived too early,0.9981678175350491,1.0,0.860745813377815,0.9100078428396702,early drawdown stayed high,active-day density stayed low,peak arrived too early,0.8591687699917643,terminal_risk
mint-club-v2,Mint Club V2,Launchpad,avax_core,1,1,709,709,521.6434,730120.6565699999,729599.0131699999,0.0007144619116114,5.0,1.0,low_tvl_on_avax,lt_10k,1.0,1,1,core_eligible,,1.0,structural_decay,1.0,9471.0,521.0,0.9449899693802132,0.1274298056155507,-0.3113456464379947,180.0,0.640029378812616,0,13,alive,2024-02-01,multichain_relocation,0.43351877099632563,0.753422890135675,0.246577109864325,stable_watch,early drawdown stayed high,active-day density stayed low,peak arrived too early,0.04535797362553152,0.0909943683372559,0.43351877099632563,0.753422890135675,early drawdown stayed high,active-day density stayed low,peak arrived too early,0.019663532981024176,monitor
mintswap,MintSwap,Farm,avax_core,1,1,1570,1570,1231.18523,1231.18523,0.0,1.0,0.0,1.0,low_tvl_on_avax,lt_10k,1.0,0,1,core_eligible,,1.0,structural_decay,1.0,128253.0,1231.0,0.990401783973864,0.0511945392491467,-0.2718676122931442,783.0,2.1744400505007917,1,1,dead,2021-11-20,terminal_global_decay,0.9789207196043742,0.9768498524133777,0.02315014758662231,critical,early drawdown stayed high,active-day density stayed low,peak arrived too early,0.9809999792637457,0.9751499576232071,0.9789207196043742,0.9768498524133777,early drawdown stayed high,active-day density stayed low,peak arrived too early,0.9603212056327421,terminal_risk
monocerus,Monocerus,Dexs,avax_core,1,1,878,878,198.00357,202.82513,4.821560000000005,0.9762279950221158,0.0,1.0,low_tvl_on_avax,lt_10k,1.0,0,1,core_eligible,,1.0,structural_decay,1.0,15042.0,198.0,0.9868368568009572,0.0153061224489795,0.0,119.0,3.267675706832005,0,2,dead,2023-10-13,terminal_global_decay,0.9930016663989107,0.9908493127757448,0.009150687224255145,critical,early drawdown stayed high,active-day density stayed low,peak arrived too early,0.9952701706601864,0.9940881851955296,0.9930016663989107,0.9908493127757448,early drawdown stayed high,active-day density stayed low,peak arrived too early,0.9883049379826934,terminal_risk
monroe-protocol,Monroe Protocol,CDP,avax_core,1,1,681,728,3911.35342,5008.26052,1096.9071,0.7809804231190434,0.0,1.0,low_tvl_on_avax,lt_10k,1.0,0,1,core_eligible,,1.0,structural_decay,1.0,435730.0,3911.0,0.9910242581415096,0.079768147943693,-0.3276039876246133,237.0,1.4382323185705308,0,3,dead,2024-04-27,terminal_global_decay,0.8726053550188472,0.9096508772203841,0.09034912277961593,critical,early drawdown stayed high,active-day density stayed low,peak arrived too early,0.9829747969684214,0.9897229784628099,0.8726053550188472,0.9096508772203841,early drawdown stayed high,active-day density stayed low,peak arrived too early,0.8577490716832086,terminal_risk
moremoney,Moremoney,Lending,avax_core,1,1,1449,1449,7473.88535,7473.88535,0.0,1.0,0.0,1.0,low_tvl_on_avax,lt_10k,1.0,0,1,core_eligible,,1.0,structural_decay,1.0,14232086.0,7473.0,0.9994749188558866,-0.0028018679119412,-0.0105904156738151,733.0,2.4198226093839725,1,1,dead,2022-01-25,terminal_global_decay,0.6820922739031383,0.778336364312115,0.22166363568788508,elevated,early drawdown stayed high,active-day density stayed low,peak arrived too early,0.9522122076568725,0.9374160919085511,0.6820922739031383,0.778336364312115,early drawdown stayed high,active-day density stayed low,peak arrived too early,0.6494965899590035,elevated
mozaic,Mozaic,Yield,avax_core,1,1,902,902,1189.0275,7439.87036,6250.84286,0.1598183089846205,0.0,1.0,low_tvl_on_avax,lt_10k,1.0,0,1,core_eligible,,1.0,structural_decay,1.0,551521.0,1189.0,0.9978441437406737,0.0016835016835016,0.0,105.0,6.965452088156258,0,6,dead,2023-09-19,terminal_global_decay,0.9460671154698287,0.9642279919464114,0.03577200805358857,critical,early drawdown stayed high,active-day density stayed low,peak arrived too early,0.983503058581679,0.98349156078847,0.9460671154698287,0.9642279919464114,early drawdown stayed high,active-day density stayed low,peak arrived too early,0.930459901688123,terminal_risk
multi-chain-miner,Multi-Chain Miner,Ponzi,avax_core,1,1,1609,1609,0.10531,2.94466,2.83935,0.0357630422527558,0.0,1.0,low_tvl_on_avax,lt_10k,1.0,0,1,core_eligible,,1.0,structural_decay,1.0,174064.0,0.0,1.0,0.0,0.0,454.0,2.966428312417708,0,4,dead,2021-10-12,terminal_global_decay,0.6297806334214505,0.7518247501721915,0.2481752498278085,elevated,early drawdown stayed high,active-day density stayed low,peak arrived too early,0.9958625666375776,0.99267632736189,0.6297806334214505,0.7518247501721915,early drawdown stayed high,active-day density stayed low,peak arrived too early,0.627174958017725,elevated
multipli.fi,Multipli.fi,Yield,avax_core,1,1,206,360,15715.89281,342521093.07653004,342505377.18372005,4.588299269058029e-05,5.0,0.911507,active_on_avax,ge_10k,0.0,0,1,core_eligible,,0.911507,censored,,18919187.0,15715.0,0.9991693617701436,-0.1811597978429635,-0.2382706475378053,77.0,1.175922818603372,0,4,alive,2025-08-15,resilient_or_unproven,0.3118721297291167,0.8092338816414235,0.11220223032689428,stable_watch,early drawdown stayed high,active-day density stayed low,peak arrived too early,0.09807987543364598,,0.3118721297291167,0.8092338816414235,early drawdown stayed high,active-day density stayed low,peak arrived too early,0.030588379635057644,monitor
mushrooms-finance,Mushrooms Finance,Yield Aggregator,avax_core,1,1,1429,1883,15189.59023,28540.8594,13351.26917,0.5322050754365161,1.0,1.0,active_on_avax,ge_10k,0.0,0,1,core_eligible,,1.0,structural_decay,1.0,21867.0,15189.0,0.305391686102346,0.0289236605026078,-0.1610979179322914,118.0,0.2601024866353668,0,5,alive,2022-04-08,native_revival_or_threshold_boundary,0.8513573312082602,0.8976986784098319,0.10230132159016816,critical,early drawdown stayed high,active-day density stayed low,peak arrived too early,0.25292547699584905,0.3906265056735781,0.8513573312082602,0.8976986784098319,early drawdown stayed high,active-day density stayed low,peak arrived too early,0.21532995908976224,monitor
mux-perps,MUX Perps,Derivatives,avax_core,1,1,1219,1219,389034.60012,8962580.097199999,8573545.497079998,0.043406540962634,4.0,1.0,active_on_avax,ge_10k,0.0,0,1,core_eligible,,1.0,resilient_or_unproven,0.0,5534754.0,389034.0,0.9297106971691966,0.0601795330179424,-0.216718041850473,377.0,0.7358257274240217,0,5,alive,2022-11-06,resilient_or_unproven,0.09662922066546767,0.9454795792799736,0.05452042072002638,stable_watch,early drawdown stayed high,active-day density stayed low,peak arrived too early,0.06625084805058822,,0.09662922066546767,0.9454795792799736,early drawdown stayed high,active-day density stayed low,peak arrived too early,0.006401767815554657,monitor
napier,Napier,Yield,avax_core,1,1,360,615,0.0,298243.87330000004,298243.87330000004,0.0,1.0,0.99726,low_tvl_on_avax,lt_10k,1.0,0,1,core_eligible,,0.99726,censored,,0.0,0.0,0.0,0.0,0.0,0.0,0.0,0,11,alive,2025-03-14,resilient_or_unproven,0.942706789738786,0.948542226012601,0.048851627446602715,critical,early drawdown stayed high,active-day density stayed low,peak arrived too early,0.7845099970130054,,0.942706789738786,0.948542226012601,early drawdown stayed high,active-day density stayed low,peak arrived too early,0.7395629008021148,terminal_risk
native-swap,Native Swap,Dexs,avax_core,1,1,913,1064,1.8334,4513.66949,4511.83609,0.0004061883582885,0.0,1.0,low_tvl_on_avax,lt_10k,1.0,0,1,core_eligible,,1.0,resilient_or_unproven,0.0,1276330.0,1.0,0.9999992165035688,0.0,0.0,229.0,1.3713640389365034,0,9,dead,2023-09-08,resilient_or_unproven,0.059942868520621924,0.935732456521026,0.06426754347897405,stable_watch,early drawdown stayed high,active-day density stayed low,peak arrived too early,0.927816219072042,,0.059942868520621924,0.935732456521026,early drawdown stayed high,active-day density stayed low,peak arrived too early,0.055615965631135966,monitor
nereus-finance,Nereus Finance,Lending,avax_core,1,1,1473,1473,73744.42467,73744.42467,0.0,1.0,1.0,1.0,active_on_avax,ge_10k,0.0,0,1,core_eligible,,1.0,structural_decay,1.0,32414877.0,73744.0,0.9977249952236438,0.0921949052132701,0.167386933877887,762.0,1.8564910706971345,1,1,alive,2022-02-25,native_revival_or_threshold_boundary,0.3307717695909519,0.8929025339657627,0.10709746603423732,stable_watch,early drawdown stayed high,active-day density stayed low,peak arrived too early,0.0552352379495168,0.08974525935935841,0.3307717695909519,0.8929025339657627,early drawdown stayed high,active-day density stayed low,peak arrived too early,0.018270257400338972,monitor
nested,Nested,Indexes,avax_core,1,1,1434,1434,5684.09007,140517.97454999998,134833.88447999998,0.0404509820768691,4.0,1.0,low_tvl_on_avax,lt_10k,1.0,1,1,core_eligible,,1.0,resilient_or_unproven,0.0,231259.0,5684.0,0.9754214971093016,0.016994633273703,-0.2567655902732383,731.0,0.8446831226162365,0,6,alive,2022-04-05,avax_side_decay_but_globally_alive,0.10661413036802828,0.8849499530326161,0.1150500469673838,stable_watch,early drawdown stayed high,active-day density stayed low,peak arrived too early,0.04229250042410465,0.0715586633162161,0.10661413036802828,0.8849499530326161,early drawdown stayed high,active-day density stayed low,peak arrived too early,0.0045089781538053845,monitor
noaharkdao,NoahArkDAO,Reserve Currency,avax_core,1,1,1504,1504,15.54072,15.54072,0.0,1.0,0.0,1.0,low_tvl_on_avax,lt_10k,1.0,0,1,core_eligible,,1.0,structural_decay,1.0,84177.0,15.0,0.9998218040557396,0.0,0.0,52.0,3.5757158063776324,1,1,dead,2022-01-25,terminal_global_decay,0.7645912095166232,0.8265263248998354,0.1734736751001647,critical,early drawdown stayed high,active-day density stayed low,peak arrived too early,0.9992542372881356,0.9992519893899204,0.7645912095166232,0.8265263248998354,early drawdown stayed high,active-day density stayed low,peak arrived too early,0.7640210059027464,terminal_risk
nodo,NODO,Prediction Market,avax_core,1,1,425,425,0.00833,0.84549,0.83716,0.0098522750121231,0.0,1.0,low_tvl_on_avax,lt_10k,1.0,0,1,core_eligible,,1.0,censored,,2015.0,0.0,1.0,0.0,0.0,8.0,1.7304814614536108,0,5,dead,2025-01-08,resilient_or_unproven,0.90513985763696,0.9338091566414959,0.06619084335850411,critical,early drawdown stayed high,active-day density stayed low,peak arrived too early,0.9974551764025449,,0.90513985763696,0.9338091566414959,early drawdown stayed high,active-day density stayed low,peak arrived too early,0.9028364363682483,terminal_risk
nord-finance,Nord Finance,Yield Aggregator,avax_core,1,1,1419,1419,101.40761,5071.34697,4969.939359999999,0.0199961885076855,0.0,1.0,low_tvl_on_avax,lt_10k,1.0,0,1,core_eligible,,1.0,structural_decay,1.0,706793.0,101.0,0.9998571010182612,0.0,0.0,87.0,6.740447531687503,0,3,dead,2022-04-20,terminal_global_decay,0.9752293086217898,0.9781638041415673,0.02183619585843264,critical,early drawdown stayed high,active-day density stayed low,peak arrived too early,0.9966299284461912,0.9967794060995185,0.9752293086217898,0.9781638041415673,early drawdown stayed high,active-day density stayed low,peak arrived too early,0.971942716070363,terminal_risk
north-pole,North Pole,CDP,avax_core,1,1,1406,1406,698.50267,698.50267,0.0,1.0,0.0,1.0,low_tvl_on_avax,lt_10k,1.0,0,1,core_eligible,,1.0,structural_decay,1.0,160730.0,698.0,0.9956573135071236,0.0115774240231548,-0.2459546925566343,706.0,3.725051045245196,1,1,dead,2022-05-03,terminal_global_decay,0.9889527437920211,0.987570868810703,0.012429131189297,critical,early drawdown stayed high,active-day density stayed low,peak arrived too early,0.99775959525207,0.9870430880935068,0.9889527437920211,0.987570868810703,early drawdown stayed high,active-day density stayed low,peak arrived too early,0.9867370893693511,terminal_risk
o2-dao,O2 DAO,Reserve Currency,avax_core,1,1,1553,1553,0.0,0.0,0.0,0.0,0.0,1.0,low_tvl_on_avax,lt_10k,1.0,0,1,core_eligible,,1.0,structural_decay,1.0,0.0,0.0,0.0,0.0,0.0,0.0,0.0,1,1,dead,2021-12-07,terminal_global_decay,0.9986821252472091,0.9989722122535418,0.0010277877464581649,critical,early drawdown stayed high,active-day density stayed low,peak arrived too early,0.9996838323353293,1.0,0.9986821252472091,0.9989722122535418,early drawdown stayed high,active-day density stayed low,peak arrived too early,0.9983663742519213,terminal_risk
oddz,Oddz,Options,avax_core,1,1,1481,1562,59193.24177,59199.59287,6.35109999999986,0.9998927171676004,1.0,1.0,active_on_avax,ge_10k,0.0,0,1,core_eligible,,1.0,resilient_or_unproven,0.0,686310.0,59193.0,0.9137518031210388,0.0003379862777571,0.0003041773692037,687.0,0.9856810138793948,0,2,alive,2022-02-17,resilient_or_unproven,0.08796409844179981,0.9177148047434329,0.08228519525656706,stable_watch,early drawdown stayed high,active-day density stayed low,peak arrived too early,0.1317592749313404,,0.08796409844179981,0.9177148047434329,early drawdown stayed high,active-day density stayed low,peak arrived too early,0.011590085830680594,monitor
oh-finance,Oh Finance,Yield,avax_core,1,1,1547,1547,2666.23988,3036.08206,369.8421800000001,0.878184392684037,0.0,1.0,low_tvl_on_avax,lt_10k,1.0,0,1,core_eligible,,1.0,structural_decay,1.0,3508975.0,2666.0,0.9992402339714588,0.0030086498683715,0.0098447557743279,636.0,2.6049714547362206,0,4,dead,2021-11-24,terminal_global_decay,0.6515502509624161,0.7589008972921372,0.2410991027078629,elevated,early drawdown stayed high,active-day density stayed low,peak arrived too early,0.9733665440808458,0.9547372280016514,0.6515502509624161,0.7589008972921372,early drawdown stayed high,active-day density stayed low,peak arrived too early,0.6341972160742948,elevated
olive-cash,Olive Cash,Yield,avax_core,1,1,1772,1772,24472.93823,93670.39174,69197.45351,0.2612665301745432,3.0,1.0,active_on_avax,ge_10k,0.0,0,1,core_eligible,,1.0,structural_decay,1.0,6464833.0,24472.0,0.9962145967266284,0.0183505326231691,-0.3172738938793729,902.0,2.2941393408583286,0,3,alive,2021-04-12,native_revival_or_threshold_boundary,0.7561246566542801,0.7985418984911719,0.20145810150882815,critical,early drawdown stayed high,active-day density stayed low,peak arrived too early,0.06670563737397453,0.09705772858774346,0.7561246566542801,0.7985418984911719,early drawdown stayed high,active-day density stayed low,peak arrived too early,0.050437777156301405,monitor
omni-exchange-flux,Omni Exchange Flux,Dexs,avax_core,1,1,236,236,13.36378,718.7416499999999,705.3778699999999,0.0185933012230472,0.0,0.893973,low_tvl_on_avax,lt_10k,1.0,0,1,core_eligible,,0.893973,censored,,893.0,13.0,0.9854423292273236,0.0769230769230769,-0.3,66.0,1.662413583468913,0,7,dead,2025-07-16,resilient_or_unproven,0.9468636480417807,0.8583918393001616,0.03980115808848635,critical,early drawdown stayed high,active-day density stayed low,peak arrived too early,0.9935320933927289,,0.9468636480417807,0.8583918393001616,early drawdown stayed high,active-day density stayed low,peak arrived too early,0.9407394223964264,terminal_risk
omni-exchange-v2,Omni Exchange V2,Dexs,avax_core,1,1,231,231,8.4203,4710.273810000001,4701.853510000001,0.0017876455466609,0.0,0.889863,low_tvl_on_avax,lt_10k,1.0,0,1,core_eligible,,0.889863,censored,,21300.0,8.0,0.99962441314554,0.0,-0.9908163265306122,94.0,1.5245736696093086,0,7,dead,2025-07-16,resilient_or_unproven,0.8612335100325674,0.7995508748356954,0.10148992054316743,critical,early drawdown stayed high,active-day density stayed low,peak arrived too early,0.9868984290341799,,0.8612335100325674,0.7995508748356954,early drawdown stayed high,active-day density stayed low,peak arrived too early,0.8499499980827334,terminal_risk
omni-exchange-v3,Omni Exchange V3,Dexs,avax_core,1,1,236,236,46.01505,26536.18533,26490.17028,0.001734049164481,1.0,0.893973,low_tvl_on_avax,lt_10k,1.0,0,1,core_eligible,,0.893973,censored,,59132.0,46.0,0.9992220794155448,0.0217391304347826,-0.3380281690140845,74.0,2.48959341854362,0,7,alive,2025-07-16,resilient_or_unproven,0.9168885524591193,0.8384455160628063,0.06211315547247373,critical,early drawdown stayed high,active-day density stayed low,peak arrived too early,0.8735457575320055,,0.9168885524591193,0.8384455160628063,early drawdown stayed high,active-day density stayed low,peak arrived too early,0.8009441051303253,terminal_risk
omnibtc,OmniBTC,Lending,avax_core,1,1,875,933,0.00307,1908706.7101,1908706.70703,1.6084189277247096e-09,1.0,1.0,low_tvl_on_avax,lt_10k,1.0,0,1,core_eligible,,1.0,structural_decay,1.0,70761.0,0.0,1.0,0.0,0.0,285.0,1.2680088230697597,0,8,alive,2023-10-13,terminal_global_decay,0.7556121137292873,0.8515580133354674,0.1484419866645325,critical,early drawdown stayed high,active-day density stayed low,peak arrived too early,0.6967550524789557,0.5356730897383981,0.7556121137292873,0.8515580133354674,early drawdown stayed high,active-day density stayed low,peak arrived too early,0.5264765579551842,elevated
onavax,onAVAX,Dexs,avax_core,1,1,1329,1329,355.91184,355.91184,0.0,1.0,0.0,1.0,low_tvl_on_avax,lt_10k,1.0,0,1,core_eligible,,1.0,structural_decay,1.0,943087.0,355.0,0.9996235766159433,0.072289156626506,0.0229885057471264,662.0,2.5618907668380624,1,1,dead,2022-07-19,terminal_global_decay,0.776950127738183,0.8607146862940388,0.13928531370596117,critical,early drawdown stayed high,active-day density stayed low,peak arrived too early,0.9890675764439619,0.9857092507780495,0.776950127738183,0.8607146862940388,early drawdown stayed high,active-day density stayed low,peak arrived too early,0.7684561798598313,terminal_risk
onx-finance,OnX Finance,Yield Aggregator,avax_core,1,1,1462,1820,0.0,249382.94039,249382.94039,0.0,1.0,1.0,low_tvl_on_avax,lt_10k,1.0,0,1,core_eligible,,1.0,structural_decay,1.0,883.0,0.0,1.0,0.0,-0.8571428571428571,360.0,2.468906874527541,0,4,alive,2022-03-08,terminal_global_decay,0.9603498965554096,0.9680293395306283,0.031970660469371685,critical,early drawdown stayed high,active-day density stayed low,peak arrived too early,0.8350986637625066,0.6662618082989116,0.9603498965554096,0.9680293395306283,early drawdown stayed high,active-day density stayed low,peak arrived too early,0.801986915357884,terminal_risk
openocean,OpenOcean,DEX Aggregator,avax_core,1,1,1582,1632,10310.59911,155393.55294,145082.95382999998,0.0663515243388578,3.0,1.0,active_on_avax,ge_10k,0.0,0,1,core_eligible,,1.0,structural_decay,1.0,819877.0,10310.0,0.987424943009744,0.0027229407760381,-0.0031902552204176,857.0,2.3453368785156505,0,8,alive,2021-11-08,native_revival_or_threshold_boundary,0.9457659955243667,0.9505972026789752,0.04940279732102485,critical,early drawdown stayed high,active-day density stayed low,peak arrived too early,0.16362847748117867,0.2734719039715679,0.9457659955243667,0.9505972026789752,early drawdown stayed high,active-day density stayed low,peak arrived too early,0.15475424990112335,monitor
opyn-gamma,Opyn Gamma,Options,avax_core,1,1,1849,1873,19499.67083,941674.53471,922174.86388,0.0207074420208306,2.0,1.0,active_on_avax,ge_10k,0.0,0,1,core_eligible,,1.0,structural_decay,1.0,20733184.0,19499.0,0.999059526988233,0.100451467268623,-0.3378158109209453,805.0,2.7102290973186243,0,3,alive,2021-12-05,native_revival_or_threshold_boundary,0.512276547724966,0.7360991916045297,0.26390080839547025,elevated,early drawdown stayed high,active-day density stayed low,peak arrived too early,0.043733573530878936,0.1066360258751902,0.512276547724966,0.7360991916045297,early drawdown stayed high,active-day density stayed low,peak arrived too early,0.022403684068074612,monitor
orcadao,OrcaDAO,Lending,avax_core,1,1,1608,1608,9056.16498,9056.16498,0.0,1.0,0.0,1.0,low_tvl_on_avax,lt_10k,1.0,0,1,core_eligible,,1.0,structural_decay,1.0,9870124.0,9056.0,0.9990824836648456,-0.045224541429475,-0.1803619909502262,792.0,3.2596176202449985,1,1,dead,2021-10-13,terminal_global_decay,0.6194307982900489,0.7232657254183192,0.2767342745816807,elevated,early drawdown stayed high,active-day density stayed low,peak arrived too early,0.9295023598681993,0.8835825518387963,0.6194307982900489,0.7232657254183192,early drawdown stayed high,active-day density stayed low,peak arrived too early,0.575762388785643,elevated
ordernchaos,OrderNChaos,Algo-Stables,avax_core,1,1,1323,1323,14673.61689,60548.262480000005,45874.64559000001,0.2423457963776733,2.0,1.0,active_on_avax,ge_10k,0.0,0,1,core_eligible,,1.0,structural_decay,1.0,1007727.0,14673.0,0.9854395089146168,0.0008184422316191,0.0008184422316191,661.0,2.0412918249821344,0,5,alive,2022-07-25,native_revival_or_threshold_boundary,0.9476898198679817,0.9619352703137777,0.03806472968622231,critical,early drawdown stayed high,active-day density stayed low,peak arrived too early,0.18327789710292713,0.2980679679384675,0.9476898198679817,0.9619352703137777,early drawdown stayed high,active-day density stayed low,peak arrived too early,0.1736905972912555,monitor
pangolin-v2,Pangolin V2,Dexs,avax_core,1,1,1769,1769,1805793.90713,1846483.06464,40689.15751000005,0.9779639692942794,2.0,1.0,active_on_avax,ge_10k,0.0,0,1,core_eligible,,1.0,resilient_or_unproven,0.0,483749257.0,1805793.0,0.9962670888402004,0.067983168179224,-0.3456767890588737,784.0,1.407798635577436,0,4,alive,2021-02-10,resilient_or_unproven,0.0609887175194038,0.9608805364232821,0.03911946357671793,stable_watch,early drawdown stayed high,active-day density stayed low,peak arrived too early,0.03754221807269531,,0.0609887175194038,0.9608805364232821,early drawdown stayed high,active-day density stayed low,peak arrived too early,0.0022896517330874707,monitor
pangolin-v3,Pangolin V3,Dexs,avax_core,1,1,217,217,403573.52605,419560.87598,15987.349930000026,0.9618950411125508,2.0,0.878356,active_on_avax,ge_10k,0.0,0,1,core_eligible,,0.878356,censored,,1351559.0,403573.0,0.7014018625897944,-0.22233334296808,-0.1597127514933966,77.0,0.4167260223543438,0,2,alive,2025-08-04,resilient_or_unproven,0.054499213963462426,0.8458627766170392,0.03699322755575278,stable_watch,early drawdown stayed high,active-day density stayed low,peak arrived too early,0.17676343152814922,,0.054499213963462426,0.8458627766170392,early drawdown stayed high,active-day density stayed low,peak arrived too early,0.009633468075768445,monitor
papa-dao,Papa DAO,Reserve Currency,avax_core,1,1,1548,1548,7.62014,7.62014,0.0,1.0,0.0,1.0,low_tvl_on_avax,lt_10k,1.0,0,1,core_eligible,,1.0,structural_decay,1.0,15309680.0,7.0,0.9999995427729385,0.0,-0.2727272727272727,398.0,5.504494070397599,1,1,dead,2021-12-12,terminal_global_decay,0.9332541165760186,0.9538041350947786,0.04619586490522148,critical,early drawdown stayed high,active-day density stayed low,peak arrived too early,0.9947268544714932,0.9911038225272619,0.9332541165760186,0.9538041350947786,early drawdown stayed high,active-day density stayed low,peak arrived too early,0.9283329318042353,terminal_risk
parallel-protocol-v3,Parallel Protocol V3,CDP,avax_core,1,1,174,223,2135857.78317,3206678.9540500003,1070821.17088,0.6660653635040188,4.0,0.856438,active_on_avax,ge_10k,0.0,0,1,core_eligible,,0.856438,censored,,2467779.0,2135857.0,0.1345023196971852,2.5398164675387527,7.811077283565588,2.0,1.1000799286349183,0,5,alive,2025-09-27,resilient_or_unproven,0.5428208136240029,0.5793132059756839,0.32357834895732807,elevated,early drawdown stayed high,active-day density stayed low,peak arrived too early,0.11627804820124746,,0.5428208136240029,0.5793132059756839,early drawdown stayed high,active-day density stayed low,peak arrived too early,0.06311814473121218,monitor
partyswap,PartySwap,Dexs,avax_core,1,1,1555,1555,4445.55758,4445.55758,0.0,1.0,0.0,1.0,low_tvl_on_avax,lt_10k,1.0,0,1,core_eligible,,1.0,structural_decay,1.0,902958.0,4445.0,0.9950772904166084,-0.0111209964412811,-0.5623584998523476,809.0,2.550152498944221,1,1,dead,2021-12-05,terminal_global_decay,0.8830837162496243,0.916235756203285,0.08376424379671495,critical,early drawdown stayed high,active-day density stayed low,peak arrived too early,0.9607045428930124,0.9407359303632932,0.8830837162496243,0.916235756203285,early drawdown stayed high,active-day density stayed low,peak arrived too early,0.848382537955858,terminal_risk
pendle,Pendle,Yield,avax_core,1,1,1573,1699,52546.62706,2149026798.77143,2148974252.14437,2.445135960614368e-05,11.0,1.0,active_on_avax,ge_10k,0.0,0,1,core_eligible,,1.0,resilient_or_unproven,0.0,10646223.0,52546.0,0.9950643528695576,0.0075933347395064,-0.0374949628164267,788.0,1.7718013314387808,0,11,alive,2021-11-17,resilient_or_unproven,0.08802537401336102,0.9431604390765769,0.056839560923423085,stable_watch,early drawdown stayed high,active-day density stayed low,peak arrived too early,0.029621163146648945,,0.08802537401336102,0.9431604390765769,early drawdown stayed high,active-day density stayed low,peak arrived too early,0.0026074139646945593,monitor
penguin-finance,Penguin Finance,Yield,avax_core,1,1,1696,1787,88332.7646,88332.7646,0.0,1.0,1.0,1.0,active_on_avax,ge_10k,0.0,0,1,core_eligible,,1.0,structural_decay,1.0,75258164.0,88332.0,0.998826280162774,0.0638428557664514,-0.2969244973654467,819.0,2.776718704197887,1,1,alive,2021-04-16,native_revival_or_threshold_boundary,0.40533978283941563,0.8629001714245007,0.13709982857549927,stable_watch,early drawdown stayed high,active-day density stayed low,peak arrived too early,0.010507289441711774,0.02037082833088058,0.40533978283941563,0.8629001714245007,early drawdown stayed high,active-day density stayed low,peak arrived too early,0.004259022420534335,monitor
pharaoh-cl,Pharaoh CL,Dexs,avax_core,1,1,815,815,6313986.75455,6313986.75455,0.0,1.0,1.0,1.0,active_on_avax,ge_10k,0.0,0,1,core_eligible,,1.0,resilient_or_unproven,0.0,59821759.0,6313986.0,0.8944533543388452,0.0980854595377109,-0.0752415705693632,132.0,0.8376365259903688,1,1,alive,2023-12-15,resilient_or_unproven,0.0950514566081864,0.937797379048533,0.06220262095146705,stable_watch,early drawdown stayed high,active-day density stayed low,peak arrived too early,0.13190889455396815,,0.0950514566081864,0.937797379048533,early drawdown stayed high,active-day density stayed low,peak arrived too early,0.012538132566930338,monitor
pharaoh-legacy,Pharaoh Legacy,Dexs,avax_core,1,1,727,727,3486041.87088,3486041.87088,0.0,1.0,1.0,1.0,active_on_avax,ge_10k,0.0,0,1,core_eligible,,1.0,resilient_or_unproven,0.0,15221986.0,3486041.0,0.7709864534102187,0.0199741059607493,-0.2275276062485749,103.0,0.7944851506076923,1,1,alive,2024-03-12,resilient_or_unproven,0.1033780975024263,0.924210994066969,0.07578900593303094,stable_watch,early drawdown stayed high,active-day density stayed low,peak arrived too early,0.14039460787640726,,0.1033780975024263,0.924210994066969,early drawdown stayed high,active-day density stayed low,peak arrived too early,0.014513727461862136,monitor
pharaoh-v3,Pharaoh V3,Dexs,avax_core,1,1,147,147,29598842.50312,29598842.50312,0.0,1.0,1.0,0.820822,active_on_avax,ge_10k,0.0,0,1,core_eligible,,0.820822,censored,,54716193.0,29598842.0,0.4590478544441131,0.2891256995032447,-0.2771791330748382,61.0,0.3531292670558056,1,1,alive,2025-10-13,resilient_or_unproven,0.3116765866904526,0.6458646419903005,0.2131489628807459,stable_watch,early drawdown stayed high,active-day density stayed low,peak arrived too early,0.15271147951757275,,0.3116765866904526,0.6458646419903005,early drawdown stayed high,active-day density stayed low,peak arrived too early,0.047596592684486044,monitor
pharaoh-v3-legacy,Pharaoh V3 Legacy,Dexs,avax_core,1,1,147,147,1139551.65045,1139551.65045,0.0,1.0,1.0,0.820822,active_on_avax,ge_10k,0.0,0,1,core_eligible,,0.820822,censored,,8048425.0,1139551.0,0.8584131677936988,0.5035492434437953,-0.1609694465448906,68.0,0.7926953967334535,1,1,alive,2025-10-13,resilient_or_unproven,0.87242460431737,0.7444184589835655,0.09308174125015482,critical,early drawdown stayed high,active-day density stayed low,peak arrived too early,0.22865512623819226,,0.87242460431737,0.7444184589835655,early drawdown stayed high,active-day density stayed low,peak arrived too early,0.19948435803349318,monitor
phuture,Phuture,Indexes,avax_core,1,1,1268,1362,858275.15935,861499.41787,3224.258520000032,0.99625738746525,1.0,1.0,active_on_avax,ge_10k,0.0,0,1,core_eligible,,1.0,resilient_or_unproven,0.0,4992311.0,858275.0,0.8280806223810977,0.0317404600707801,-0.515780043012888,239.0,0.6325830667234597,0,2,alive,2022-09-08,resilient_or_unproven,0.2070187197734491,0.8798866169002905,0.12011338309970951,stable_watch,early drawdown stayed high,active-day density stayed low,peak arrived too early,0.143010225559986,,0.2070187197734491,0.8798866169002905,early drawdown stayed high,active-day density stayed low,peak arrived too early,0.029605793809940488,monitor
piggy-finance,Piggy Finance,Yield,avax_core,1,1,616,616,0.0,0.0,0.0,0.0,0.0,1.0,low_tvl_on_avax,lt_10k,1.0,0,1,core_eligible,,1.0,structural_decay,1.0,0.0,0.0,0.0,0.0,0.0,0.0,0.0,1,1,dead,2021-12-28,terminal_global_decay,0.9957494660885454,0.9950979817360497,0.004902018263950332,critical,early drawdown stayed high,active-day density stayed low,peak arrived too early,0.9996838323353293,0.9995091363230143,0.9957494660885454,0.9950979817360497,early drawdown stayed high,active-day density stayed low,peak arrived too early,0.9954346423052551,terminal_risk
piggybank-dao,Piggybank DAO,Reserve Currency,avax_core,1,1,655,655,0.0,0.0,0.0,0.0,0.0,1.0,low_tvl_on_avax,lt_10k,1.0,0,1,core_eligible,,1.0,structural_decay,1.0,2454901.0,0.0,1.0,0.0,0.0,124.0,2.482241455564845,1,1,dead,2021-11-19,terminal_global_decay,0.863420757454959,0.90450220117095,0.09549779882904992,critical,early drawdown stayed high,active-day density stayed low,peak arrived too early,0.9981678175350491,0.9989689989232872,0.863420757454959,0.90450220117095,early drawdown stayed high,active-day density stayed low,peak arrived too early,0.8618388130832755,terminal_risk
pinksale,PinkSale,Launchpad,avax_core,1,1,1281,1281,55242.96014,165799955.11686,165744712.15672,0.0003331904408602,5.0,1.0,active_on_avax,ge_10k,0.0,0,1,core_eligible,,1.0,resilient_or_unproven,0.0,2085763.0,55242.0,0.9735147281834032,0.1336083066568169,-0.3225375257529677,357.0,0.8609949631607459,0,6,alive,2022-07-04,resilient_or_unproven,0.0637219502280551,0.9312926416670858,0.06870735833291419,stable_watch,early drawdown stayed high,active-day density stayed low,peak arrived too early,0.07710163458879966,,0.0637219502280551,0.9312926416670858,early drawdown stayed high,active-day density stayed low,peak arrived too early,0.004913066521769184,monitor
piratedao,PirateDAO,Reserve Currency,avax_core,1,1,1533,1533,800.67862,800.67862,0.0,1.0,0.0,1.0,low_tvl_on_avax,lt_10k,1.0,0,1,core_eligible,,1.0,structural_decay,1.0,349160.0,800.0,0.997708786802612,-0.0074349442379182,-0.0111111111111111,619.0,4.656306768589662,1,1,dead,2021-12-27,terminal_global_decay,0.9775267491457266,0.983875825390128,0.016124174609872054,critical,early drawdown stayed high,active-day density stayed low,peak arrived too early,0.9937412282943017,0.9900445908847774,0.9775267491457266,0.983875825390128,early drawdown stayed high,active-day density stayed low,peak arrived too early,0.97140863238661,terminal_risk
platypus-finance,Platypus Finance,Dexs,avax_core,1,1,1561,1561,46567.27869,46567.27869,0.0,1.0,1.0,1.0,active_on_avax,ge_10k,0.0,0,1,core_eligible,,1.0,structural_decay,1.0,1254719052.0,46567.0,0.9999628865123824,0.0124358639881728,-0.216000538738678,780.0,2.505409864911885,1,1,alive,2021-11-27,native_revival_or_threshold_boundary,0.11555735804419952,0.8819298358430749,0.11807016415692506,stable_watch,early drawdown stayed high,active-day density stayed low,peak arrived too early,0.024174171384656027,0.05191517856756703,0.11555735804419952,0.8819298358430749,early drawdown stayed high,active-day density stayed low,peak arrived too early,0.0027935033781185388,monitor
ploutos-money,Ploutos Money,Lending,avax_core,1,1,9,152,10576.20272,18055.37566,7479.172939999999,0.5857647561125294,1.0,0.746575,active_on_avax,ge_10k,0.0,0,1,core_eligible,,0.746575,insufficient_early_window,,73231.0,10576.0,0.8555802870369106,-0.7941336758924054,-0.7941336758924054,4.0,0.4693409181534462,0,9,alive,2026-02-20,resilient_or_unproven,,,,,,,,0.3446289399662097,,,,,,,,nan
polar-bear-finance,Polar Bear Finance,Algo-Stables,avax_core,1,1,1457,1457,0.0,0.0,0.0,0.0,0.0,1.0,low_tvl_on_avax,lt_10k,1.0,0,1,core_eligible,,1.0,structural_decay,1.0,0.0,0.0,0.0,0.0,0.0,0.0,0.0,1,1,dead,2022-03-13,terminal_global_decay,0.9986616892583011,0.9990044178676353,0.000995582132364727,critical,early drawdown stayed high,active-day density stayed low,peak arrived too early,0.9996838323353293,1.0,0.9986616892583011,0.9990044178676353,early drawdown stayed high,active-day density stayed low,peak arrived too early,0.9983459447242122,terminal_risk
poolside,Poolside,Dexs,avax_core,1,1,872,872,199.14263,37544.03495,37344.89232,0.0053042415463658,1.0,1.0,low_tvl_on_avax,lt_10k,1.0,0,1,core_eligible,,1.0,structural_decay,1.0,2662592.0,199.0,0.9999252607985,0.0928961748633879,-0.3243243243243243,373.0,2.7474672384868017,0,4,alive,2023-10-19,terminal_global_decay,0.7742709845340296,0.7855977669798658,0.2144022330201342,critical,early drawdown stayed high,active-day density stayed low,peak arrived too early,0.8856651492349019,0.808185549362005,0.7742709845340296,0.7855977669798658,early drawdown stayed high,active-day density stayed low,peak arrived too early,0.6857448270655858,terminal_risk
pooltogether-v4,PoolTogether V4,Yield Lottery,avax_core,1,1,866,866,16032.46694,752539.11728,736506.65034,0.021304496433286,4.0,1.0,active_on_avax,ge_10k,0.0,0,1,core_eligible,,1.0,resilient_or_unproven,0.0,72205.0,16032.0,0.777965514853542,-0.0013702896293989,-0.0072445820433436,422.0,0.6254353598144431,0,4,alive,2023-10-25,resilient_or_unproven,0.1704199684818117,0.8665859299414127,0.13341407005858727,stable_watch,early drawdown stayed high,active-day density stayed low,peak arrived too early,0.1023648642403894,,0.1704199684818117,0.8665859299414127,early drawdown stayed high,active-day density stayed low,peak arrived too early,0.017445016937492095,monitor
poolz-vesting,Poolz Vesting,Launchpad,avax_core,1,1,172,576,0.0,18899.81432,18899.81432,0.0,1.0,0.894247,low_tvl_on_avax,lt_10k,1.0,0,1,core_eligible,,0.894247,censored,,0.0,0.0,0.0,0.0,0.0,0.0,0.0,0,11,dead,2025-09-16,resilient_or_unproven,0.9533724548685791,0.8498570243207842,0.04963950192644289,critical,early drawdown stayed high,active-day density stayed low,peak arrived too early,0.9327093595792701,,0.9533724548685791,0.8498570243207842,early drawdown stayed high,active-day density stayed low,peak arrived too early,0.8892194118209891,terminal_risk
prime-protocol,Prime Protocol,Lending,avax_core,1,1,1027,1027,32166.41056,375150.93450999993,342984.52394999994,0.0857425841202125,8.0,1.0,active_on_avax,ge_10k,0.0,0,1,core_eligible,,1.0,resilient_or_unproven,0.0,1206826.0,32166.0,0.9733466133477404,0.0617573277000264,-0.1904821824038655,334.0,0.7209597451388958,0,9,alive,2023-05-17,resilient_or_unproven,0.035321119969208836,0.976581347322051,0.023418652677948994,stable_watch,early drawdown stayed high,active-day density stayed low,peak arrived too early,0.05378001015443997,,0.035321119969208836,0.976581347322051,early drawdown stayed high,active-day density stayed low,peak arrived too early,0.0018995701906102437,monitor
printyfinance,printyfinance,Dexs,avax_core,1,1,1052,1052,1186.89352,1186.89352,0.0,1.0,0.0,1.0,low_tvl_on_avax,lt_10k,1.0,0,1,core_eligible,,1.0,structural_decay,1.0,3300.0,1186.0,0.6406060606060606,0.107276119402985,-0.3232611174458381,52.0,0.733451984927976,1,1,dead,2023-04-22,terminal_global_decay,0.9547401624605678,0.9629215302547267,0.037078469745273325,critical,early drawdown stayed high,active-day density stayed low,peak arrived too early,0.9877653741362626,0.9774826035941777,0.9547401624605678,0.9629215302547267,early drawdown stayed high,active-day density stayed low,peak arrived too early,0.9430592737757789,terminal_risk
projectx,ProjectX,Yield,avax_core,1,1,572,572,0.0,0.0,0.0,0.0,0.0,1.0,low_tvl_on_avax,lt_10k,1.0,0,1,core_eligible,,1.0,structural_decay,1.0,0.0,0.0,0.0,0.0,0.0,0.0,0.0,1,1,dead,2022-02-10,terminal_global_decay,0.9948363397853373,0.9938322946803835,0.006167705319616547,critical,early drawdown stayed high,active-day density stayed low,peak arrived too early,0.9996838323353293,0.9994116511405596,0.9948363397853373,0.9938322946803835,early drawdown stayed high,active-day density stayed low,peak arrived too early,0.9945218047030578,terminal_risk
pumpspace,PumpSpace,Dexs,avax_core,1,1,123,123,1231513.0,1231513.0,0.0,1.0,1.0,0.801096,active_on_avax,ge_10k,0.0,0,1,core_eligible,,0.801096,censored,,1340228.0,1231513.0,0.081116795052782,0.7013927361095953,0.309065668322778,12.0,0.1495507952379703,1,1,alive,2025-11-06,resilient_or_unproven,0.13788187371493493,0.721918037183651,0.09883704676636641,stable_watch,early drawdown stayed high,active-day density stayed low,peak arrived too early,0.20607037221475574,,0.13788187371493493,0.721918037183651,early drawdown stayed high,active-day density stayed low,peak arrived too early,0.028413369038104586,monitor
pyreswap,PyreSwap,Dexs,avax_core,1,1,714,714,5981.59895,36919.88829,30938.289340000003,0.1620156297065545,2.0,1.0,low_tvl_on_avax,lt_10k,1.0,0,1,core_eligible,,1.0,structural_decay,1.0,101148.0,5981.0,0.94086882587891,0.2585735325057858,-0.168589298123697,334.0,0.909510869314372,0,3,alive,2024-03-25,terminal_global_decay,0.764772158305403,0.8383245421648631,0.16167545783513693,critical,early drawdown stayed high,active-day density stayed low,peak arrived too early,0.7008107893282504,0.5593567260095184,0.764772158305403,0.8383245421648631,early drawdown stayed high,active-day density stayed low,peak arrived too early,0.5359605799182792,elevated
qidao,QiDao,CDP,avax_core,1,1,1573,1770,132867.71223,3092526.83307,2959659.12084,0.0429641259080362,8.0,1.0,active_on_avax,ge_10k,0.0,0,1,core_eligible,,1.0,resilient_or_unproven,0.0,4856034.0,132867.0,0.9726387830068736,0.0587091633466135,-0.258656668117349,738.0,1.206719390726816,0,14,alive,2021-11-16,resilient_or_unproven,0.039578005968313276,0.9649385466511635,0.03506145334883652,stable_watch,early drawdown stayed high,active-day density stayed low,peak arrived too early,0.017054411963116866,,0.039578005968313276,0.9649385466511635,early drawdown stayed high,active-day density stayed low,peak arrived too early,0.0006749796184623126,monitor
r-u-generous,R U Generous,Reserve Currency,avax_core,1,1,1561,1561,0.0,0.0,0.0,0.0,0.0,1.0,low_tvl_on_avax,lt_10k,1.0,0,1,core_eligible,,1.0,structural_decay,1.0,7402159.0,0.0,1.0,0.0,0.0,148.0,2.9652724615698487,1,1,dead,2021-11-29,terminal_global_decay,0.8052516419644449,0.8639168603732897,0.13608313962671023,critical,early drawdown stayed high,active-day density stayed low,peak arrived too early,0.9981187534171679,0.9988144227176485,0.8052516419644449,0.8639168603732897,early drawdown stayed high,active-day density stayed low,peak arrived too early,0.8037367650646794,terminal_risk
radioshack,RadioShack,Dexs,avax_core,1,1,1432,1432,113512.26109,510975.74986,397463.48877000005,0.2221480395519762,4.0,1.0,active_on_avax,ge_10k,0.0,0,1,core_eligible,,1.0,structural_decay,1.0,33363560.0,113512.0,0.9965977251828042,0.0327719700484937,-0.150872967190796,739.0,2.292079702002835,0,8,alive,2022-04-05,native_revival_or_threshold_boundary,0.5313736580495982,0.9619347719836479,0.03806522801635214,elevated,early drawdown stayed high,active-day density stayed low,peak arrived too early,0.013227368408386127,0.03771701257916109,0.5313736580495982,0.9619347719836479,early drawdown stayed high,active-day density stayed low,peak arrived too early,0.007028675137533828,monitor
ragnarokdao,RagnarokDAO,Reserve Currency,avax_core,1,1,1542,1542,0.0,0.0,0.0,0.0,0.0,1.0,low_tvl_on_avax,lt_10k,1.0,0,1,core_eligible,,1.0,structural_decay,1.0,2509757.0,0.0,1.0,0.0,0.0,97.0,8.187912125340665,1,1,dead,2021-12-18,terminal_global_decay,0.9865282178259602,0.9830073147432148,0.016992685256785257,critical,early drawdown stayed high,active-day density stayed low,peak arrived too early,1.0,0.9987712418300654,0.9865282178259602,0.9830073147432148,early drawdown stayed high,active-day density stayed low,peak arrived too early,0.9865282178259602,terminal_risk
ramp,Ramp,CDP,avax_core,1,1,1287,1449,0.0,0.0,0.0,0.0,0.0,1.0,low_tvl_on_avax,lt_10k,1.0,0,1,core_eligible,,1.0,structural_decay,1.0,1572.0,0.0,1.0,0.0,0.0,157.0,0.9045172388311484,0,4,dead,2022-08-26,terminal_global_decay,0.9153427782220693,0.9403172722057309,0.05968272779426903,critical,early drawdown stayed high,active-day density stayed low,peak arrived too early,0.9973602549481374,0.9961788249986417,0.9153427782220693,0.9403172722057309,early drawdown stayed high,active-day density stayed low,peak arrived too early,0.9129265066524994,terminal_risk
re7-labs,Re7 Labs,Risk Curators,avax_core,1,1,412,412,20037875.99299,103242463.05899,83204587.066,0.1940856058571645,13.0,1.0,active_on_avax,ge_10k,0.0,0,1,core_eligible,,1.0,censored,,213924703.0,20037875.0,0.9063321125657938,0.0059742831861739,-0.0777277183888275,165.0,0.8672759965980236,0,15,alive,2025-03-26,resilient_or_unproven,0.05319749145373318,0.9263218225422605,0.07367817745773947,stable_watch,early drawdown stayed high,active-day density stayed low,peak arrived too early,0.06871991510737456,,0.05319749145373318,0.9263218225422605,early drawdown stayed high,active-day density stayed low,peak arrived too early,0.003655727096625828,monitor
rehold-v1,ReHold V1,Yield,avax_core,1,1,1053,1107,0.0,0.14031,0.14031,0.0,0.0,1.0,low_tvl_on_avax,lt_10k,1.0,0,1,core_eligible,,1.0,structural_decay,1.0,96396.0,0.0,1.0,0.0,0.0,168.0,1.9174740251667317,0,6,dead,2023-03-31,terminal_global_decay,0.5702654299893455,0.6684248620575397,0.33157513794246024,elevated,early drawdown stayed high,active-day density stayed low,peak arrived too early,0.9910953093458785,0.9852417808628773,0.5702654299893455,0.6684248620575397,early drawdown stayed high,active-day density stayed low,peak arrived too early,0.5651873927445508,elevated
rehold-v2,ReHold V2,Yield,avax_core,1,1,943,943,0.88033,14.37482,13.49449,0.0612411146713489,0.0,1.0,low_tvl_on_avax,lt_10k,1.0,0,1,core_eligible,,1.0,resilient_or_unproven,0.0,130841.0,0.0,1.0,-0.5,-0.5,229.0,1.3362530169927245,0,9,dead,2023-07-23,resilient_or_unproven,0.16220734140760418,0.8816167761167081,0.1183832238832919,stable_watch,early drawdown stayed high,active-day density stayed low,peak arrived too early,0.9211194120207652,,0.16220734140760418,0.8816167761167081,early drawdown stayed high,active-day density stayed low,peak arrived too early,0.14941233094282388,monitor
reservoir,Reservoir,Dexs,avax_core,1,1,897,897,17.20546,17.20546,0.0,1.0,0.0,1.0,low_tvl_on_avax,lt_10k,1.0,0,1,core_eligible,,1.0,structural_decay,1.0,124652.0,17.0,0.999863620318968,0.0588235294117647,-0.25,34.0,2.381067002969373,1,1,dead,2023-09-24,terminal_global_decay,0.6848015816300022,0.7166207412252523,0.2833792587747477,elevated,early drawdown stayed high,active-day density stayed low,peak arrived too early,0.9814949155561631,0.9685612060378388,0.6848015816300022,0.7166207412252523,early drawdown stayed high,active-day density stayed low,peak arrived too early,0.6721292705346659,terminal_risk
return-finance,Return Finance,Yield Aggregator,avax_core,1,1,726,726,0.05293,257.03934,256.98641,0.0002059217861359,0.0,1.0,low_tvl_on_avax,lt_10k,1.0,0,1,core_eligible,,1.0,structural_decay,1.0,127014.0,0.0,1.0,0.0,0.0,43.0,4.080253059175208,0,4,dead,2024-03-13,terminal_global_decay,0.9447792577465582,0.926977419068148,0.073022580931852,critical,early drawdown stayed high,active-day density stayed low,peak arrived too early,0.9986890130353818,0.999430303030303,0.9447792577465582,0.926977419068148,early drawdown stayed high,active-day density stayed low,peak arrived too early,0.9435406644552109,terminal_risk
revest-finance,Revest Finance,NFT Lending,avax_core,1,1,1505,1541,7.194,90470.48027,90463.28627,7.951765016091694e-05,1.0,1.0,low_tvl_on_avax,lt_10k,1.0,0,1,core_eligible,,1.0,structural_decay,1.0,14985.0,7.0,0.9995328661995329,0.1428571428571428,-0.3333333333333333,265.0,3.509888952912135,0,6,alive,2022-02-15,terminal_global_decay,0.9065368336778428,0.9221085700553369,0.07789142994466315,critical,early drawdown stayed high,active-day density stayed low,peak arrived too early,0.8617435266590769,0.7910327711032036,0.9065368336778428,0.9221085700553369,early drawdown stayed high,active-day density stayed low,peak arrived too early,0.7812022480998972,terminal_risk
ribbon,Ribbon,Options Vault,avax_core,1,1,1531,1786,80677.9647,3619171.38654,3538493.42184,0.022291833152762,3.0,1.0,active_on_avax,ge_10k,0.0,0,1,core_eligible,,1.0,structural_decay,1.0,22016073.0,80677.0,0.9963355408569003,0.0664639788499669,-0.4195159155010649,791.0,2.031914295008053,0,4,alive,2021-12-12,native_revival_or_threshold_boundary,0.5884955465865281,0.7176400927554645,0.2823599072445356,elevated,early drawdown stayed high,active-day density stayed low,peak arrived too early,0.02350705358225766,0.052442551302447286,0.5884955465865281,0.7176400927554645,early drawdown stayed high,active-day density stayed low,peak arrived too early,0.013833796346529524,monitor
ripae,Ripae,Algo-Stables,avax_core,1,1,1459,1490,0.0,0.0,0.0,0.0,0.0,1.0,low_tvl_on_avax,lt_10k,1.0,0,1,core_eligible,,1.0,structural_decay,1.0,0.0,0.0,0.0,0.0,0.0,0.0,0.0,0,7,dead,2022-03-10,terminal_global_decay,0.9917162270365067,0.9925280044969151,0.0074719955030849135,critical,early drawdown stayed high,active-day density stayed low,peak arrived too early,0.9969672277598257,0.9988036363636364,0.9917162270365067,0.9925280044969151,early drawdown stayed high,active-day density stayed low,peak arrived too early,0.98870857759302,terminal_risk
risk-harbor,Risk Harbor,Insurance,avax_core,1,1,1316,1435,1734.08486,38719.40077,36985.31591,0.0447859425898857,2.0,1.0,low_tvl_on_avax,lt_10k,1.0,0,1,core_eligible,,1.0,resilient_or_unproven,0.0,339998.0,1734.0,0.9948999699998236,0.0,-0.0017261219792865,354.0,2.037441741377095,0,9,alive,2022-07-09,resilient_or_unproven,0.2954757690734314,0.8002175308422207,0.19978246915777934,stable_watch,early drawdown stayed high,active-day density stayed low,peak arrived too early,0.5509464512535596,,0.2954757690734314,0.8002175308422207,early drawdown stayed high,active-day density stayed low,peak arrived too early,0.1627913264024233,monitor
robo-vault,Robo-Vault,Yield,avax_core,1,1,1330,1637,1824.01214,3799.72537,1975.71323,0.4800378875802805,0.0,1.0,low_tvl_on_avax,lt_10k,1.0,0,1,core_eligible,,1.0,structural_decay,1.0,6425117.0,1824.0,0.9997161141190114,0.0218365061590145,-0.1411764705882353,612.0,2.604394572294648,0,2,dead,2022-07-05,terminal_global_decay,0.607956727425996,0.738324640286029,0.26167535971397105,elevated,early drawdown stayed high,active-day density stayed low,peak arrived too early,0.9838211209343399,0.9636180537712368,0.607956727425996,0.738324640286029,early drawdown stayed high,active-day density stayed low,peak arrived too early,0.5981206690558164,elevated
royco-v2,Royco V2,Yield,avax_core,1,1,19,19,4528144.60045,10243337.974909998,5715193.374459999,0.4420575218294294,2.0,0.715616,active_on_avax,ge_10k,0.0,0,1,core_eligible,,0.715616,insufficient_early_window,,4528144.0,4528144.0,0.0,0.8448647950525962,0.8448647950525962,0.0,0.1770050797966392,0,2,alive,2026-02-18,resilient_or_unproven,,,,,,,,0.24476840863143315,,,,,,,,nan
rubydex,RubyDex,Derivatives,avax_core,1,1,860,1144,0.0,24.13845,24.13845,0.0,0.0,1.0,low_tvl_on_avax,lt_10k,1.0,0,1,core_eligible,,1.0,structural_decay,1.0,52.0,0.0,1.0,0.0,0.0,2.0,3.733655857377708,0,10,dead,2023-10-31,terminal_global_decay,0.8290752882091419,0.8897889381219279,0.11021106187807207,critical,early drawdown stayed high,active-day density stayed low,peak arrived too early,0.9952460702582114,0.9846085765544018,0.8290752882091419,0.8897889381219279,early drawdown stayed high,active-day density stayed low,peak arrived too early,0.8251339225383425,terminal_risk
salvor,Salvor,NFT Marketplace,avax_core,1,1,766,766,469465.41849,469465.41849,0.0,1.0,1.0,1.0,active_on_avax,ge_10k,0.0,0,1,core_eligible,,1.0,resilient_or_unproven,0.0,2706047.0,469465.0,0.8265126215472237,0.5104889254964543,-0.1163508576440715,228.0,0.6467840364282151,1,1,alive,2024-02-02,resilient_or_unproven,0.14064012701422357,0.8809045315829303,0.11909546841706979,stable_watch,early drawdown stayed high,active-day density stayed low,peak arrived too early,0.1292106317339125,,0.14064012701422357,0.8809045315829303,early drawdown stayed high,active-day density stayed low,peak arrived too early,0.01817219965864552,monitor
sashimidao,SashimiDAO,Reserve Currency,avax_core,1,1,602,602,1.44295,1.44295,0.0,1.0,0.0,1.0,low_tvl_on_avax,lt_10k,1.0,0,1,core_eligible,,1.0,structural_decay,1.0,9299.0,1.0,0.999892461555006,0.0,0.0,5.0,7.9884539892336015,1,1,dead,2022-01-11,terminal_global_decay,0.9941348152115952,0.9923313970044749,0.007668602995525069,critical,early drawdown stayed high,active-day density stayed low,peak arrived too early,0.9992542372881357,0.9953187450047319,0.9941348152115952,0.9923313970044749,early drawdown stayed high,active-day density stayed low,peak arrived too early,0.9933934265358443,terminal_risk
seafi,SeaFi,Yield,avax_core,1,1,748,748,292308.21495,292308.21495,0.0,1.0,1.0,1.0,active_on_avax,ge_10k,0.0,0,1,core_eligible,,1.0,resilient_or_unproven,0.0,5036291.0,292308.0,0.9419596683352888,0.1121345629974585,-0.5249425901939339,260.0,0.9222954098673825,1,1,alive,2024-02-20,resilient_or_unproven,0.19475532906927445,0.8752733603540721,0.12472663964592791,stable_watch,early drawdown stayed high,active-day density stayed low,peak arrived too early,0.1279393398964224,,0.19475532906927445,0.8752733603540721,early drawdown stayed high,active-day density stayed low,peak arrived too early,0.0249168682424335,monitor
secondswap,SecondSwap,OTC Marketplace,avax_core,1,1,17,17,79.36017,1981344.34033,1981264.98016,4.005369908936792e-05,1.0,0.713973,low_tvl_on_avax,lt_10k,1.0,0,1,core_eligible,,0.713973,insufficient_early_window,,85.0,79.0,0.0705882352941176,-0.024390243902439,-0.024390243902439,6.0,0.0356458820561384,0,3,dead,2026-02-20,resilient_or_unproven,,,,,,,,0.7230176714418864,,,,,,,,nan
secured-finance-lending,Secured Finance Lending,Lending,avax_core,1,1,737,737,204.03477,433442.26044,433238.22567,0.0004707311414278,2.0,1.0,low_tvl_on_avax,lt_10k,1.0,1,1,core_eligible,,1.0,structural_decay,1.0,4706.0,204.0,0.956651083722907,-0.0048543689320388,-0.1201716738197424,306.0,0.8660253019874413,0,5,alive,2024-02-29,multichain_relocation,0.6332556830040728,0.558907599523051,0.44109240047694903,elevated,early drawdown stayed high,active-day density stayed low,peak arrived too early,0.10523122741979946,0.2301498066040831,0.6332556830040728,0.558907599523051,early drawdown stayed high,active-day density stayed low,peak arrived too early,0.06663827279308202,monitor
securo-finance,Securo Finance,Indexes,avax_core,1,1,1320,1320,17.0,36.0,19.0,0.4722222222222222,0.0,1.0,low_tvl_on_avax,lt_10k,1.0,0,1,core_eligible,,1.0,structural_decay,1.0,35.0,17.0,0.5142857142857142,0.0588235294117647,-0.25,106.0,0.4690809731770964,0,4,dead,2022-08-22,terminal_global_decay,0.9391805521038412,0.9598220975014446,0.04017790249855535,critical,early drawdown stayed high,active-day density stayed low,peak arrived too early,0.9920425363106067,0.9899479772591773,0.9391805521038412,0.9598220975014446,early drawdown stayed high,active-day density stayed low,peak arrived too early,0.9317070569626905,terminal_risk
sherpa-cash,Sherpa Cash,Privacy,avax_core,1,1,1441,1441,14788.2236,14788.2236,0.0,1.0,1.0,1.0,active_on_avax,ge_10k,0.0,0,1,core_eligible,,1.0,structural_decay,1.0,1860372.0,14788.0,0.9920510521551604,0.0686465785100079,-0.3462269572521109,749.0,2.369245995079186,1,1,alive,2022-03-29,native_revival_or_threshold_boundary,0.7224970474851464,0.9311591164066636,0.06884088359333637,critical,early drawdown stayed high,active-day density stayed low,peak arrived too early,0.02536543044594661,0.06773788937235516,0.7224970474851464,0.9311591164066636,early drawdown stayed high,active-day density stayed low,peak arrived too early,0.018326448605386268,monitor
sierra,Sierra,Reserve Currency,avax_core,1,1,604,604,842.25292,842.25292,0.0,1.0,0.0,1.0,low_tvl_on_avax,lt_10k,1.0,0,1,core_eligible,,1.0,structural_decay,1.0,1008592.0,842.0,0.9991651728350016,0.0023781212841854,0.007168458781362,246.0,5.05159041764521,1,1,dead,2022-01-09,terminal_global_decay,0.9942751701581198,0.9922631467704308,0.007736853229569187,critical,early drawdown stayed high,active-day density stayed low,peak arrived too early,0.991172596750831,0.984517437124016,0.9942751701581198,0.9922631467704308,early drawdown stayed high,active-day density stayed low,peak arrived too early,0.9854983022904981,terminal_risk
sierra-protocol,Sierra Protocol,Yield,avax_core,1,1,34,34,4790973.14188,4790973.14188,0.0,1.0,1.0,0.727945,active_on_avax,ge_10k,0.0,0,1,core_eligible,,0.727945,no_future_window,,4790973.0,4790973.0,0.0,0.2513533547474112,0.1180082683122394,0.0,0.0860987175535681,1,1,alive,2026-02-03,resilient_or_unproven,0.5005749484443756,0.5661280204175871,0.22229286495877137,elevated,early drawdown stayed high,active-day density stayed low,peak arrived too early,0.21913873900233186,,0.5005749484443756,0.5661280204175871,early drawdown stayed high,active-day density stayed low,peak arrived too early,0.10969536297825774,monitor
silo-v2,Silo V2,Lending,avax_core,1,1,253,423,9070465.1262,45038011.27053,35967546.14433,0.2013957737102644,4.0,0.93863,active_on_avax,ge_10k,0.0,0,1,core_eligible,,0.93863,censored,,79620153.0,9070465.0,0.8860782771919566,-0.4205022294504164,-0.7751906115896595,84.0,0.4118408150281701,0,4,alive,2025-06-29,resilient_or_unproven,0.04849868136333493,0.9171418836659406,0.022893063650276733,stable_watch,early drawdown stayed high,active-day density stayed low,peak arrived too early,0.10812462369932306,,0.04849868136333493,0.9171418836659406,early drawdown stayed high,active-day density stayed low,peak arrived too early,0.005243901672323962,monitor
singular-farm,Singular Farm,Yield,avax_core,1,1,1634,1634,3916.68297,22318.71617,18402.0332,0.1754887216704992,1.0,1.0,low_tvl_on_avax,lt_10k,1.0,0,1,core_eligible,,1.0,structural_decay,1.0,5574382.0,3916.0,0.9992975006018604,0.0796582138919514,-0.1777917716204869,834.0,3.7670133397859233,0,4,alive,2021-09-17,terminal_global_decay,0.7278004954820033,0.8193191586302637,0.18068084136973633,critical,early drawdown stayed high,active-day density stayed low,peak arrived too early,0.7304877878990973,0.5821769503986567,0.7278004954820033,0.8193191586302637,early drawdown stayed high,active-day density stayed low,peak arrived too early,0.5316493739765156,elevated
smartcoin,SmartCoin,Yield,avax_core,1,1,1595,1595,0.0,0.0,0.0,0.0,0.0,1.0,low_tvl_on_avax,lt_10k,1.0,0,1,core_eligible,,1.0,structural_decay,1.0,0.0,0.0,0.0,0.0,0.0,0.0,0.0,1,1,dead,2021-10-26,terminal_global_decay,0.9969793546416206,0.9966985746818212,0.0033014253181788142,critical,early drawdown stayed high,active-day density stayed low,peak arrived too early,0.9996838323353293,0.9995091363230143,0.9969793546416206,0.9966985746818212,early drawdown stayed high,active-day density stayed low,peak arrived too early,0.9966641420073387,terminal_risk
snowball,Snowball,Yield,avax_core,1,1,1675,1675,308229.11437,308229.11437,0.0,1.0,1.0,1.0,active_on_avax,ge_10k,0.0,0,1,core_eligible,,1.0,resilient_or_unproven,0.0,108123285.0,308229.0,0.9971492819516168,0.0397824832932461,-0.514256492365492,828.0,2.424306111784145,1,1,alive,2021-04-06,resilient_or_unproven,0.28098447602922355,0.8318250138333156,0.16817498616668441,stable_watch,early drawdown stayed high,active-day density stayed low,peak arrived too early,0.010680245077166955,,0.28098447602922355,0.8318250138333156,early drawdown stayed high,active-day density stayed low,peak arrived too early,0.003000983066871451,monitor
snowbank,Snowbank,Reserve Currency,avax_core,1,1,1582,1582,0.0,0.0,0.0,0.0,0.0,1.0,low_tvl_on_avax,lt_10k,1.0,0,1,core_eligible,,1.0,structural_decay,1.0,68674707.0,0.0,1.0,0.0,0.0,55.0,4.128149792816513,1,1,dead,2021-11-08,terminal_global_decay,0.7170551379158605,0.807880213507729,0.19211978649227096,critical,early drawdown stayed high,active-day density stayed low,peak arrived too early,0.9945058328841967,0.9917575197698427,0.7170551379158605,0.807880213507729,early drawdown stayed high,active-day density stayed low,peak arrived too early,0.7131155171569054,terminal_risk
snowcatdao,SnowCatDAO,Reserve Currency,avax_core,1,1,1533,1533,0.0,0.0,0.0,0.0,0.0,1.0,low_tvl_on_avax,lt_10k,1.0,0,1,core_eligible,,1.0,structural_decay,1.0,50385.0,0.0,1.0,0.0,0.0,5.0,17.75143868712532,1,1,dead,2021-12-27,terminal_global_decay,0.9864781958851079,0.9821088764185814,0.01789112358141865,critical,early drawdown stayed high,active-day density stayed low,peak arrived too early,0.9975065266654248,0.9851782663621105,0.9864781958851079,0.9821088764185814,early drawdown stayed high,active-day density stayed low,peak arrived too early,0.9840184388085286,terminal_risk
snowdog,Snowdog,Reserve Currency,avax_core,1,1,655,655,0.29157,0.29157,0.0,1.0,0.0,1.0,low_tvl_on_avax,lt_10k,1.0,0,1,core_eligible,,1.0,structural_decay,1.0,63823712.0,0.0,1.0,0.0,0.0,4.0,9.794020841121297,1,1,dead,2021-11-19,terminal_global_decay,0.9791650882575568,0.9715060074880513,0.02849399251194871,critical,early drawdown stayed high,active-day density stayed low,peak arrived too early,0.9964201069123385,0.9957343967912121,0.9791650882575568,0.9715060074880513,early drawdown stayed high,active-day density stayed low,peak arrived too early,0.9756597819264241,terminal_risk
snowtomb,Snowtomb,Algo-Stables,avax_core,1,1,1500,1500,0.0,0.0,0.0,0.0,0.0,1.0,low_tvl_on_avax,lt_10k,1.0,0,1,core_eligible,,1.0,structural_decay,1.0,0.0,0.0,0.0,0.0,0.0,0.0,0.0,1,1,dead,2022-01-29,terminal_global_decay,0.9986655543954317,0.9990044869724268,0.0009955130275731993,critical,early drawdown stayed high,active-day density stayed low,peak arrived too early,0.9996838323353293,0.9994116511405596,0.9986655543954317,0.9990044869724268,early drawdown stayed high,active-day density stayed low,peak arrived too early,0.9983498086393114,terminal_risk
snowyowl,Snowyowl,Algo-Stables,avax_core,1,1,1465,1465,0.0,0.0,0.0,0.0,0.0,1.0,low_tvl_on_avax,lt_10k,1.0,0,1,core_eligible,,1.0,structural_decay,1.0,0.0,0.0,0.0,0.0,0.0,0.0,0.0,1,1,dead,2022-03-05,terminal_global_decay,0.9986623024962872,0.999004575910435,0.0009954240895649856,critical,early drawdown stayed high,active-day density stayed low,peak arrived too early,0.9996838323353293,1.0,0.9986623024962872,0.999004575910435,early drawdown stayed high,active-day density stayed low,peak arrived too early,0.9983465577683123,terminal_risk
solisnek-finance,SoliSnek Finance,Dexs,avax_core,1,1,1064,1064,9327.55964,9327.55964,0.0,1.0,0.0,1.0,low_tvl_on_avax,lt_10k,1.0,0,1,core_eligible,,1.0,structural_decay,1.0,13765557.0,9327.0,0.999322439331732,0.0103986135181975,-0.1020408163265306,582.0,3.587731273457388,1,1,dead,2023-04-10,terminal_global_decay,0.7976746659163136,0.846463402691067,0.15353659730893296,critical,early drawdown stayed high,active-day density stayed low,peak arrived too early,0.9573725388025872,0.9286535705115395,0.7976746659163136,0.846463402691067,early drawdown stayed high,active-day density stayed low,peak arrived too early,0.7636718200468068,terminal_risk
solv-strategies,Solv Strategies,Onchain Capital Allocator,avax_core,1,1,307,307,13582729.6996,55962894.62075,42380164.92115,0.2427095630354291,3.0,0.952329,active_on_avax,ge_10k,0.0,0,1,core_eligible,,0.952329,censored,,26060457.0,13582729.0,0.4787992781554061,0.0857590868283205,-0.2543266984676144,109.0,0.316450961291594,0,5,alive,2025-05-07,resilient_or_unproven,0.06323150912179014,0.8876398984578396,0.06792726205141336,stable_watch,early drawdown stayed high,active-day density stayed low,peak arrived too early,0.09365661584994267,,0.06323150912179014,0.8876398984578396,early drawdown stayed high,active-day density stayed low,peak arrived too early,0.0059220491594316445,monitor
soulswap,SoulSwap,Dexs,avax_core,1,1,1236,1635,188.00008,2346.61025,2158.61017,0.0801155965290785,0.0,1.0,low_tvl_on_avax,lt_10k,1.0,0,1,core_eligible,,1.0,structural_decay,1.0,42715.0,188.0,0.9955987358070936,0.0558659217877094,-0.25,336.0,2.271781326253458,0,2,dead,2024-06-13,terminal_global_decay,0.755100801145415,0.7462018736061128,0.2537981263938872,critical,early drawdown stayed high,active-day density stayed low,peak arrived too early,0.9914612568256604,0.9774300549476292,0.755100801145415,0.7462018736061128,early drawdown stayed high,active-day density stayed low,peak arrived too early,0.7486531893336963,terminal_risk
spark-liquidity-layer,Spark Liquidity Layer,Onchain Capital Allocator,avax_core,1,1,132,340,10002098.66212,1465787143.3164,1455785044.65428,0.0068237047293851,6.0,0.865479,active_on_avax,ge_10k,0.0,0,1,core_eligible,,0.865479,no_future_window,,10966637.0,10002098.0,0.0879521224236746,0.0004036781924658,10002098.0,14.0,0.7193144548678657,0,6,alive,2025-12-12,resilient_or_unproven,0.17369243306672927,0.8416721321868817,0.02750715824776593,stable_watch,early drawdown stayed high,active-day density stayed low,peak arrived too early,0.12260807274441722,,0.17369243306672927,0.8416721321868817,early drawdown stayed high,active-day density stayed low,peak arrived too early,0.02129609446860036,monitor
spark-savings,Spark Savings,Yield,avax_core,1,1,137,179,182441926.14557,1437126462.78224,1254684536.63667,0.1269491105134666,6.0,0.82411,active_on_avax,ge_10k,0.0,0,1,core_eligible,,0.82411,censored,,225033476.0,182441926.0,0.189267618120959,0.8391962926129991,60813974.66666666,38.0,0.8079301424514326,0,6,alive,2025-10-23,resilient_or_unproven,0.3370853636558153,0.7404724934078539,0.1014882801957822,stable_watch,early drawdown stayed high,active-day density stayed low,peak arrived too early,0.10734293277541437,,0.3370853636558153,0.7404724934078539,early drawdown stayed high,active-day density stayed low,peak arrived too early,0.036183731530482294,monitor
spectra-v2,Spectra V2,Yield,avax_core,1,1,249,650,4715169.85942,28746787.94772,24031618.0883,0.1640242335246354,11.0,0.936438,active_on_avax,ge_10k,0.0,0,1,core_eligible,,0.936438,censored,,6185192.0,4715169.0,0.237668127359668,0.0483996306386691,12.921951305929388,14.0,0.6654901752822878,0,12,alive,2025-07-03,resilient_or_unproven,0.07275903224183952,0.8732202232291969,0.06750876915588976,stable_watch,early drawdown stayed high,active-day density stayed low,peak arrived too early,0.1005842322235345,,0.07275903224183952,0.8732202232291969,early drawdown stayed high,active-day density stayed low,peak arrived too early,0.007318411395372821,monitor
spice-trade,Spice Trade,Algo-Stables,avax_core,1,1,1370,1370,2493.64468,8995.345249999998,6501.700569999999,0.2772150051717026,0.0,1.0,low_tvl_on_avax,lt_10k,1.0,0,1,core_eligible,,1.0,structural_decay,1.0,378757.0,2493.0,0.9934179434307484,0.0187908496732026,-0.1585695006747638,683.0,3.009148753112622,0,4,dead,2022-06-08,terminal_global_decay,0.8514917387429966,0.8173949843182399,0.18260501568176013,critical,early drawdown stayed high,active-day density stayed low,peak arrived too early,0.9861022980585185,0.9816555500023848,0.8514917387429966,0.8173949843182399,early drawdown stayed high,active-day density stayed low,peak arrived too early,0.8396579603523125,terminal_risk
spicy-dao,Spicy DAO,Reserve Currency,avax_core,1,1,1536,1536,272.16475,272.16475,0.0,1.0,0.0,1.0,low_tvl_on_avax,lt_10k,1.0,0,1,core_eligible,,1.0,structural_decay,1.0,502488.0,272.0,0.9994586935409404,-0.0108695652173913,-0.0108695652173913,213.0,5.209403158674761,1,1,dead,2021-12-24,terminal_global_decay,0.9847617981277874,0.9809967082157354,0.01900329178426462,critical,early drawdown stayed high,active-day density stayed low,peak arrived too early,0.9960723603139193,0.9903028799991778,0.9847617981277874,0.9809967082157354,early drawdown stayed high,active-day density stayed low,peak arrived too early,0.9808940086081246,terminal_risk
spiritdao,SpiritDAO,Reserve Currency,avax_core,1,1,1538,1538,2011.69528,2011.69528,0.0,1.0,0.0,1.0,low_tvl_on_avax,lt_10k,1.0,0,1,core_eligible,,1.0,structural_decay,1.0,592578.0,2011.0,0.9966063539314656,-0.0069101678183613,-0.0113022113022113,681.0,2.7736525158970737,1,1,dead,2021-12-22,terminal_global_decay,0.5896878299572264,0.7286699188109653,0.2713300811890346,elevated,early drawdown stayed high,active-day density stayed low,peak arrived too early,0.9746627211804564,0.9516916259455811,0.5896878299572264,0.7286699188109653,early drawdown stayed high,active-day density stayed low,peak arrived too early,0.5747467449931085,elevated
stabilize,Stabilize,CDP,avax_core,1,1,1587,1587,19552.07517,19552.07517,0.0,1.0,1.0,1.0,active_on_avax,ge_10k,0.0,0,1,core_eligible,,1.0,structural_decay,1.0,22459595.0,19552.0,0.9991294589239031,0.0180672706445902,-0.1740030415680973,823.0,4.969399629647711,1,1,alive,2021-11-01,native_revival_or_threshold_boundary,0.8884736108162747,0.9175973718606922,0.08240262813930781,critical,early drawdown stayed high,active-day density stayed low,peak arrived too early,0.0490683927168415,0.18725005325095753,0.8884736108162747,0.9175973718606922,early drawdown stayed high,active-day density stayed low,peak arrived too early,0.043595972054083165,monitor
stable-jack-v1,Stable Jack V1,Yield,avax_core,1,1,623,623,1629502.68521,1629502.68521,0.0,1.0,1.0,1.0,active_on_avax,ge_10k,0.0,0,1,core_eligible,,1.0,resilient_or_unproven,0.0,12208969.0,1629502.0,0.8665323828736071,0.0737707834723291,-0.3885808347554103,244.0,0.4085744410480551,1,1,alive,2024-06-24,resilient_or_unproven,0.16154313268581583,0.8875922273790938,0.11240777262090619,stable_watch,early drawdown stayed high,active-day density stayed low,peak arrived too early,0.1334769239660392,,0.16154313268581583,0.8875922273790938,early drawdown stayed high,active-day density stayed low,peak arrived too early,0.02156228043874042,monitor
stable-jack-v2,Stable Jack V2,Yield,avax_core,1,1,313,336,2792.78744,12766.63845,9973.85101,0.2187566798368916,0.0,0.963562,low_tvl_on_avax,lt_10k,1.0,0,1,core_eligible,,0.963562,censored,,1043645.0,2792.0,0.9973247608142616,-0.9229304635761588,-0.963332020480504,93.0,0.7713487304443274,0,3,alive,2025-04-30,resilient_or_unproven,0.08459302751929483,0.9074944857010763,0.05818775989393915,stable_watch,early drawdown stayed high,active-day density stayed low,peak arrived too early,0.7584011402151261,,0.08459302751929483,0.9074944857010763,early drawdown stayed high,active-day density stayed low,peak arrived too early,0.06415544852488274,monitor
stackfi,StackFi,Lending,avax_core,1,1,42,42,638.55592,650.1932,11.637280000000032,0.98210181219982,0.0,0.734521,low_tvl_on_avax,lt_10k,1.0,0,1,core_eligible,,0.734521,no_future_window,,4302.0,638.0,0.8516968851696886,-0.8062462098241359,-0.8481824661439772,26.0,0.202162719223507,0,2,dead,2026-01-26,resilient_or_unproven,0.9464527034945969,0.6809771297205787,0.07289630967585858,critical,early drawdown stayed high,active-day density stayed low,peak arrived too early,0.9825066344832026,,0.9464527034945969,0.6809771297205787,early drawdown stayed high,active-day density stayed low,peak arrived too early,0.9298960604080049,terminal_risk
stake-dao,Stake DAO,Yield,avax_core,1,1,1579,1797,209764.18038,170329500.96591002,170119736.78553003,0.0012315199609607,8.0,1.0,active_on_avax,ge_10k,0.0,0,1,core_eligible,,1.0,structural_decay,1.0,124425201.0,209764.0,0.998314135735252,0.0,-0.0683115325679006,775.0,2.879298856561464,0,10,alive,2021-10-25,native_revival_or_threshold_boundary,0.14485279998520545,0.8897752366722846,0.1102247633277153,stable_watch,early drawdown stayed high,active-day density stayed low,peak arrived too early,0.037272400432909705,0.04093813484315509,0.14485279998520545,0.8897752366722846,early drawdown stayed high,active-day density stayed low,peak arrived too early,0.005399011564876754,monitor
steadefi,Steadefi,Leveraged Farming,avax_core,1,1,1061,1061,3.30143,576.13068,572.82925,0.0057303492325734,0.0,1.0,low_tvl_on_avax,lt_10k,1.0,0,1,core_eligible,,1.0,structural_decay,1.0,721344.0,3.0,0.9999958410966197,0.0,-0.2,263.0,3.3617534084050367,0,2,dead,2023-04-12,terminal_global_decay,0.5318562845548166,0.6826889676976624,0.31731103230233765,elevated,early drawdown stayed high,active-day density stayed low,peak arrived too early,0.9845208322039106,0.9792086094985228,0.5318562845548166,0.6826889676976624,early drawdown stayed high,active-day density stayed low,peak arrived too early,0.523623591882788,elevated
steakhut,SteakHut,Farm,avax_core,1,1,1383,1383,0.0,0.0,0.0,0.0,0.0,1.0,low_tvl_on_avax,lt_10k,1.0,0,1,core_eligible,,1.0,resilient_or_unproven,0.0,1366510.0,0.0,1.0,0.0,-0.9998130491680688,609.0,1.850309030046835,1,1,dead,2022-05-24,resilient_or_unproven,0.09350705089764709,0.9057324398390794,0.09426756016092065,stable_watch,early drawdown stayed high,active-day density stayed low,peak arrived too early,0.9047432927238614,,0.09350705089764709,0.9057324398390794,early drawdown stayed high,active-day density stayed low,peak arrived too early,0.08459987712203493,monitor
steakhut-liquidity,SteakHut Liquidity,Liquidity Manager,avax_core,1,1,1145,1145,58319.49596,62692.18278,4372.686820000003,0.9302514823045056,1.0,1.0,active_on_avax,ge_10k,0.0,0,1,core_eligible,,1.0,resilient_or_unproven,0.0,17437684.0,58319.0,0.9966555765088988,-0.0356505059858456,-0.4718826405867971,254.0,1.505286316251063,0,2,alive,2023-01-17,resilient_or_unproven,0.12572234721694414,0.9136635362874485,0.08633646371255158,stable_watch,early drawdown stayed high,active-day density stayed low,peak arrived too early,0.16728556265371983,,0.12572234721694414,0.9136635362874485,early drawdown stayed high,active-day density stayed low,peak arrived too early,0.021031533592332827,monitor
steer-protocol,Steer Protocol,Liquidity Manager,avax_core,1,1,951,982,1374.47132,26088285.674150005,26086911.202830005,5.268538290202476e-05,15.0,1.0,low_tvl_on_avax,lt_10k,1.0,1,1,core_eligible,,1.0,structural_decay,1.0,28802.0,1374.0,0.9522949795153114,-0.1569589209074187,-0.9484883677368598,48.0,2.253670770728107,0,42,alive,2023-06-29,multichain_relocation,0.49953207111308123,0.6461711431938513,0.3538288568061487,elevated,early drawdown stayed high,active-day density stayed low,peak arrived too early,0.03401341124382712,0.11714421312231994,0.49953207111308123,0.6461711431938513,early drawdown stayed high,active-day density stayed low,peak arrived too early,0.016990789764249926,monitor
stonedefi,StoneDefi,Yield Aggregator,avax_core,1,1,1518,1518,12124.19951,71483.96455,59359.765040000006,0.1696072620807095,3.0,1.0,active_on_avax,ge_10k,0.0,0,1,core_eligible,,1.0,structural_decay,1.0,20930.0,12124.0,0.4207357859531772,0.0597849838300847,-0.2230552351659618,112.0,0.3408992327686556,0,4,alive,2022-01-06,native_revival_or_threshold_boundary,0.6401985538470107,0.6881200872948432,0.3118799127051568,elevated,early drawdown stayed high,active-day density stayed low,peak arrived too early,0.1610660312153313,0.21874836384006718,0.6401985538470107,0.6881200872948432,early drawdown stayed high,active-day density stayed low,peak arrived too early,0.10311424025793259,monitor
stormswap,StormSwap,Yield,avax_core,1,1,1579,1645,8176.13153,9051.26644,875.1349099999998,0.9033135400663336,0.0,1.0,low_tvl_on_avax,lt_10k,1.0,0,1,core_eligible,,1.0,insufficient_early_window,,35390422.0,8176.0,0.9997689770413024,0.0113790970933828,-0.1848270361878177,822.0,9.871424086653814,0,2,dead,2021-09-04,resilient_or_unproven,,,,,,,,0.9333504885581063,,,,,,,,nan
struct-finance,Struct Finance,Yield,avax_core,1,1,986,986,20357.63665,20357.63665,0.0,1.0,1.0,1.0,active_on_avax,ge_10k,0.0,0,1,core_eligible,,1.0,structural_decay,1.0,12471721.0,20357.0,0.9983677473221216,0.0480848434925864,-0.2456367880831511,382.0,2.123149217337566,1,1,alive,2023-06-27,native_revival_or_threshold_boundary,0.23533908975582238,0.8524828973777789,0.1475171026222211,stable_watch,early drawdown stayed high,active-day density stayed low,peak arrived too early,0.01554617065915561,0.0571829404576265,0.23533908975582238,0.8524828973777789,early drawdown stayed high,active-day density stayed low,peak arrived too early,0.0036586216521143546,monitor
stryke-ssov,Stryke SSOV,Options,avax_core,1,1,1564,1610,0.0,11044.81295,11044.81295,0.0,1.0,1.0,low_tvl_on_avax,lt_10k,1.0,0,1,core_eligible,,1.0,structural_decay,1.0,363404.0,0.0,1.0,0.0,0.0,66.0,4.57695591504926,0,4,alive,2022-02-01,terminal_global_decay,0.9141413544347172,0.9488534830707418,0.05114651692925816,critical,early drawdown stayed high,active-day density stayed low,peak arrived too early,0.9681245476083921,0.9345744699508697,0.9141413544347172,0.9488534830707418,early drawdown stayed high,active-day density stayed low,peak arrived too early,0.8850026852122334,terminal_risk
subzero+,Subzero+,Reserve Currency,avax_core,1,1,1121,1121,0.0,0.0,0.0,0.0,0.0,1.0,low_tvl_on_avax,lt_10k,1.0,0,1,core_eligible,,1.0,structural_decay,1.0,0.0,0.0,0.0,0.0,0.0,0.0,0.0,1,1,dead,2023-02-12,terminal_global_decay,0.9975502529818638,0.997610729960045,0.0023892700399550655,critical,early drawdown stayed high,active-day density stayed low,peak arrived too early,0.9996838323353293,0.9995091363230143,0.9975502529818638,0.997610729960045,early drawdown stayed high,active-day density stayed low,peak arrived too early,0.9972348598479869,terminal_risk
subzero-zswap,Subzero ZSwap,Dexs,avax_core,1,1,1243,1243,1611.74715,1611.74715,0.0,1.0,0.0,1.0,low_tvl_on_avax,lt_10k,1.0,0,1,core_eligible,,1.0,resilient_or_unproven,0.0,110666.0,1611.0,0.985442683389659,-0.2396226415094339,-0.5294804436660829,587.0,1.0503467354495215,1,1,dead,2022-10-13,resilient_or_unproven,0.5932648239740566,0.625139813642976,0.37486018635702406,elevated,early drawdown stayed high,active-day density stayed low,peak arrived too early,0.9625919771079074,,0.5932648239740566,0.625139813642976,early drawdown stayed high,active-day density stayed low,peak arrived too early,0.5710719598577618,elevated
superform,Superform,Yield Aggregator,avax_core,1,1,774,774,2980.87048,33213140.89469,33210160.02421,8.974973157316088e-05,5.0,1.0,low_tvl_on_avax,lt_10k,1.0,1,1,core_eligible,,1.0,resilient_or_unproven,0.0,587967.0,2980.0,0.9949316883430532,-0.7255064456721916,-0.809630244587777,163.0,1.780550698038357,0,10,alive,2024-01-26,avax_side_decay_but_globally_alive,0.27701491730589256,0.7546668560973097,0.24533314390269034,stable_watch,early drawdown stayed high,active-day density stayed low,peak arrived too early,0.017048407912259814,0.045572803239606816,0.27701491730589256,0.7546668560973097,early drawdown stayed high,active-day density stayed low,peak arrived too early,0.004722663308011777,monitor
sushi-bentobox,Sushi BentoBox,Yield,avax_core,1,1,1001,1001,0.0,2910360.65165,2910360.65165,0.0,3.0,1.0,low_tvl_on_avax,lt_10k,1.0,1,1,core_eligible,,1.0,resilient_or_unproven,0.0,456632.0,0.0,1.0,0.0,0.0,462.0,1.173217214280189,0,9,alive,2022-10-18,avax_side_decay_but_globally_alive,0.018661814503661004,0.975538862843649,0.024461137156350985,stable_watch,early drawdown stayed high,active-day density stayed low,peak arrived too early,0.058515320532949916,0.08224644984271208,0.018661814503661004,0.975538862843649,early drawdown stayed high,active-day density stayed low,peak arrived too early,0.0010920020574081773,monitor
sushi-kashi,Sushi Kashi,Lending,avax_core,1,1,1261,1414,1441.58292,142338.75280000002,140897.16988000003,0.0101278316104509,3.0,1.0,low_tvl_on_avax,lt_10k,1.0,1,1,core_eligible,,1.0,structural_decay,1.0,28736.0,1441.0,0.949853841870824,-0.2563176895306859,-0.3308584686774942,585.0,1.017117909009537,0,5,alive,2021-09-09,multichain_relocation,0.5469599591860079,0.5922135141914673,0.4077864858085327,elevated,early drawdown stayed high,active-day density stayed low,peak arrived too early,0.05800424499695138,0.18839615985613706,0.5469599591860079,0.5922135141914673,early drawdown stayed high,active-day density stayed low,peak arrived too early,0.03172599947614773,monitor
sushi-trident,Sushi Trident,Dexs,avax_core,1,1,1016,1112,0.0,274513.67626,274513.67626,0.0,2.0,1.0,low_tvl_on_avax,lt_10k,1.0,1,1,core_eligible,,1.0,structural_decay,1.0,127587.0,0.0,1.0,0.0,0.0,100.0,2.163284938848712,0,8,alive,2023-02-09,multichain_relocation,0.20691468273661417,0.8406817448115299,0.1593182551884701,stable_watch,early drawdown stayed high,active-day density stayed low,peak arrived too early,0.1043312419104133,0.22993654523076903,0.20691468273661417,0.8406817448115299,early drawdown stayed high,active-day density stayed low,peak arrived too early,0.02158766581941011,monitor
sushiswap,SushiSwap,Dexs,avax_core,1,1,1695,1976,55299.27793,42497032.19267999,42441732.91474999,0.0013012503480072,13.0,1.0,active_on_avax,ge_10k,0.0,0,1,core_eligible,,1.0,resilient_or_unproven,0.0,257358630.0,55299.0,0.9997851286354764,0.002265518803806,-0.134707161745607,767.0,4.715863536839973,0,38,alive,2021-06-15,resilient_or_unproven,0.049822982356284094,0.9311349298062103,0.06886507019378973,stable_watch,early drawdown stayed high,active-day density stayed low,peak arrived too early,0.05217757101935961,,0.049822982356284094,0.9311349298062103,early drawdown stayed high,active-day density stayed low,peak arrived too early,0.002599642200291314,monitor
sushiswap-v3,SushiSwap V3,Dexs,avax_core,1,1,999,1005,34956.35305,84130277.98989001,84095321.63684002,0.000415502645245,18.0,1.0,active_on_avax,ge_10k,0.0,0,1,core_eligible,,1.0,resilient_or_unproven,0.0,404338.0,34956.0,0.913547576532505,0.0711506051784893,-0.3452519198351751,108.0,0.7135349347048574,0,29,alive,2023-04-08,resilient_or_unproven,0.13501081549179303,0.8273147422643214,0.17268525773567853,stable_watch,early drawdown stayed high,active-day density stayed low,peak arrived too early,0.10372313421216223,,0.13501081549179303,0.8273147422643214,early drawdown stayed high,active-day density stayed low,peak arrived too early,0.014003744935348719,monitor
suzaku,Suzaku,Restaking,avax_core,1,1,525,525,1357231.79622,1357231.79622,0.0,1.0,1.0,1.0,active_on_avax,ge_10k,0.0,0,1,core_eligible,,1.0,resilient_or_unproven,0.0,10318227.0,1357231.0,0.8684627698150079,0.024342272594509,-0.5533903461274835,103.0,0.4788800694737176,1,1,alive,2024-09-30,resilient_or_unproven,0.1461122770589147,0.9001801604302265,0.09981983956977346,stable_watch,early drawdown stayed high,active-day density stayed low,peak arrived too early,0.145637054697995,,0.1461122770589147,0.9001801604302265,early drawdown stayed high,active-day density stayed low,peak arrived too early,0.02127936168607776,monitor
swapsicle-v1,Swapsicle V1,Dexs,avax_core,1,1,1377,1377,18693.30963,19203.51707,510.207440000002,0.9734315626590582,1.0,1.0,active_on_avax,ge_10k,0.0,0,1,core_eligible,,1.0,structural_decay,1.0,3229283.0,18693.0,0.9942114085386756,-0.2227673374355563,-0.4140179299103504,708.0,1.773318134367012,0,8,alive,2022-06-01,native_revival_or_threshold_boundary,0.10414235853195163,0.939049672663388,0.06095032733661203,stable_watch,early drawdown stayed high,active-day density stayed low,peak arrived too early,0.07888911210161846,0.13860889172937066,0.10414235853195163,0.939049672663388,early drawdown stayed high,active-day density stayed low,peak arrived too early,0.008215698196754074,monitor
swift-finance,Swift Finance,Yield,avax_core,1,1,1582,1582,768.51282,768.51282,0.0,1.0,0.0,1.0,low_tvl_on_avax,lt_10k,1.0,0,1,core_eligible,,1.0,structural_decay,1.0,1302919.0,768.0,0.9994105543015336,0.0039164490861618,-0.0128369704749679,677.0,4.546012736922597,1,1,dead,2021-11-08,terminal_global_decay,0.8166704092654933,0.8789853990226992,0.12101460097730075,critical,early drawdown stayed high,active-day density stayed low,peak arrived too early,0.9856353262397124,0.9806791361495624,0.8166704092654933,0.8789853990226992,early drawdown stayed high,active-day density stayed low,peak arrived too early,0.8049392052667139,terminal_risk
swing-dao,Swing DAO,Reserve Currency,avax_core,1,1,613,613,0.02069,0.02069,0.0,1.0,0.0,1.0,low_tvl_on_avax,lt_10k,1.0,0,1,core_eligible,,1.0,structural_decay,1.0,9280.0,0.0,1.0,0.0,0.0,68.0,1.766809061644618,1,1,dead,2021-12-31,terminal_global_decay,0.9123722107701314,0.9524025033241375,0.04759749667586257,critical,early drawdown stayed high,active-day density stayed low,peak arrived too early,0.9975864671342058,0.9999032258064516,0.9123722107701314,0.9524025033241375,early drawdown stayed high,active-day density stayed low,peak arrived too early,0.9101701704536005,terminal_risk
symphony-finance,Symphony Finance,Dexs,avax_core,1,1,1002,1002,352.56038,853.52017,500.95979,0.4130662547787242,0.0,1.0,low_tvl_on_avax,lt_10k,1.0,0,1,core_eligible,,1.0,structural_decay,1.0,11848.0,352.0,0.9702903443619176,-0.6154684095860566,-0.5451030927835051,472.0,1.484282821152739,0,3,dead,2022-09-12,terminal_global_decay,0.736201623947459,0.7863880810943094,0.21361191890569067,critical,early drawdown stayed high,active-day density stayed low,peak arrived too early,0.9752284264962637,0.9286752033863318,0.736201623947459,0.7863880810943094,early drawdown stayed high,active-day density stayed low,peak arrived too early,0.7179647513062746,terminal_risk
tarina,Tarina,Dexs,avax_core,1,1,1418,1418,52.42921,52.42921,0.0,1.0,0.0,1.0,low_tvl_on_avax,lt_10k,1.0,0,1,core_eligible,,1.0,resilient_or_unproven,0.0,136155.0,52.0,0.9996180823326356,0.0192307692307692,-0.1016949152542373,526.0,1.4768657947296322,1,1,dead,2022-04-21,resilient_or_unproven,0.17989610429163638,0.8564189260662934,0.14358107393370656,stable_watch,early drawdown stayed high,active-day density stayed low,peak arrived too early,0.9065745654618744,,0.17989610429163638,0.8564189260662934,early drawdown stayed high,active-day density stayed low,peak arrived too early,0.16308923257647429,monitor
tarot,Tarot,Lending,avax_core,1,1,1063,1670,6844.25188,573623.8573599999,566779.6054799999,0.0119316025513642,3.0,1.0,low_tvl_on_avax,lt_10k,1.0,1,1,core_eligible,,1.0,structural_decay,1.0,935949.0,6844.0,0.9926876357579312,0.0793125197098707,-0.2376656643278761,545.0,2.022076303152659,0,13,alive,2023-04-08,multichain_relocation,0.25646684243833945,0.7271792249912367,0.27282077500876334,stable_watch,early drawdown stayed high,active-day density stayed low,peak arrived too early,0.013419692665974781,0.032839308654612674,0.25646684243833945,0.7271792249912367,early drawdown stayed high,active-day density stayed low,peak arrived too early,0.0034417062045354937,monitor
team-finance,Team Finance,Token Locker,avax_core,1,1,1246,1246,430493.34454,48825934.12943,48395440.78489,0.008816899301892,7.0,1.0,active_on_avax,ge_10k,0.0,0,1,core_eligible,,1.0,resilient_or_unproven,0.0,5439785.0,430493.0,0.9208621296613744,0.0154621301649529,-0.5283379185443023,161.0,0.7042291827225221,0,17,alive,2022-07-01,resilient_or_unproven,0.0569191065796895,0.9562443956540074,0.043755604345992516,stable_watch,early drawdown stayed high,active-day density stayed low,peak arrived too early,0.08685941847005002,,0.0569191065796895,0.9562443956540074,early drawdown stayed high,active-day density stayed low,peak arrived too early,0.004943960497346628,monitor
teddy-cash,Teddy Cash,CDP,avax_core,1,1,1641,1641,14000.89466,14000.89466,0.0,1.0,1.0,1.0,active_on_avax,ge_10k,0.0,0,1,core_eligible,,1.0,structural_decay,1.0,106915466.0,14000.0,0.9998690554273972,0.1275670451799951,-0.3414083447010678,824.0,4.18629326096264,1,1,alive,2021-09-10,native_revival_or_threshold_boundary,0.7638119362338369,0.8372504418804139,0.16274955811958614,critical,early drawdown stayed high,active-day density stayed low,peak arrived too early,0.057585811442716024,0.18458502089450943,0.7638119362338369,0.8372504418804139,early drawdown stayed high,active-day density stayed low,peak arrived too early,0.043984730137657566,monitor
tempodao,TempoDAO,Reserve Currency,avax_core,1,1,1548,1548,3.39632,3.39632,0.0,1.0,0.0,1.0,low_tvl_on_avax,lt_10k,1.0,0,1,core_eligible,,1.0,structural_decay,1.0,990705.0,3.0,0.9999969718533772,0.0,0.0,87.0,4.492850298626236,1,1,dead,2021-12-12,terminal_global_decay,0.8873224473549728,0.9178633252503892,0.0821366747496108,critical,early drawdown stayed high,active-day density stayed low,peak arrived too early,0.9962750267515169,0.9973158150851581,0.8873224473549728,0.9178633252503892,early drawdown stayed high,active-day density stayed low,peak arrived too early,0.884017194975797,terminal_risk
termfinance-lend,TermFinance Lend,Lending,avax_core,1,1,1002,1002,0.0,1855209.02352,1855209.02352,0.0,1.0,1.0,low_tvl_on_avax,lt_10k,1.0,0,1,core_eligible,,1.0,resilient_or_unproven,0.0,21356928.0,0.0,1.0,0.0,-0.9999208860759494,173.0,2.0255843762706527,0,4,alive,2024-04-13,resilient_or_unproven,0.1084415271604729,0.902447602563853,0.09755239743614695,stable_watch,early drawdown stayed high,active-day density stayed low,peak arrived too early,0.5511109946151654,,0.1084415271604729,0.902447602563853,early drawdown stayed high,active-day density stayed low,peak arrived too early,0.0597633178909957,monitor
termfinance-vaults,TermFinance Vaults,Yield,avax_core,1,1,343,343,1384873.99908,15160463.86346,13775589.86438,0.0913477325992541,4.0,0.981918,active_on_avax,ge_10k,0.0,0,1,core_eligible,,0.981918,censored,,7901472.0,1384873.0,0.8247322777325541,0.0243522139485824,0.068203888924456,48.0,1.3554231400553916,0,6,alive,2025-06-27,resilient_or_unproven,0.7067501698727826,0.7340703858806498,0.252411722892696,critical,early drawdown stayed high,active-day density stayed low,peak arrived too early,0.15639618973570532,,0.7067501698727826,0.7340703858806498,early drawdown stayed high,active-day density stayed low,peak arrived too early,0.11053303366316568,monitor
the-dragons-lair,The Dragon's Lair,Yield,avax_core,1,1,1629,1629,78.67273,78.67273,0.0,1.0,0.0,1.0,low_tvl_on_avax,lt_10k,1.0,0,1,core_eligible,,1.0,structural_decay,1.0,3679508.0,78.0,0.9999788015136808,0.0675675675675675,-0.3305084745762712,791.0,7.876310600681664,1,1,dead,2021-09-22,terminal_global_decay,0.9781462807350008,0.9799964021740035,0.02000359782599652,critical,early drawdown stayed high,active-day density stayed low,peak arrived too early,0.9809978719480769,0.9638864549348081,0.9781462807350008,0.9799964021740035,early drawdown stayed high,active-day density stayed low,peak arrived too early,0.959559419854962,terminal_risk
the-ennead-farm,The Ennead Farm,Yield,avax_core,1,1,964,964,62.93052,3718.9872,3656.05668,0.0169214134428857,0.0,1.0,low_tvl_on_avax,lt_10k,1.0,0,1,core_eligible,,1.0,structural_decay,1.0,83703.0,62.0,0.999259285808155,0.0677966101694915,-0.3368421052631579,489.0,4.98544554327949,0,2,dead,2023-07-19,terminal_global_decay,0.9888585095762309,0.9874557497879559,0.012544250212044044,critical,early drawdown stayed high,active-day density stayed low,peak arrived too early,0.9933699468508137,0.9937144877158839,0.9888585095762309,0.9874557497879559,early drawdown stayed high,active-day density stayed low,peak arrived too early,0.9823023251007154,terminal_risk
the-seed-farm,The Seed Farm,Yield,avax_core,1,1,1531,1531,1947.86712,1947.86712,0.0,1.0,0.0,1.0,low_tvl_on_avax,lt_10k,1.0,0,1,core_eligible,,1.0,structural_decay,1.0,12252.0,1947.0,0.8410871694417238,0.0478752017213555,-0.3087295954577714,778.0,0.4976055190802673,1,1,dead,2021-12-29,terminal_global_decay,0.8862596182243536,0.9223131106728988,0.07768688932710119,critical,early drawdown stayed high,active-day density stayed low,peak arrived too early,0.9824403544852451,0.9641800174384416,0.8862596182243536,0.9223131106728988,early drawdown stayed high,active-day density stayed low,peak arrived too early,0.870697213494292,terminal_risk
thetanuts-finance,Thetanuts Finance,Yield,avax_core,1,1,1496,1496,41293.25382,867571.50266,826278.24884,0.047596369513514,6.0,1.0,active_on_avax,ge_10k,0.0,0,1,core_eligible,,1.0,structural_decay,1.0,6704453.0,41293.0,0.993840959135667,0.0686023341873043,-0.2113294753528524,769.0,2.348896683785175,0,11,alive,2021-12-23,native_revival_or_threshold_boundary,0.08089933598463994,0.9335291139117711,0.06647088608822894,stable_watch,early drawdown stayed high,active-day density stayed low,peak arrived too early,0.007160774252504545,0.016811435309286336,0.08089933598463994,0.9335291139117711,early drawdown stayed high,active-day density stayed low,peak arrived too early,0.0005793018821635241,monitor
thor-financial,Thor Financial,Yield,avax_core,1,1,572,572,0.0,0.0,0.0,0.0,0.0,1.0,low_tvl_on_avax,lt_10k,1.0,0,1,core_eligible,,1.0,structural_decay,1.0,0.0,0.0,0.0,0.0,0.0,0.0,0.0,1,1,dead,2022-02-10,terminal_global_decay,0.9948363397853373,0.9938322946803835,0.006167705319616547,critical,early drawdown stayed high,active-day density stayed low,peak arrived too early,0.9996838323353293,1.0,0.9948363397853373,0.9938322946803835,early drawdown stayed high,active-day density stayed low,peak arrived too early,0.9945218047030578,terminal_risk
thorchain-dex,Thorchain DEX,Dexs,avax_core,1,1,1065,1760,1006768.09347,65529398.338740006,64522630.24527001,0.015363609601079,12.0,1.0,active_on_avax,ge_10k,0.0,0,1,core_eligible,,1.0,resilient_or_unproven,0.0,15241273.0,1006768.0,0.9339446252291392,0.1101298609648547,-0.3091546009744047,384.0,0.7551319524946511,0,12,alive,2023-04-05,resilient_or_unproven,0.02901738038348093,0.9790573751357681,0.02094262486423198,stable_watch,early drawdown stayed high,active-day density stayed low,peak arrived too early,0.06106097681284368,,0.02901738038348093,0.9790573751357681,early drawdown stayed high,active-day density stayed low,peak arrived too early,0.001771829590765194,monitor
thorusfi,ThorusFi,Dexs,avax_core,1,1,1522,1522,12697.07777,12838.2832,141.20542999999998,0.989001221752142,1.0,1.0,active_on_avax,ge_10k,0.0,0,1,core_eligible,,1.0,structural_decay,1.0,13883583.0,12697.0,0.9990854666263024,0.0221363599774611,-0.059477075772165,788.0,4.317147413244856,0,2,alive,2022-01-07,native_revival_or_threshold_boundary,0.8714914773636078,0.9072914860556047,0.09270851394439522,critical,early drawdown stayed high,active-day density stayed low,peak arrived too early,0.08154783883304711,0.1448417921031739,0.8714914773636078,0.9072914860556047,early drawdown stayed high,active-day density stayed low,peak arrived too early,0.07106824654042161,monitor
token-mill,Token Mill,Launchpad,avax_core,1,1,238,238,40862.3777,69025.07559,28162.69789,0.5919932336288515,2.0,0.895616,active_on_avax,ge_10k,0.0,0,1,core_eligible,,0.895616,censored,,174203.0,40862.0,0.7654345791978324,0.0660561947248963,-0.3498432801387408,98.0,0.4076979423964439,0,2,alive,2025-07-14,resilient_or_unproven,0.2058949764794846,0.7672455965912425,0.14333196750477603,stable_watch,early drawdown stayed high,active-day density stayed low,peak arrived too early,0.15408869134359504,,0.2058949764794846,0.7672455965912425,early drawdown stayed high,active-day density stayed low,peak arrived too early,0.031726087479944064,monitor
tokensfarm,TokensFarm,Yield,avax_core,1,1,1411,1411,0.0,0.0,0.0,0.0,0.0,1.0,low_tvl_on_avax,lt_10k,1.0,0,1,core_eligible,,1.0,structural_decay,1.0,187.0,0.0,1.0,0.0,0.0,12.0,2.433273331748649,0,7,dead,2022-09-21,terminal_global_decay,0.8977809509742966,0.924143310796678,0.07585668920332199,critical,early drawdown stayed high,active-day density stayed low,peak arrived too early,1.0,0.9880599151704014,0.8977809509742966,0.924143310796678,early drawdown stayed high,active-day density stayed low,peak arrived too early,0.8977809509742966,terminal_risk
topshelf,TopShelf,CDP,avax_core,1,1,1543,1543,2082.26258,22824.23244,20741.96986,0.0912303441298112,1.0,1.0,low_tvl_on_avax,lt_10k,1.0,0,1,core_eligible,,1.0,structural_decay,1.0,1676453.0,2082.0,0.9987580922340202,0.0764857881136951,-0.3418641390205371,781.0,2.7302933384264314,0,3,alive,2021-12-17,terminal_global_decay,0.4811858740329392,0.6475671595902049,0.35243284040979506,elevated,early drawdown stayed high,active-day density stayed low,peak arrived too early,0.6902370837342532,0.5916720080788291,0.4811858740329392,0.6475671595902049,early drawdown stayed high,active-day density stayed low,peak arrived too early,0.33213233442661366,monitor
tornadao,Tornadao,Reserve Currency,avax_core,1,1,1555,1555,7.09314,7.09314,0.0,1.0,0.0,1.0,low_tvl_on_avax,lt_10k,1.0,0,1,core_eligible,,1.0,structural_decay,1.0,937507.0,7.0,0.999992533389084,0.1428571428571428,-0.2727272727272727,402.0,6.110686486989335,1,1,dead,2021-12-05,terminal_global_decay,0.9420148042068031,0.9532121735582844,0.04678782644171559,critical,early drawdown stayed high,active-day density stayed low,peak arrived too early,0.990263534578142,0.9822067408703528,0.9420148042068031,0.9532121735582844,early drawdown stayed high,active-day density stayed low,peak arrived too early,0.9328429096387651,terminal_risk
tornado-cash,Tornado Cash,Privacy,avax_core,1,1,1385,2274,45522.78469,474258150.5947701,474212627.81008005,9.598735337054217e-05,8.0,1.0,active_on_avax,ge_10k,0.0,0,1,core_eligible,,1.0,resilient_or_unproven,0.0,360667.0,45522.0,0.8737838504770329,0.1245800395256917,-0.3390298084880868,381.0,0.4699390926491455,0,8,alive,2022-05-24,resilient_or_unproven,0.07103191419663087,0.9319332911798279,0.06806670882017211,stable_watch,early drawdown stayed high,active-day density stayed low,peak arrived too early,0.100052655435002,,0.07103191419663087,0.9319332911798279,early drawdown stayed high,active-day density stayed low,peak arrived too early,0.007106931636004135,monitor
tranche-finance,Tranche Finance,Yield,avax_core,1,1,1466,1729,36.40441,33284.35413000001,33247.949720000004,0.0010937394145553,1.0,1.0,low_tvl_on_avax,lt_10k,1.0,0,1,core_eligible,,1.0,structural_decay,1.0,141.0,36.0,0.7446808510638298,0.0277777777777777,-0.2884615384615384,471.0,0.341153146166757,0,4,alive,2022-02-17,terminal_global_decay,0.9182670974089275,0.9404387589055433,0.05956124109445667,critical,early drawdown stayed high,active-day density stayed low,peak arrived too early,0.8651207226739379,0.8054445888692219,0.9182670974089275,0.9404387589055433,early drawdown stayed high,active-day density stayed low,peak arrived too early,0.7944118949181107,terminal_risk
treehouse-finance,TreeHouse Finance,Yield,avax_core,1,1,558,558,29.06204,29.06204,0.0,1.0,0.0,1.0,low_tvl_on_avax,lt_10k,1.0,0,1,core_eligible,,1.0,structural_decay,1.0,24967.0,29.0,0.9988384667761444,0.0,0.0344827586206896,188.0,6.221741500215235,1,1,dead,2022-02-24,terminal_global_decay,0.9920547046945922,0.9891232526186822,0.010876747381317798,critical,early drawdown stayed high,active-day density stayed low,peak arrived too early,0.9985189340813464,0.9988144227176485,0.9920547046945922,0.9891232526186822,early drawdown stayed high,active-day density stayed low,peak arrived too early,0.9905854062820291,terminal_risk
treehouse-protocol,Treehouse Protocol,DOR,avax_core,1,1,191,545,7929144.48192,153633227.21288002,145704082.73096,0.051610869769292,3.0,0.904658,active_on_avax,ge_10k,0.0,0,1,core_eligible,,0.904658,censored,,8581408.0,7929144.0,0.0760089719542527,14.712914118574943,9.300092360092648,15.0,1.420606904882578,0,3,alive,2025-08-30,resilient_or_unproven,0.13418224753065627,0.8367766307187545,0.07503539379660096,stable_watch,early drawdown stayed high,active-day density stayed low,peak arrived too early,0.11554708364000996,,0.13418224753065627,0.8367766307187545,early drawdown stayed high,active-day density stayed low,peak arrived too early,0.01550436737842926,monitor
tulipa-capital,Tulipa Capital,Risk Curators,avax_core,1,1,102,411,4165821.91345,51236727.57526,47070905.66181,0.0813053860110592,7.0,0.85589,active_on_avax,ge_10k,0.0,0,1,core_eligible,,0.85589,censored,,55361130.0,4165821.0,0.924751879161426,-0.700842781855878,-0.9143408120467872,56.0,0.5819205801400242,0,8,alive,2025-11-27,resilient_or_unproven,0.45189591970641996,0.7102183191277792,0.17019906865627693,elevated,early drawdown stayed high,active-day density stayed low,peak arrived too early,0.10072835495391963,,0.45189591970641996,0.7102183191277792,early drawdown stayed high,active-day density stayed low,peak arrived too early,0.045518732602416234,monitor
turtle-club,Turtle Club,Onchain Capital Allocator,avax_core,1,1,139,307,4395630.84407,5351172.191199999,955541.3471299995,0.8214332649019617,3.0,0.860274,active_on_avax,ge_10k,0.0,0,1,core_eligible,,0.860274,censored,,84511122.0,4395630.0,0.9479875560047588,-0.6896814661593093,-0.91116226648529,82.0,0.5682401432534941,0,3,alive,2025-10-21,resilient_or_unproven,0.14369725312333773,0.8169394724594359,0.0503729364604348,stable_watch,early drawdown stayed high,active-day density stayed low,peak arrived too early,0.08968762512419566,,0.14369725312333773,0.8169394724594359,early drawdown stayed high,active-day density stayed low,peak arrived too early,0.012887865369502568,monitor
umami-finance,Umami Finance,Yield,avax_core,1,1,548,1573,0.0,567703.66826,567703.66826,0.0,1.0,1.0,low_tvl_on_avax,lt_10k,1.0,0,1,core_eligible,,1.0,structural_decay,1.0,28723.0,0.0,1.0,0.0,0.0,38.0,2.0664115312096905,0,2,alive,2024-08-28,terminal_global_decay,0.9244738432264523,0.9084017131909133,0.09159828680908666,critical,early drawdown stayed high,active-day density stayed low,peak arrived too early,0.8066767434942116,0.6557738912000625,0.9244738432264523,0.9084017131909133,early drawdown stayed high,active-day density stayed low,peak arrived too early,0.7457515492994928,terminal_risk
uncx-network-v2,UNCX Network V2,Token Locker,avax_core,1,1,1347,1372,95614.00922,121950156.71672,121854542.7075,0.000784041708467,6.0,1.0,active_on_avax,ge_10k,0.0,0,1,core_eligible,,1.0,resilient_or_unproven,0.0,3405861.0,95614.0,0.9719266288318872,0.0064524957369318,-0.3047092017045041,395.0,1.3758319636249423,0,7,alive,2022-06-11,resilient_or_unproven,0.15298683708402258,0.8690862556083038,0.13091374439169626,stable_watch,early drawdown stayed high,active-day density stayed low,peak arrived too early,0.048304632602958114,,0.15298683708402258,0.8690862556083038,early drawdown stayed high,active-day density stayed low,peak arrived too early,0.007389972958432319,monitor
unifi,UniFi,Dexs,avax_core,1,1,1485,1611,152.67592,3593.63599,3440.96007,0.0424850820797795,0.0,1.0,low_tvl_on_avax,lt_10k,1.0,0,1,core_eligible,,1.0,structural_decay,1.0,20384.0,152.0,0.9925431711145996,0.0551724137931034,-0.2916666666666667,714.0,1.3200002463210638,0,10,dead,2022-02-11,terminal_global_decay,0.5817763063908736,0.6831965368873363,0.3168034631126638,elevated,early drawdown stayed high,active-day density stayed low,peak arrived too early,0.9605030777299135,0.88079114924023,0.5817763063908736,0.6831965368873363,early drawdown stayed high,active-day density stayed low,peak arrived too early,0.5587979328387753,elevated
uniswap-v2,Uniswap V2,Dexs,avax_core,1,1,741,2108,138405.39707,900674907.5076401,900536502.1105701,0.0001536685389104,11.0,1.0,active_on_avax,ge_10k,0.0,0,1,core_eligible,,1.0,resilient_or_unproven,0.0,296586.0,138405.0,0.5333394023993041,-0.0786201203600149,3.808435241801,238.0,0.8977791297103042,0,12,alive,2024-02-22,resilient_or_unproven,0.1447994884452238,0.8424931357736068,0.15750686422639318,stable_watch,early drawdown stayed high,active-day density stayed low,peak arrived too early,0.12825959415681262,,0.1447994884452238,0.8424931357736068,early drawdown stayed high,active-day density stayed low,peak arrived too early,0.018571923622098484,monitor
uniswap-v3,Uniswap V3,Dexs,avax_core,1,1,957,1753,4660072.41775,1588550134.9854398,1583890062.56769,0.0029335381459601,35.0,1.0,active_on_avax,ge_10k,0.0,0,1,core_eligible,,1.0,resilient_or_unproven,0.0,35280276.0,4660072.0,0.8679128247182647,0.1383412234289427,0.10038390045507,152.0,0.722521525240548,0,41,alive,2023-07-14,resilient_or_unproven,0.025077829102758294,0.9652474402860639,0.034752559713936114,stable_watch,early drawdown stayed high,active-day density stayed low,peak arrived too early,0.10357412646072704,,0.025077829102758294,0.9652474402860639,early drawdown stayed high,active-day density stayed low,peak arrived too early,0.0025974142428495887,monitor
uniswap-v4,Uniswap V4,Dexs,avax_core,1,1,401,401,593803.17141,639040871.0537,638447067.88229,0.0009292100056619,12.0,1.0,active_on_avax,ge_10k,0.0,0,1,core_eligible,,1.0,censored,,1427227.0,593803.0,0.5839463519117842,-0.0518024096000766,0.2896054763342267,21.0,0.7180046414528923,0,15,alive,2025-01-29,resilient_or_unproven,0.3264318122307688,0.8184607065459846,0.18153929345401537,stable_watch,early drawdown stayed high,active-day density stayed low,peak arrived too early,0.13703004339890051,,0.3264318122307688,0.8184607065459846,early drawdown stayed high,active-day density stayed low,peak arrived too early,0.04473096539676399,monitor
uno-farm,UNO farm,Yield Aggregator,avax_core,1,1,1121,1124,115.15543,2947.70558,2832.55015,0.0390661234220006,0.0,1.0,low_tvl_on_avax,lt_10k,1.0,0,1,core_eligible,,1.0,structural_decay,1.0,1375.0,115.0,0.9163636363636364,0.045045045045045,-0.3626373626373626,369.0,0.5967124891533578,0,4,dead,2023-02-06,terminal_global_decay,0.9199491558948187,0.9099796391014034,0.09002036089859654,critical,early drawdown stayed high,active-day density stayed low,peak arrived too early,0.9967094136906804,0.9900888981564188,0.9199491558948187,0.9099796391014034,early drawdown stayed high,active-day density stayed low,peak arrived too early,0.9169219837971612,terminal_risk
upshift,Upshift,Onchain Capital Allocator,avax_core,1,1,460,460,1346470.23376,316056390.00306,314709919.7693,0.0042602215185301,10.0,1.0,active_on_avax,ge_10k,0.0,0,1,core_eligible,,1.0,resilient_or_unproven,0.0,14099094.0,1346470.0,0.9044995373461584,0.2257259612802444,-0.5140227224986519,158.0,0.6150843202285263,0,11,alive,2024-12-04,resilient_or_unproven,0.04127756261664751,0.9506950606485328,0.0493049393514672,stable_watch,early drawdown stayed high,active-day density stayed low,peak arrived too early,0.09455208774941253,,0.04127756261664751,0.9506950606485328,early drawdown stayed high,active-day density stayed low,peak arrived too early,0.003902879722611125,monitor
vacus-finance,Vacus Finance,Yield Aggregator,avax_core,1,1,399,399,0.8179,0.8179,0.0,1.0,0.0,1.0,low_tvl_on_avax,lt_10k,1.0,0,1,core_eligible,,1.0,censored,,110452.0,0.0,1.0,0.0,-0.5,31.0,2.231862740061671,1,1,dead,2022-08-02,resilient_or_unproven,0.9131954448002391,0.9357664925778075,0.0642335074221925,critical,early drawdown stayed high,active-day density stayed low,peak arrived too early,0.9954611512683996,,0.9131954448002391,0.9357664925778075,early drawdown stayed high,active-day density stayed low,peak arrived too early,0.9090505888139042,terminal_risk
valhalladao,ValhallaDAO,Reserve Currency,avax_core,1,1,1534,1534,2e-05,2e-05,0.0,1.0,0.0,1.0,low_tvl_on_avax,lt_10k,1.0,0,1,core_eligible,,1.0,structural_decay,1.0,57523.0,0.0,1.0,0.0,0.0,12.0,10.474107151540183,1,1,dead,2021-12-26,terminal_global_decay,0.9888577591336929,0.9861493141600502,0.013850685839949728,critical,early drawdown stayed high,active-day density stayed low,peak arrived too early,0.9971658696242028,0.9964146958690625,0.9888577591336929,0.9861493141600502,early drawdown stayed high,active-day density stayed low,peak arrived too early,0.9860552073211893,terminal_risk
vapordex-v1,VaporDex V1,Dexs,avax_core,1,1,1187,1187,408553.43918,408567.64136,14.202180000022054,0.9999652390973676,1.0,1.0,active_on_avax,ge_10k,0.0,0,1,core_eligible,,1.0,resilient_or_unproven,0.0,3203044.0,408553.0,0.8724485208445466,0.0045685229262151,-0.3700734226163861,387.0,0.5135367819097664,0,3,alive,2022-12-08,resilient_or_unproven,0.14448092080470995,0.9014125044784836,0.09858749552151633,stable_watch,early drawdown stayed high,active-day density stayed low,peak arrived too early,0.09624774251324385,,0.14448092080470995,0.9014125044784836,early drawdown stayed high,active-day density stayed low,peak arrived too early,0.0139059624636881,monitor
vapordex-v2,VaporDex V2,Dexs,avax_core,1,1,872,872,18882.48581,19052.21202,169.72621000000072,0.9910915220856332,1.0,1.0,active_on_avax,ge_10k,0.0,0,1,core_eligible,,1.0,resilient_or_unproven,0.0,40743.0,18882.0,0.5365584272144909,-0.1791784394696805,-0.3213656783468104,373.0,0.3038032118424639,0,3,alive,2023-10-19,resilient_or_unproven,0.32328369853126643,0.7967942734051764,0.2032057265948236,stable_watch,early drawdown stayed high,active-day density stayed low,peak arrived too early,0.2111922404214121,,0.32328369853126643,0.7967942734051764,early drawdown stayed high,active-day density stayed low,peak arrived too early,0.06827500858453853,monitor
vaporfi,VaporFi,Yield,avax_core,1,1,1488,1488,0.0,0.0,0.0,0.0,0.0,1.0,low_tvl_on_avax,lt_10k,1.0,0,1,core_eligible,,1.0,structural_decay,1.0,0.0,0.0,0.0,0.0,0.0,0.0,0.0,1,1,dead,2022-02-10,terminal_global_decay,0.9970644175990273,0.9968193163949554,0.003180683605044651,critical,early drawdown stayed high,active-day density stayed low,peak arrived too early,0.9996838323353293,1.0,0.9970644175990273,0.9968193163949554,early drawdown stayed high,active-day density stayed low,peak arrived too early,0.9967491780705888,terminal_risk
varlamore-capital,Varlamore Capital,Risk Curators,avax_core,1,1,224,224,16.76851,125302.502,125285.73349,0.0001338242232385,2.0,0.88411,low_tvl_on_avax,lt_10k,1.0,1,1,core_eligible,,0.88411,censored,,70350756.0,16.0,0.9999997725681868,-0.999999430749982,-0.9999951788819148,1.0,1.582111168767213,0,4,alive,2025-08-15,resilient_or_unproven,0.1335557916307383,0.7862609160078373,0.11067523723536965,stable_watch,early drawdown stayed high,active-day density stayed low,peak arrived too early,0.19566495100392292,,0.1335557916307383,0.7862609160078373,early drawdown stayed high,active-day density stayed low,peak arrived too early,0.02613218742571855,monitor
vaultlayer,VaultLayer,Liquid Staking,total_only,0,1,0,265,0.0,462.57879,462.57879,0.0,0.0,0.222603,no_avax_core_history,unknown,,0,0,boundary_excluded,no_avax_core_history_total_only,0.222603,missing_avax_history,,,,,,,,,0,9,dead,,not_core_eligible,,,,,,,,,,,,,,,,not_core_eligible
vector-finance,Vector Finance,Yield,avax_core,1,1,1461,1461,23532.91419,23532.91419,0.0,1.0,1.0,1.0,active_on_avax,ge_10k,0.0,0,1,core_eligible,,1.0,resilient_or_unproven,0.0,404771939.0,23532.0,0.9999418635588768,0.0311541495048637,-0.9333342776203966,742.0,1.8894572846760247,1,1,alive,2022-03-09,resilient_or_unproven,0.1934204022122122,0.8676443876291895,0.13235561237081053,stable_watch,early drawdown stayed high,active-day density stayed low,peak arrived too early,0.027983875003298214,,0.1934204022122122,0.8676443876291895,early drawdown stayed high,active-day density stayed low,peak arrived too early,0.005412652358594212,monitor
vee-finance,Vee Finance,Lending,avax_core,1,1,1628,1628,13098.79528,13098.79528,0.0,1.0,1.0,1.0,active_on_avax,ge_10k,0.0,0,1,core_eligible,,1.0,structural_decay,1.0,126036204.0,13098.0,0.999896077479452,0.0052954719877206,-0.0370506505917812,839.0,6.178879503985828,0,2,alive,2021-09-17,native_revival_or_threshold_boundary,0.6466106721918967,0.776273489127745,0.22372651087225498,elevated,early drawdown stayed high,active-day density stayed low,peak arrived too early,0.0591593838813459,0.13212767854595384,0.6466106721918967,0.776273489127745,early drawdown stayed high,active-day density stayed low,peak arrived too early,0.03825308897797553,monitor
vertex-perps,Vertex Perps,Derivatives,avax_core,1,1,340,1097,0.0,0.0,0.0,0.0,0.0,0.986301,low_tvl_on_avax,lt_10k,1.0,0,1,core_eligible,,0.986301,censored,,11101387.0,0.0,1.0,0.0,0.0,26.0,1.7946387677581408,0,7,dead,2025-04-03,resilient_or_unproven,0.08631209483511346,0.9106620798972341,0.07668948941830717,stable_watch,early drawdown stayed high,active-day density stayed low,peak arrived too early,0.9251306841091717,,0.08631209483511346,0.9106620798972341,early drawdown stayed high,active-day density stayed low,peak arrived too early,0.07984996734170421,monitor
vesper,Vesper,Yield Aggregator,avax_core,1,1,1431,1902,0.0,35241160.95092,35241160.95092,0.0,4.0,1.0,low_tvl_on_avax,lt_10k,1.0,1,1,core_eligible,,1.0,resilient_or_unproven,0.0,4148360.0,0.0,1.0,0.0,0.0,421.0,1.330280493307979,0,5,alive,2022-04-21,avax_side_decay_but_globally_alive,0.1991186963370689,0.740171998322197,0.259828001677803,stable_watch,early drawdown stayed high,active-day density stayed low,peak arrived too early,0.07101826794440774,0.13450973859375337,0.1991186963370689,0.740171998322197,early drawdown stayed high,active-day density stayed low,peak arrived too early,0.014141064929207121,monitor
vfat.io,vfat.io,Yield Aggregator,avax_core,1,1,210,638,1069456.26294,34946418.47856,33876962.21562,0.030602742984839,14.0,0.915068,active_on_avax,ge_10k,0.0,0,1,core_eligible,,0.915068,censored,,47372882.0,1069456.0,0.9774247215949412,-0.0521846714506899,-0.7845419615105355,109.0,1.0253643531851853,0,18,alive,2025-07-22,resilient_or_unproven,0.13352553306611764,0.7743476211098828,0.15378133525608723,stable_watch,early drawdown stayed high,active-day density stayed low,peak arrived too early,0.06516919342298536,,0.13352553306611764,0.7743476211098828,early drawdown stayed high,active-day density stayed low,peak arrived too early,0.008701751291293048,monitor
vikingsfinance,VikingsFinance,Reserve Currency,avax_core,1,1,638,638,0.0,0.0,0.0,0.0,0.0,1.0,low_tvl_on_avax,lt_10k,1.0,0,1,core_eligible,,1.0,structural_decay,1.0,1783693.0,0.0,1.0,0.0,0.0,27.0,3.943678985313118,1,1,dead,2021-12-06,terminal_global_decay,0.9715822549117057,0.9666434112322926,0.03335658876770741,critical,early drawdown stayed high,active-day density stayed low,peak arrived too early,1.0,0.9997170095333667,0.9715822549117057,0.9666434112322926,early drawdown stayed high,active-day density stayed low,peak arrived too early,0.9715822549117057,terminal_risk
volta-club,Volta Club,Reserve Currency,avax_core,1,1,1647,1647,0.0,0.0,0.0,0.0,0.0,1.0,low_tvl_on_avax,lt_10k,1.0,0,1,core_eligible,,1.0,structural_decay,1.0,0.0,0.0,0.0,0.0,0.0,0.0,0.0,0,2,dead,2021-09-04,terminal_global_decay,0.9965152624444537,0.9965161678616007,0.003483832138399322,critical,early drawdown stayed high,active-day density stayed low,peak arrived too early,0.9996838323353293,0.9995091363230143,0.9965152624444537,0.9965161678616007,early drawdown stayed high,active-day density stayed low,peak arrived too early,0.9962001965411179,terminal_risk
volta-dao,Volta DAO,Reserve Currency,avax_core,1,1,1482,1482,0.0,0.0,0.0,0.0,0.0,1.0,low_tvl_on_avax,lt_10k,1.0,0,1,core_eligible,,1.0,structural_decay,1.0,0.0,0.0,0.0,0.0,0.0,0.0,0.0,0,2,dead,2022-02-16,terminal_global_decay,0.9972647081219097,0.9975228354497282,0.0024771645502717735,critical,early drawdown stayed high,active-day density stayed low,peak arrived too early,0.9996838323353293,1.0,0.9972647081219097,0.9975228354497282,early drawdown stayed high,active-day density stayed low,peak arrived too early,0.9969494052680843,terminal_risk
voltz,Voltz,Derivatives,avax_core,1,1,998,1376,740.00271,236171.84293,235431.84022,0.0031333231803561,2.0,1.0,low_tvl_on_avax,lt_10k,1.0,1,1,core_eligible,,1.0,structural_decay,1.0,371600.0,740.0,0.9980086114101184,0.0013513513513513,-0.0080321285140562,233.0,2.042882753726869,0,3,alive,2023-06-15,multichain_relocation,0.12711969191971154,0.9101036288827873,0.0898963711172127,stable_watch,early drawdown stayed high,active-day density stayed low,peak arrived too early,0.07473140501239328,0.19752223479588146,0.12711969191971154,0.9101036288827873,early drawdown stayed high,active-day density stayed low,peak arrived too early,0.00949983318190262,monitor
vortex-dao,Vortex DAO,Reserve Currency,avax_core,1,1,861,861,0.0,0.0,0.0,0.0,0.0,1.0,low_tvl_on_avax,lt_10k,1.0,0,1,core_eligible,,1.0,structural_decay,1.0,1729229.0,0.0,1.0,0.0,0.0,186.0,5.598129570237493,1,1,dead,2021-12-19,terminal_global_decay,0.9629545800744119,0.973029823782536,0.026970176217464017,critical,early drawdown stayed high,active-day density stayed low,peak arrived too early,1.0,0.9988302170805367,0.9629545800744119,0.973029823782536,early drawdown stayed high,active-day density stayed low,peak arrived too early,0.9629545800744119,terminal_risk
waterfall-defi,Waterfall DeFi,Yield Aggregator,avax_core,1,1,1426,1426,9479.12985,20557.06432,11077.934469999998,0.4611130121715745,1.0,1.0,low_tvl_on_avax,lt_10k,1.0,0,1,core_eligible,,1.0,resilient_or_unproven,0.0,5359904.0,9479.0,0.9982314981760868,0.0738559130040779,-0.3402463636996311,753.0,0.9039741683217178,0,2,alive,2022-04-13,resilient_or_unproven,0.166131393436027,0.8595136908076396,0.1404863091923604,stable_watch,early drawdown stayed high,active-day density stayed low,peak arrived too early,0.3529269966785816,,0.166131393436027,0.8595136908076396,early drawdown stayed high,active-day density stayed low,peak arrived too early,0.05863225373940483,monitor
whaleswap,WhaleSwap,Dexs,avax_core,1,1,1166,1341,132.29747,1618.0127699999998,1485.7152999999998,0.0817654053496747,0.0,1.0,low_tvl_on_avax,lt_10k,1.0,0,1,core_eligible,,1.0,structural_decay,1.0,341.0,132.0,0.6129032258064516,0.0390625,-0.24,214.0,0.2974467291860893,0,7,dead,2022-12-28,terminal_global_decay,0.854304051224745,0.9053216224193712,0.09467837758062886,critical,early drawdown stayed high,active-day density stayed low,peak arrived too early,0.9848720111176383,0.9821410676083334,0.854304051224745,0.9053216224193712,early drawdown stayed high,active-day density stayed low,peak arrived too early,0.8413801490356605,terminal_risk
wolf-safe-poor-people,Wolf Safe Poor People,Yield,total_only,0,1,0,1302,0.0,0.0,0.0,0.0,0.0,0.25,no_avax_core_history,unknown,,0,0,boundary_excluded,no_avax_core_history_total_only,0.25,missing_avax_history,,,,,,,,,0,4,dead,,not_core_eligible,,,,,,,,,,,,,,,,not_core_eligible
wombat-exchange,Wombat Exchange,Dexs,avax_core,1,1,845,1411,52075.96555,3470664.07475,3418588.1092000003,0.0150046113448047,4.0,1.0,active_on_avax,ge_10k,0.0,0,1,core_eligible,,1.0,resilient_or_unproven,0.0,13531990.0,52075.0,0.9961517116107832,0.0976540269375882,-0.4750297385027924,354.0,1.0566116220188593,0,7,alive,2023-11-15,resilient_or_unproven,0.04472181512288767,0.9680177641137175,0.031982235886282406,stable_watch,early drawdown stayed high,active-day density stayed low,peak arrived too early,0.05288207579749398,,0.04472181512288767,0.9680177641137175,early drawdown stayed high,active-day density stayed low,peak arrived too early,0.002364982417130058,monitor
woofi-earn,WOOFi Earn,Yield,avax_core,1,1,1210,1210,1110069.05679,6544639.58649,5434570.5297,0.1696150020363992,8.0,1.0,active_on_avax,ge_10k,0.0,0,1,core_eligible,,1.0,resilient_or_unproven,0.0,15226357.0,1110069.0,0.9270955619916176,0.0336386254776785,-0.0565555058838327,230.0,0.8135394925552994,0,9,alive,2022-11-15,resilient_or_unproven,0.05325387707470583,0.9548309587810421,0.04516904121895792,stable_watch,early drawdown stayed high,active-day density stayed low,peak arrived too early,0.0632092377465305,,0.05325387707470583,0.9548309587810421,early drawdown stayed high,active-day density stayed low,peak arrived too early,0.0033661369769395913,monitor
woofi-swap,WOOFi Swap,Dexs,avax_core,1,1,1459,1474,1130115.64295,5826395.474,4696279.83105,0.1939648017360106,12.0,1.0,active_on_avax,ge_10k,0.0,0,1,core_eligible,,1.0,resilient_or_unproven,0.0,10378854.0,1130115.0,0.8911137009924217,0.2025670575140489,-0.2184547462589955,665.0,0.563786981274931,0,16,alive,2022-03-11,resilient_or_unproven,0.17399510072224755,0.8029972571975648,0.19700274280243527,stable_watch,early drawdown stayed high,active-day density stayed low,peak arrived too early,0.061972168443722914,,0.17399510072224755,0.8029972571975648,early drawdown stayed high,active-day density stayed low,peak arrived too early,0.010782853690341659,monitor
wowswap,WOWswap,Dexs,avax_core,1,1,1489,1489,2890.69776,37734.42842,34843.73066,0.0766063746302268,1.0,1.0,low_tvl_on_avax,lt_10k,1.0,0,1,core_eligible,,1.0,resilient_or_unproven,0.0,459726.0,2890.0,0.9937136468244128,0.0101327742837176,-0.0219891745602165,755.0,2.2024683790537467,0,8,alive,2022-02-09,resilient_or_unproven,0.2384562291668493,0.8321488832163207,0.16785111678367928,stable_watch,early drawdown stayed high,active-day density stayed low,peak arrived too early,0.5680957734949422,,0.2384562291668493,0.8321488832163207,early drawdown stayed high,active-day density stayed low,peak arrived too early,0.13546597595322846,monitor
xave-finance,Xave Finance,Dexs,avax_core,1,1,857,857,11877.3828,149710.1343,137832.7515,0.0793358636376562,2.0,1.0,active_on_avax,ge_10k,0.0,0,1,core_eligible,,1.0,resilient_or_unproven,0.0,1487310.0,11877.0,0.99201444218085,0.0209730101426852,0.0278643129110418,419.0,1.3552336262468807,0,3,alive,2023-11-02,resilient_or_unproven,0.3890030649075475,0.705821990380472,0.294178009619528,stable_watch,early drawdown stayed high,active-day density stayed low,peak arrived too early,0.05771698437024475,,0.3890030649075475,0.705821990380472,early drawdown stayed high,active-day density stayed low,peak arrived too early,0.022452083817246223,monitor
xdollar,xDollar,CDP,avax_core,1,1,1453,1732,3287.01717,98636.77359,95349.75642,0.0333244595333483,2.0,1.0,low_tvl_on_avax,lt_10k,1.0,0,1,core_eligible,,1.0,structural_decay,1.0,1383747.0,3287.0,0.9976245657623828,0.0787401574803149,-0.3352203801051354,734.0,3.5385120189190937,0,5,alive,2021-08-31,terminal_global_decay,0.7508825923697645,0.7939853906746182,0.2060146093253818,critical,early drawdown stayed high,active-day density stayed low,peak arrived too early,0.5809280184025772,0.43846881645218144,0.7508825923697645,0.7939853906746182,early drawdown stayed high,active-day density stayed low,peak arrived too early,0.43620873643835745,elevated
xsy,XSY,Basis Trading,avax_core,1,1,277,277,20974668.99613,20974668.99613,0.0,1.0,1.0,0.927671,active_on_avax,ge_10k,0.0,0,1,core_eligible,,0.927671,censored,,37989380.0,20974668.0,0.4478807498306105,-0.0013958302297559,-0.000197199020764,116.0,0.2939106746659726,1,1,alive,2025-06-05,resilient_or_unproven,0.415220680370866,0.6203728727973529,0.3312576626871458,stable_watch,early drawdown stayed high,active-day density stayed low,peak arrived too early,0.2515837534479824,,0.415220680370866,0.6203728727973529,early drawdown stayed high,active-day density stayed low,peak arrived too early,0.10446277727692746,monitor
yel-finance,Yel Finance,Yield,avax_core,1,1,267,1602,87.00594,15072.15634,14985.150400000002,0.0057726272231594,1.0,0.946301,low_tvl_on_avax,lt_10k,1.0,0,1,core_eligible,,0.946301,censored,,69697.0,87.0,0.9987517396731568,0.0114942528735632,-0.0222222222222222,75.0,2.644138728928617,0,8,alive,2025-06-15,resilient_or_unproven,0.9625311133098412,0.9070304834581863,0.04149896971662683,critical,early drawdown stayed high,active-day density stayed low,peak arrived too early,0.8352332370195349,,0.9625311133098412,0.9070304834581863,early drawdown stayed high,active-day density stayed low,peak arrived too early,0.8039379775017954,terminal_risk
yeti-finance,Yeti Finance,CDP,avax_core,1,1,884,884,0.0,0.0,0.0,0.0,0.0,1.0,low_tvl_on_avax,lt_10k,1.0,0,1,core_eligible,,1.0,structural_decay,1.0,739903639.0,0.0,1.0,0.0,0.0,454.0,2.5309995865668835,1,1,dead,2022-04-19,terminal_global_decay,0.8221225166172039,0.8289008026724417,0.1710991973275583,critical,early drawdown stayed high,active-day density stayed low,peak arrived too early,0.9937139014798113,0.9849497039139529,0.8221225166172039,0.8289008026724417,early drawdown stayed high,active-day density stayed low,peak arrived too early,0.8169545734820827,terminal_risk
yetiswap,YetiSwap,Dexs,avax_core,1,1,1788,1788,9658.23658,9658.23658,0.0,1.0,0.0,1.0,low_tvl_on_avax,lt_10k,1.0,0,1,core_eligible,,1.0,resilient_or_unproven,0.0,2987383.0,9658.0,0.996767070040902,0.0843062415806017,-0.2966064666472473,840.0,1.787782177914136,1,1,dead,2021-04-15,resilient_or_unproven,0.5015876894698392,0.7087787148033036,0.2912212851966965,elevated,early drawdown stayed high,active-day density stayed low,peak arrived too early,0.8281894947185351,,0.5015876894698392,0.7087787148033036,early drawdown stayed high,active-day density stayed low,peak arrived too early,0.41540965509906363,elevated
yield-yak-aggregator,Yield Yak Aggregator,Yield Aggregator,avax_core,1,1,1568,1568,12026123.84262,15153614.36674,3127490.5241199997,0.793614219787433,2.0,1.0,active_on_avax,ge_10k,0.0,0,1,core_eligible,,1.0,resilient_or_unproven,0.0,755673925.0,12026123.0,0.984085565741864,-0.0334898812834665,-0.3634539418473058,771.0,1.7455698474774344,0,3,alive,2021-08-21,resilient_or_unproven,0.06388330522146872,0.9420636465922622,0.057936353407737874,stable_watch,early drawdown stayed high,active-day density stayed low,peak arrived too early,0.026062354285122175,,0.06388330522146872,0.9420636465922622,early drawdown stayed high,active-day density stayed low,peak arrived too early,0.0016649493335865132,monitor
yield-yak-staked-avax,Yield Yak Staked Avax,Liquid Staking,avax_core,1,1,1227,1227,471795.613,471795.613,0.0,1.0,1.0,1.0,active_on_avax,ge_10k,0.0,0,1,core_eligible,,1.0,resilient_or_unproven,0.0,4195352.0,471795.0,0.8875434051779207,0.1245903124232766,-0.3353132281960321,433.0,0.5521849127782092,1,1,alive,2022-10-29,resilient_or_unproven,0.1588176127358468,0.8389289988410136,0.16107100115898648,stable_watch,early drawdown stayed high,active-day density stayed low,peak arrived too early,0.07998301720647144,,0.1588176127358468,0.8389289988410136,early drawdown stayed high,active-day density stayed low,peak arrived too early,0.012702711852141953,monitor
yieldfi,YieldFi,Yield Aggregator,avax_core,1,1,193,415,23431.38964,20293894.1043,20270462.71466,0.0011546029322699,8.0,0.905753,active_on_avax,ge_10k,0.0,0,1,core_eligible,,0.905753,censored,,9150146.0,23431.0,0.99743927583232,8.536064874093044e-05,-0.1503988397389412,38.0,1.5903126522197368,0,13,alive,2025-08-19,resilient_or_unproven,0.37093655639495604,0.6946475308033067,0.2330717857922561,stable_watch,early drawdown stayed high,active-day density stayed low,peak arrived too early,0.07096404076121207,,0.37093655639495604,0.6946475308033067,early drawdown stayed high,active-day density stayed low,peak arrived too early,0.0263231569078353,monitor
yieldwolf,YieldWolf,Yield,avax_core,1,1,1506,1506,38536.26182,60976.89712,22440.635299999994,0.6319813509723566,1.0,1.0,active_on_avax,ge_10k,0.0,0,1,core_eligible,,1.0,structural_decay,1.0,4537259.0,38536.0,0.9915067665301892,0.0519749952228864,-0.2104529902272122,772.0,2.227489639475976,0,7,alive,2022-01-17,native_revival_or_threshold_boundary,0.1595790859501255,0.862676646744803,0.13732335325519696,stable_watch,early drawdown stayed high,active-day density stayed low,peak arrived too early,0.039911477501367316,0.05754043943048788,0.1595790859501255,0.862676646744803,early drawdown stayed high,active-day density stayed low,peak arrived too early,0.006369037098587195,monitor
zabu-finance,Zabu Finance,Yield Aggregator,avax_core,1,1,1656,1656,5515.19518,5515.19518,0.0,1.0,0.0,1.0,low_tvl_on_avax,lt_10k,1.0,0,1,core_eligible,,1.0,structural_decay,1.0,15316257.0,5515.0,0.9996399250809124,-0.0322807017543859,-0.2437619961612284,862.0,8.776000425266089,1,1,dead,2021-08-26,terminal_global_decay,0.9388653485876777,0.9560706393527856,0.043929360647214435,critical,early drawdown stayed high,active-day density stayed low,peak arrived too early,0.9530493744606606,0.9532350276355758,0.9388653485876777,0.9560706393527856,early drawdown stayed high,active-day density stayed low,peak arrived too early,0.8947850331742763,terminal_risk
zerobase-cedefi,ZEROBASE CeDeFi,Basis Trading,avax_core,1,1,278,278,15792.91349,56395536.11088,56379743.197390005,0.000280038360819,7.0,0.928493,active_on_avax,ge_10k,0.0,0,1,core_eligible,,0.928493,censored,,128583.0,15792.0,0.8771843867385268,-0.0985730593607305,-0.1520081615120274,59.0,0.7665222696588242,0,7,alive,2025-06-04,resilient_or_unproven,0.8034534138831804,0.7959342999732878,0.1427675814752639,critical,early drawdown stayed high,active-day density stayed low,peak arrived too early,0.2330539055043056,,0.8034534138831804,0.7959342999732878,early drawdown stayed high,active-day density stayed low,peak arrived too early,0.18724795599624244,monitor
zeroshift,ZeroShift,Reserve Currency,avax_core,1,1,1506,1506,0.0,0.0,0.0,0.0,0.0,1.0,low_tvl_on_avax,lt_10k,1.0,0,1,core_eligible,,1.0,structural_decay,1.0,491368.0,0.0,1.0,0.0,0.0,17.0,6.873905526017337,1,1,dead,2022-01-23,terminal_global_decay,0.9724151853633618,0.9664341008665602,0.03356589913343972,critical,early drawdown stayed high,active-day density stayed low,peak arrived too early,1.0,0.9984574606923321,0.9724151853633618,0.9664341008665602,early drawdown stayed high,active-day density stayed low,peak arrived too early,0.9724151853633618,terminal_risk
zeroswap,ZeroSwap,Dexs,total_only,0,1,0,1360,0.0,0.0,0.0,0.0,0.0,0.25,no_avax_core_history,unknown,,0,0,boundary_excluded,no_avax_core_history_total_only,0.25,missing_avax_history,,,,,,,,,0,4,dead,,not_core_eligible,,,,,,,,,,,,,,,,not_core_eligible
zkex,ZKEX,Dexs,avax_core,1,1,724,724,0.03117,2.04651,2.01534,0.0152308075699605,0.0,1.0,low_tvl_on_avax,lt_10k,1.0,0,1,core_eligible,,1.0,structural_decay,1.0,6222.0,0.0,1.0,0.0,0.0,150.0,2.3375424750842773,0,9,dead,2024-03-15,terminal_global_decay,0.9181916038991522,0.9284666493551744,0.07153335064482559,critical,early drawdown stayed high,active-day density stayed low,peak arrived too early,0.9959918329700759,0.9750936715651702,0.9181916038991522,0.9284666493551744,early drawdown stayed high,active-day density stayed low,peak arrived too early,0.9145113385852505,terminal_risk
zookeeper,Zookeeper,Yield,avax_core,1,1,1418,1774,0.0,0.0,0.0,0.0,0.0,1.0,low_tvl_on_avax,lt_10k,1.0,0,1,core_eligible,,1.0,resilient_or_unproven,0.0,2056807.0,0.0,1.0,0.0,0.0,246.0,1.4494149514184176,0,2,dead,2022-04-15,resilient_or_unproven,0.17563416101118456,0.8278536615410174,0.1721463384589826,stable_watch,early drawdown stayed high,active-day density stayed low,peak arrived too early,0.9331492761430712,,0.17563416101118456,0.8278536615410174,early drawdown stayed high,active-day density stayed low,peak arrived too early,0.1638928902135825,monitor
