launch_trim_days,lifecycle_days,early_window_days_observed,data_points,log_start_tvl,log_peak_tvl,log_end_tvl,log_median_tvl,retention_ratio,drawdown_ratio,peak_day_frac,peak_day_ratio_by_span,auc_norm,slope_total_log,slope_post_log,vol_log_ret,mean_log_ret,downside_log_ret,crash_15_count,rebound_15_count,nonzero_day_frac,active_day_frac,stable_band_frac,rolling7_end_vs_peak,peak_to_median_log_gap,slug,name,category,current_status,structural_decay_label_v2,structural_decay_target_v2,history_source_mode,data_quality_score_v2,core_eligible,core_universe_status
0.0,1860.0,90.0,91.0,4.8283137373023015,17.954397545313903,16.237502523033978,16.224555981597867,0.17963607238624937,0.8203770046938166,0.4888888888888889,0.4888888888888889,0.9126364420515942,0.00013797904241699278,0.0014738730975123369,0.8817885829695304,0.1036527527079862,0.1775129388904926,3.0,14.0,1.0,0.989010989010989,0.8681318681318682,0.9102208393839634,1.729841563716036,0.exchange,0.exchange,Dexs,active_on_avax,structural_decay,1.0,avax_core,1.0,1,core_eligible
3.0,1192.0,90.0,91.0,11.89097141350137,12.427105971885023,10.731537060559845,11.89097141350137,0.1867514133316299,0.8165084658799384,0.2,0.2,0.9408882068658472,-0.016455153724748053,-0.02447278259708923,0.08511451048243962,-0.012882603921572509,0.05920245294577593,5.0,2.0,1.0,1.0,0.6593406593406593,0.8725236882246226,0.5361345583836528,0x-nodes,0x NODES,Yield Aggregator,low_tvl_on_avax,structural_decay,1.0,avax_core,1.0,1,core_eligible
0.0,1051.0,90.0,91.0,0.0,0.6931471805599453,0.0,0.0,0.999000999000999,1.0,0.0,0.0,0.0,0.0,0.0,0.0,0.0,0.0,0.0,0.0,0.0,0.0,1.0,1.0,0.6931471805599453,2pi-network,2Pi Network,Yield,low_tvl_on_avax,structural_decay,1.0,avax_core,1.0,1,core_eligible
0.0,236.0,90.0,91.0,13.84980569884023,15.667292899366307,14.75413326465611,15.014023685340774,0.40134827038349924,0.5987456923099138,0.07777777777777778,0.07777777777777778,0.9566881451896072,0.0036399144560927688,0.0008486330742349795,0.13070853092061005,0.010048084064620887,0.07005270524368844,4.0,5.0,1.0,1.0,0.8901098901098901,0.9746238598135246,0.6532692140255332,40-acres,40 Acres,Lending,active_on_avax,censored,,avax_core,0.929863,1,core_eligible
0.0,1604.0,90.0,87.0,8.698013622083925,8.870382066070137,5.948034989180646,6.139884552226255,0.1702599482567451,0.9463256990304904,0.38372093023255816,0.36666666666666664,0.7979083762992064,-0.04410553476328275,-0.003411368934755947,0.2116347673850076,-0.02080533538103145,0.21027823679728538,1.0,0.0,1.0,0.0,0.6091954022988506,0.6711912119839052,2.730497513843882,88mph,88mph,Lending,low_tvl_on_avax,structural_decay,1.0,avax_core,1.0,1,core_eligible
14.0,1615.0,90.0,91.0,20.24954059668939,22.022530888370426,21.891990073501837,21.847264615465157,0.8776207055887171,0.12237932778805262,0.5555555555555556,0.5555555555555556,0.9865633780712276,0.008120646835367637,-0.0022413960390409433,0.07491011848444197,0.018249438631249424,0.019986241911862462,0.0,2.0,1.0,1.0,0.7912087912087912,0.9946300808351719,0.17526627290526875,aave-v2,Aave V2,Lending,active_on_avax,structural_decay,1.0,avax_core,1.0,1,core_eligible
3.0,1452.0,90.0,91.0,13.20678540492022,21.06418761679434,20.619436529501826,20.630345825213222,0.6409840602376328,0.35901619506381854,0.9444444444444444,0.9444444444444444,0.8855948154762028,0.09135733932708899,-0.09471077975504676,0.39986995045817214,0.08236279027312896,0.04965532024907791,3.0,7.0,1.0,1.0,0.6263736263736264,0.9940343523343753,0.43384179158111635,aave-v3,Aave V3,Lending,active_on_avax,resilient_or_unproven,0.0,avax_core,1.0,1,core_eligible
0.0,559.0,90.0,91.0,13.834438292849756,15.655889224366785,15.655889224366785,14.252307006471986,1.0,0.0,1.0,1.0,0.9145540923706474,0.020114304867667455,0.0,0.08257037917646042,0.020238343683522547,0.03568719581402442,0.0,9.0,1.0,1.0,0.6923076923076923,1.0,1.4035822178947992,abacus,Abacus,Governance Incentives,low_tvl_on_avax,structural_decay,1.0,avax_core,1.0,1,core_eligible
133.0,1255.0,90.0,91.0,2.995732273553991,11.213292261398694,11.207635954031296,7.246368080102461,0.9944346807264206,0.005640416689156366,0.9888888888888889,0.9888888888888889,0.6914946506758592,0.10955383538014105,0.0,0.22903541496544028,0.04776534638573418,0.06400789094100286,3.0,10.0,1.0,0.45054945054945056,0.37362637362637363,1.0,3.966924181296233,aboard-exchange,Aboard Exchange,Derivatives,low_tvl_on_avax,resilient_or_unproven,0.0,avax_core,1.0,1,core_eligible
0.0,1632.0,90.0,90.0,13.99106426443749,20.13957616728594,20.121146825089173,19.266521358787127,0.9817394723951534,0.018260560339407938,0.9550561797752809,0.9555555555555556,0.9214905505280467,0.05812424154679657,0.00433718891374113,0.3419058138319675,0.06887733214215375,0.047803565623084986,3.0,13.0,1.0,1.0,0.8444444444444444,1.0,0.8748146711343061,abracadabra-spell,Abracadabra Spell,CDP,active_on_avax,structural_decay,1.0,avax_core,1.0,1,core_eligible
0.0,1343.0,90.0,91.0,11.881781912211006,12.597641648446226,11.719923374059755,12.009747494498253,0.4176966169124062,0.5842715617912587,0.5666666666666667,0.5666666666666667,0.9541849740575907,0.0025229379238191603,-0.010736732220679201,0.09882975912475264,-0.0017984282016805587,0.0682868983369928,4.0,6.0,1.0,1.0,0.6043956043956044,0.9493105867745492,0.587894153947973,acryptos,ACryptoS,Liquidity Manager,active_on_avax,resilient_or_unproven,0.0,avax_core,1.0,1,core_eligible
0.0,654.0,90.0,91.0,14.079595648652969,14.131973217305207,0.0,0.0,0.0007281921029022824,1.0,0.06666666666666667,0.06666666666666667,0.2596879256613718,-0.17706724771293572,-0.16244514666641846,0.5789478500370462,-0.07967600965930832,0.577675561365676,3.0,1.0,0.27472527472527475,0.27472527472527475,0.7252747252747253,7.102476192708777e-08,14.131973217305207,agarthadao,AgarthaDAO,Reserve Currency,low_tvl_on_avax,structural_decay,1.0,avax_core,1.0,1,core_eligible
0.0,305.0,90.0,91.0,5.003946305945459,5.081404364984463,4.912654885736052,4.912654885736052,0.978448275862069,0.15625,0.022222222222222223,0.022222222222222223,0.9703047776880628,-0.0021323756814824097,-0.0021656324493666865,0.0,0.0,0.0,0.0,0.0,1.0,0.0,0.5934065934065934,0.9718459288131935,0.16874947924841077,ajna-v2,Ajna V2,Lending,low_tvl_on_avax,censored,,avax_core,0.967671,1,core_eligible
0.0,1500.0,90.0,91.0,12.24177757015095,14.026379078402872,10.7141732944266,12.43738672696968,0.037214677090574216,0.9635650646406678,0.35555555555555557,0.35555555555555557,0.8798294904381542,-0.029536171578837082,-0.05994305089767846,0.1762078458593799,-0.01697338084138167,0.13188956183921083,7.0,6.0,1.0,1.0,0.5604395604395604,0.7676943605127228,1.588992351433193,alligator,Alligator,Dexs,low_tvl_on_avax,structural_decay,1.0,avax_core,1.0,1,core_eligible
0.0,1530.0,90.0,91.0,10.897424276099398,10.897424276099398,3.8066624897703196,3.8066624897703196,0.018969401846064396,0.9991857280331631,0.0,0.0,0.3567782827133188,-0.00509787084080064,-0.00509787084080064,0.4181003641630182,-0.04431854996426864,0.4181003641630182,1.0,0.0,1.0,0.01098901098901099,0.989010989010989,0.3493176959991846,7.090761786329079,amogus-dao,Amogus DAO,Reserve Currency,low_tvl_on_avax,structural_decay,1.0,avax_core,1.0,1,core_eligible
0.0,568.0,90.0,91.0,17.723196813270718,19.16253096107672,11.352580640979642,17.991655559067972,0.00041043380606449286,0.9995943265590145,0.4666666666666667,0.4666666666666667,0.8256157843204524,-0.10607244874493707,-0.1655410759048459,0.3200867565818717,-0.07078462413656751,0.304814652922397,13.0,5.0,1.0,1.0,0.5824175824175825,0.5932824804594249,1.1708754020087468,anchor,Anchor,Lending,low_tvl_on_avax,structural_decay,1.0,avax_core,1.0,1,core_eligible
0.0,1108.0,90.0,91.0,2.70805020110221,10.839953391346915,4.912654885736052,2.772588722239781,0.021819370218001462,0.9973538751029049,0.18888888888888888,0.18888888888888888,0.2903703228972755,0.005143735531126343,0.006177938245761145,0.5055527165507093,0.0,0.2907566083541625,2.0,1.0,0.989010989010989,0.02197802197802198,0.8791208791208791,0.8306404016450292,8.067364669107134,angle,Angle,CDP,low_tvl_on_avax,structural_decay,1.0,avax_core,1.0,1,core_eligible
0.0,1453.0,90.0,90.0,13.45134189180838,13.83337012226504,12.128208396624684,13.474916337628772,0.18254517334809262,0.8182578124769774,0.25842696629213485,0.26666666666666666,0.9579450496641339,-0.017812843275579037,-0.025660005371152757,0.07561630695253917,-0.01486666848521006,0.0580248012901215,3.0,1.0,1.0,1.0,0.6222222222222222,0.9004007470728501,0.35872527395736675,ankr,Ankr,Liquid Staking,active_on_avax,resilient_or_unproven,0.0,avax_core,1.0,1,core_eligible
0.0,1277.0,90.0,91.0,7.055312843339752,9.373224234877663,9.013960457931187,7.121252453244542,0.7218045112781954,0.3018354860639021,0.6555555555555556,0.6555555555555556,0.8466890994139952,0.033045492797373094,-0.006520071616498749,0.24609329289357615,0.021762751273238172,0.030727310173394643,1.0,2.0,1.0,0.14285714285714285,0.5384615384615384,0.9648823501710672,2.251971781633121,ante-finance,Ante Finance,Insurance,low_tvl_on_avax,structural_decay,1.0,avax_core,1.0,1,core_eligible
0.0,780.0,90.0,91.0,10.665134149520766,13.505805074099696,12.85396615116441,12.825110315473676,0.5217378876272354,0.47891399581823785,0.6222222222222222,0.6222222222222222,0.9520012571188396,0.008041785278611569,-0.010673112167634573,0.16690331649806683,0.024320355573818276,0.03709521547157252,1.0,4.0,1.0,1.0,0.8351648351648352,0.9729374970903034,0.6806947586260197,antfarm-finance,Antfarm finance,Liquidity Manager,active_on_avax,resilient_or_unproven,0.0,avax_core,1.0,1,core_eligible
0.0,1487.0,90.0,91.0,10.296340122593449,10.38612972782783,9.607638890751288,10.153934938377683,0.4752739028916961,0.54091834845399,0.5666666666666667,0.5666666666666667,0.9762220811531017,-0.0032305347530906877,-0.015958908050579354,0.05684573902496787,-0.00765223590935735,0.03613502446990953,1.0,1.0,1.0,1.0,0.7802197802197802,0.9432269224934215,0.2321947894501477,antimatter,Antimatter,Options,low_tvl_on_avax,structural_decay,1.0,avax_core,1.0,1,core_eligible
0.0,1237.0,90.0,91.0,12.099528095847303,15.106942988801011,14.916211663534593,14.491815704344049,0.8264022491936643,0.1736454688065645,0.8888888888888888,0.8888888888888888,0.9085840091716815,0.04590576975961468,-0.01932892789568667,0.21629150486036533,0.031296484085414335,0.0735472973770367,4.0,7.0,1.0,1.0,0.5934065934065934,0.9869572260889447,0.6151272844569622,aperture-lm,Aperture LM,Liquidity Manager,active_on_avax,structural_decay,1.0,avax_core,1.0,1,core_eligible
0.0,557.0,90.0,91.0,11.473519134591136,12.548438196695022,12.384975866465643,12.027842706639472,0.8497314738160436,0.15080204790274593,0.011111111111111112,0.011111111111111112,0.9590582273030405,-0.004449562409587563,-0.0050198950434335535,0.1283928156739686,0.010127297020827855,0.028690276979800595,0.0,4.0,1.0,1.0,0.6153846153846154,0.9788386402497711,0.5205954900555501,apex-defi,Apex DeFi,Dexs,active_on_avax,resilient_or_unproven,0.0,avax_core,1.0,1,core_eligible
0.0,895.0,90.0,91.0,11.91415494880672,12.32060150319926,6.551080335043404,11.859277308585886,0.0075421275991263735,0.9968831933222752,0.7888888888888889,0.7888888888888889,0.952721823311333,-0.009665185128041423,-0.14312579224626124,0.566909193022192,-0.05561555743879444,0.541833641577394,7.0,10.0,1.0,0.978021978021978,0.978021978021978,0.84437767685581,0.4613241946133737,apex-pro,ApeX Pro,Derivatives,low_tvl_on_avax,resilient_or_unproven,0.0,avax_core,1.0,1,core_eligible
0.0,384.0,90.0,91.0,11.657069098050288,11.674074456531383,6.261491684321042,6.654152520183219,0.012853947757100056,0.9955483678767503,0.011111111111111112,0.011111111111111112,0.6824976090249133,-0.0662346464680283,-0.06570357373182792,0.34472319596210466,-0.05275904798594519,0.3438597728602262,3.0,0.0,1.0,0.2857142857142857,0.7142857142857143,0.5437065748353634,5.0199219363481635,apexswap,ApexSwap,Dexs,low_tvl_on_avax,censored,,avax_core,0.985205,1,core_eligible
0.0,122.0,90.0,91.0,13.612461258086457,13.67052524752318,13.51890613277539,13.55285535117717,0.8594778034118753,0.14068464360938415,0.25555555555555554,0.25555555555555554,0.9914983730306726,-0.0016110016997798664,-0.001684111271489872,0.022156549036481576,-0.0010395013923451854,0.012112955303740527,0.0,0.0,1.0,1.0,0.6263736263736264,0.9909631218648809,0.1176698963460101,aquabank,AquaBank,Yield,active_on_avax,censored,,avax_core,0.801096,1,core_eligible
0.0,1533.0,90.0,91.0,11.379165474790705,11.500812397086426,8.13505390861157,11.175156387814715,0.04420061125306879,0.9654739612328559,0.08888888888888889,0.08888888888888889,0.8985487270017481,-0.03301579477580198,-0.035306111766830135,0.47985618605780883,-0.03604568406865706,0.39892648756543825,3.0,1.0,1.0,0.6703296703296703,0.6703296703296703,0.7129105780463992,0.3256560092717109,ara-finance,Ara Finance,Reserve Currency,low_tvl_on_avax,structural_decay,1.0,avax_core,1.0,1,core_eligible
0.0,1481.0,90.0,91.0,0.0,0.6931471805599453,0.0,0.0,0.999000999000999,1.0,0.0,0.0,0.0,0.0,0.0,0.0,0.0,0.0,0.0,0.0,0.0,0.0,1.0,1.0,0.6931471805599453,arable-protocol,Arable Protocol,Synthetics,low_tvl_on_avax,structural_decay,1.0,avax_core,1.0,1,core_eligible
0.0,740.0,90.0,91.0,1.0986122886681098,7.040536390215956,1.9459101490553132,6.859614903654202,0.4698738907052779,0.9947414548641542,0.05555555555555555,0.05555555555555555,0.8011946748440939,-0.03633227016344051,-0.057424662732667144,0.022802773423427677,0.0,0.012600363180861445,0.0,0.0,1.0,0.0,0.7032967032967034,0.27945667300611626,0.1809214865617541,archly-v2,Archly V2,Dexs,low_tvl_on_avax,structural_decay,1.0,avax_core,1.0,1,core_eligible
0.0,307.0,90.0,91.0,6.591673732008658,16.04642874313513,15.750159681867515,15.799589355958329,0.7436148464005444,0.25641269699394353,0.8555555555555555,0.8555555555555555,0.9461338867920472,0.036426994139471765,-0.018766281077354185,0.5056543332209071,0.09823783225058105,0.025279333738110137,0.0,11.0,1.0,0.978021978021978,0.9230769230769231,0.9924533292218293,0.2468393871768022,arena-dex,Arena DEX,Dexs,active_on_avax,censored,,avax_core,0.953151,1,core_eligible
0.0,304.0,90.0,91.0,10.588627762694157,11.887780151412255,11.721629263038302,11.57910638662937,0.8479624787509302,0.1530826178708662,0.9,0.9,0.9699106458875326,0.00678143141858302,-0.019713781902620527,0.10754115144165857,0.012588905559379387,0.04308335577124401,1.0,5.0,1.0,1.0,0.7692307692307693,0.9867679520432489,0.3086737647828848,arena-launch,Arena Launch,Launchpad,active_on_avax,censored,,avax_core,0.950685,1,core_eligible
0.0,893.0,90.0,91.0,10.425460809904182,14.83808665768859,13.692493976165194,13.3306028121046,0.3182803152573196,0.6819648770459227,0.1111111111111111,0.1111111111111111,0.7967376336882372,0.06880238793569705,0.10093931338728243,1.182158899739533,0.03630036851401124,0.8423764318096156,13.0,19.0,0.8901098901098901,0.8901098901098901,0.8901098901098901,0.9646289487867512,1.507483845583991,arena-socialfi,Arena SocialFi,SoFi,active_on_avax,resilient_or_unproven,0.0,avax_core,1.0,1,core_eligible
0.0,578.0,90.0,91.0,0.0,0.6931471805599453,0.0,0.0,0.999000999000999,1.0,0.0,0.0,0.0,0.0,0.0,0.0,0.0,0.0,0.0,0.0,0.0,0.0,1.0,1.0,0.6931471805599453,arrow-markets,Arrow Markets,Options,low_tvl_on_avax,structural_decay,1.0,avax_core,1.0,1,core_eligible
0.0,402.0,90.0,91.0,9.17678358844734,9.290721483922995,9.122164681072457,9.154827662045925,0.8579756674552214,0.1551310446659284,0.6888888888888889,0.6888888888888889,0.9856056914789503,-0.00013639944385149087,-0.004238261620941423,0.05350081738755407,-0.0006068767486098044,0.04230434618966467,2.0,1.0,1.0,0.2087912087912088,0.7142857142857143,0.984561181087131,0.13589382187707066,atlantis-loans,Atlantis Loans,Lending,low_tvl_on_avax,censored,,avax_core,0.998356,1,core_eligible
12.0,1221.0,90.0,91.0,13.947651359164562,15.117057704216597,12.793873199224732,13.232004916391276,0.09820627278135853,0.9020391148026232,0.044444444444444446,0.044444444444444446,0.9017265751016507,-0.026054683668926194,-0.02754007348620148,0.12283512960271985,-0.01281975733266477,0.07884546224302964,5.0,3.0,1.0,1.0,0.6703296703296703,0.8601336716710954,1.8850527878253214,augmented-finance,Augmented Finance,Lending,low_tvl_on_avax,structural_decay,1.0,avax_core,1.0,1,core_eligible
0.0,703.0,90.0,91.0,10.725049935309642,14.609704161853193,14.326170768050176,13.902717082578034,0.7532293875965316,0.246882139330352,0.7111111111111111,0.7111111111111111,0.9173709665101547,0.009840918592227944,0.06804114205051871,1.128535974706794,0.04001245369711705,0.7915890718625405,2.0,12.0,0.978021978021978,0.978021978021978,0.945054945054945,0.9862979651904166,0.7069870792751587,aura,Aura,Yield,low_tvl_on_avax,structural_decay,1.0,avax_core,1.0,1,core_eligible
0.0,1634.0,90.0,91.0,14.076671791387712,15.825856544313925,15.77172373380119,15.12774198437778,0.9473133358305771,0.052693721144633755,0.8333333333333334,0.8333333333333334,0.9550328923800407,0.0168797685094167,-0.011857834749498383,0.08146957634418485,0.01883391047126087,0.04562205711869479,2.0,6.0,1.0,1.0,0.5384615384615384,0.9912352607421939,0.6981145599361458,autofarm,Autofarm,Yield Aggregator,active_on_avax,structural_decay,1.0,avax_core,1.0,1,core_eligible
0.0,1660.0,90.0,91.0,0.0,0.6931471805599453,0.0,0.0,0.999000999000999,1.0,0.0,0.0,0.0,0.0,0.0,0.0,0.0,0.0,0.0,0.0,0.0,0.0,1.0,1.0,0.6931471805599453,avalaunch,Avalaunch,Dexs,low_tvl_on_avax,structural_decay,1.0,avax_core,1.0,1,core_eligible
0.0,1530.0,90.0,91.0,13.05140643553614,13.057991242423814,11.386931310154825,11.401010180341729,0.18977410834200673,0.8119540896748694,0.011111111111111112,0.011111111111111112,0.9166472469178158,-0.024369628874709122,-0.02438071395820763,0.15787967816395615,-0.018494168059792395,0.15760924244444532,1.0,0.0,1.0,1.0,0.6373626373626373,0.8723336230039674,1.6569810620820853,avalps,Avalps,Reserve Currency,low_tvl_on_avax,structural_decay,1.0,avax_core,1.0,1,core_eligible
0.0,263.0,90.0,91.0,14.864127306288891,17.223242906805496,17.056604443560346,16.512231828381097,0.8465106768100474,0.15349440617498142,0.6333333333333333,0.6333333333333333,0.9504952786316618,0.02445519359812733,0.0018344919240788622,0.10149838572437529,0.024360857080793944,0.018040719386673863,0.0,5.0,1.0,1.0,0.8131868131868132,0.9946004117299581,0.7110110784243986,avant-avbtc,Avant avBTC,Onchain Capital Allocator,active_on_avax,censored,,avax_core,0.916986,1,core_eligible
0.0,290.0,90.0,91.0,17.94729827685771,18.425787183867346,18.375179663312565,18.206781048749274,0.9506521990514873,0.049348291913034144,0.8666666666666667,0.8666666666666667,0.9867892624401724,0.007131566897056706,-0.004889719919502898,0.014244973535313628,0.0047542376272761856,0.004638064581798685,0.0,0.0,1.0,1.0,0.5054945054945055,0.9980575408083994,0.21900613511807165,avant-avusd,Avant avUSD,Basis Trading,active_on_avax,censored,,avax_core,0.939178,1,core_eligible
0.0,1531.0,90.0,91.0,9.751850377873168,9.989573501449257,4.477336814478207,4.882801922586371,0.047681712506031496,0.9960086250401431,0.03333333333333333,0.03333333333333333,0.5734582661436685,-0.057243094238209474,-0.05346437753830922,0.1254585376454102,-0.03158995109508831,0.12277576793805527,5.0,1.0,1.0,0.0989010989010989,0.7912087912087912,0.4583966362756655,5.106771578862887,avaviking,AvaViking,Yield,low_tvl_on_avax,structural_decay,1.0,avax_core,1.0,1,core_eligible
0.0,1652.0,90.0,72.0,14.970845591508317,14.970845591508317,14.37724752318308,13.955158580807371,0.5524771684393937,0.4476637798157278,0.0,0.0,0.9358633933975254,-0.004952745858588786,-0.004952745858588786,0.24359961832424148,-0.008360536173594888,0.14388650593278762,13.0,14.0,1.0,1.0,0.6111111111111112,0.9669847210838944,1.016872285797179,avaware,Avaware,Yield,low_tvl_on_avax,structural_decay,1.0,avax_core,1.0,1,core_eligible
0.0,1573.0,90.0,91.0,17.079023401285855,18.33859151691924,16.3401733544585,17.3076967046444,0.13555890565536954,0.8644504783080793,0.1111111111111111,0.1111111111111111,0.9151910573187361,-0.022768284342006305,-0.04178421197940614,2.0817692779652037,-0.008209444964748396,1.4397422932597614,3.0,5.0,0.978021978021978,0.978021978021978,0.978021978021978,0.765959008570392,1.0308948122748411,axial,Axial,Dexs,active_on_avax,structural_decay,1.0,avax_core,1.0,1,core_eligible
0.0,1784.0,90.0,91.0,2.6390573296152584,15.49748399261473,12.51618990645794,14.092786928397175,0.050903507691987246,0.9492730304972663,0.24444444444444444,0.24444444444444444,0.8092069849510338,0.06671734791496421,-0.04188056445216808,0.8711659594278304,0.06230483474603021,0.07010487311637476,7.0,3.0,1.0,0.8571428571428571,0.8571428571428571,0.8204743937474793,1.4046970642175562,baguette,Baguette,Dexs,active_on_avax,structural_decay,1.0,avax_core,1.0,1,core_eligible
0.0,859.0,90.0,90.0,10.126911064657653,11.02186978822786,10.931015498400841,10.93133754807084,0.9145457176391144,0.08685066261418044,0.5280898876404494,0.5333333333333333,0.9792493819458231,0.007604934076988774,-0.001028621151922746,0.09383588999554143,0.009034881278013345,0.054501606994149764,1.0,3.0,1.0,1.0,0.8111111111111111,0.9921233740261034,0.09053227615792281,baki,Baki,CDP,low_tvl_on_avax,structural_decay,1.0,avax_core,1.0,1,core_eligible
0.0,928.0,90.0,91.0,12.541719541651599,12.700399916866013,12.509748630736304,12.682862570692151,0.8269479867914545,0.17357980712338125,0.07777777777777778,0.07777777777777778,0.9959273580735747,-0.0006852961547908503,-0.0012792535371395663,0.07424551134911792,-0.0003552323435032731,0.05290547535208122,3.0,2.0,1.0,1.0,0.7472527472527473,0.9967731864213624,0.017537346173861934,baklava-space,Baklava Space,Yield,low_tvl_on_avax,resilient_or_unproven,0.0,avax_core,1.0,1,core_eligible
0.0,689.0,90.0,91.0,13.722621943801768,14.207690474079374,14.207690474079374,14.049312308345701,1.0,0.0,1.0,1.0,0.9868048169934155,0.004457237794551201,0.0,0.016752421952786648,0.005389650336417853,0.005518594380307808,0.0,0.0,1.0,1.0,0.7362637362637363,0.9966301561158892,0.15837816573367292,balanced-exchange,Balanced Exchange,Dexs,active_on_avax,resilient_or_unproven,0.0,avax_core,1.0,1,core_eligible
0.0,949.0,90.0,90.0,14.228877034548669,16.134211195192464,15.96183813664642,15.936707038836117,0.8416806874824125,0.15833489135504591,0.7415730337078652,0.7333333333333333,0.9836827827584288,0.0058741031278219495,-0.004684878022439733,0.10408351543530749,0.019471473057278112,0.053971494179444454,1.0,5.0,1.0,1.0,0.8888888888888888,0.9942988293907359,0.19750448598148296,balancer-v2,Balancer V2,Dexs,active_on_avax,resilient_or_unproven,0.0,avax_core,1.0,1,core_eligible
4.0,330.0,90.0,91.0,2.4849066497880004,17.09148675943274,17.09148675943274,16.91697469821676,1.0,0.0,1.0,1.0,0.9335892987615401,0.0602289793781823,0.0,0.6641269560047267,0.11314146644575022,0.008210579592051372,0.0,6.0,1.0,0.945054945054945,0.9230769230769231,1.0,0.17451206121598162,balancer-v3,Balancer V3,Dexs,active_on_avax,censored,,avax_core,0.983562,1,core_eligible
14.0,596.0,90.0,91.0,2.4849066497880004,6.428105272684596,4.919980925828125,4.330733340286331,0.7021013597033374,0.7799352750809061,0.4777777777777778,0.4777777777777778,0.6894191621926142,0.020498413623293396,-0.044659202418679086,0.0,0.0,0.0,0.0,0.0,1.0,0.0,0.7032967032967034,0.7678050185011314,2.097371932398265,balmy,Balmy,DCA Tools,low_tvl_on_avax,structural_decay,1.0,avax_core,1.0,1,core_eligible
0.0,1530.0,90.0,91.0,13.384836866675805,13.384836866675805,9.447623486844112,11.770014300337179,0.021006957777197535,0.9804990231821189,0.0,0.0,0.8811066196438991,-0.029035157431862798,-0.029035157431862798,0.1412776952215474,-0.043746815331463254,0.13689954873779273,9.0,0.0,1.0,1.0,0.7472527472527473,0.7153435306814658,1.614822566338626,banksy-farm,Banksy Farm,Yield,low_tvl_on_avax,structural_decay,1.0,avax_core,1.0,1,core_eligible
0.0,1156.0,90.0,91.0,3.1780538303479458,13.31933378067624,12.748187612123166,12.802942929165335,0.5655903963742082,0.4351230921092612,0.5777777777777777,0.5777777777777777,0.8925629611700329,0.06000145773766842,-0.018252535432713345,0.26440678001404816,0.0648825870311994,0.037244236278694706,2.0,12.0,1.0,0.8791208791208791,0.8681318681318682,0.9594678874867052,0.5163908515109057,baymax,BayMax,Derivatives,low_tvl_on_avax,structural_decay,1.0,avax_core,1.0,1,core_eligible
0.0,1747.0,90.0,90.0,14.479249524943633,15.5968603675305,15.5968603675305,14.027837419244555,1.0,0.0,1.0,1.0,0.9067443553847165,0.0012666619104391018,0.0,0.08356707709147947,0.012557425197605247,0.034431875222153276,1.0,4.0,1.0,1.0,0.8777777777777778,1.0,1.5690233247684873,beefy,Beefy,Yield Aggregator,active_on_avax,resilient_or_unproven,0.0,avax_core,1.0,1,core_eligible
0.0,1662.0,90.0,91.0,4.663439094112067,21.265000016481046,21.020452066968485,20.860276955795147,0.7830585662716393,0.21694155993155328,0.5111111111111111,0.5111111111111111,0.9714163323746371,0.0169037147857006,0.007109261455227068,1.2662376419192731,0.15679663652948073,0.04351357070023761,1.0,7.0,1.0,0.989010989010989,0.978021978021978,0.9931090748563524,0.4047230606858996,benqi-lending,Benqi Lending,Lending,active_on_avax,resilient_or_unproven,0.0,avax_core,1.0,1,core_eligible
0.0,1480.0,90.0,91.0,17.86847769366454,19.31352068285889,18.733028379848204,18.751698295074917,0.5596245962469412,0.4403772070514593,0.8555555555555555,0.8555555555555555,0.9703179820423556,0.011767339296237982,-0.053036046937966014,0.07633591869054414,0.009606118735374026,0.04581429242103182,2.0,3.0,1.0,1.0,0.5934065934065934,0.9692032000442995,0.5618223877839732,benqi-staked-avax,Benqi Staked Avax,Liquid Staking,active_on_avax,resilient_or_unproven,0.0,avax_core,1.0,1,core_eligible
0.0,1500.0,89.0,90.0,16.109902478397885,16.17865862381567,15.013125594447695,15.498326061603143,0.3118211513904868,0.688243622382709,0.02247191011235955,0.022222222222222223,0.9639942756893323,-0.011411154590114414,-0.011370477802588602,0.0745894907137707,-0.012323335774721233,0.057948331768154136,2.0,1.0,1.0,1.0,0.6444444444444445,0.933442504297248,0.6803340526957982,beta-finance-v1,Beta Finance V1,Lending,low_tvl_on_avax,structural_decay,1.0,avax_core,1.0,1,core_eligible
80.0,1607.0,90.0,91.0,2.833213344056216,14.54058702990589,13.803927735321194,14.124157082532324,0.47896255750553757,0.5212897745543584,0.14444444444444443,0.14444444444444443,0.9567852514368617,0.01006703886786493,-0.007209367548285228,0.7384939293047008,0.07661303284451082,0.07028619664074971,3.0,5.0,1.0,0.978021978021978,0.978021978021978,0.96127237647574,0.4164299473735653,bifi,BiFi,Lending,low_tvl_on_avax,resilient_or_unproven,0.0,avax_core,1.0,1,core_eligible
0.0,135.0,90.0,91.0,0.0,0.6931471805599453,0.0,0.0,0.999000999000999,1.0,0.0,0.0,0.0,0.0,0.0,0.0,0.0,0.0,0.0,0.0,0.0,0.0,1.0,1.0,0.6931471805599453,bim,BIM,Yield Aggregator,low_tvl_on_avax,censored,,avax_core,0.841644,1,core_eligible
0.0,360.0,90.0,80.0,0.0,0.6931471805599453,0.0,0.0,0.999000999000999,1.0,0.0,0.0,0.0,0.0,0.0,0.0,0.0,0.0,0.0,0.0,0.0,0.0,1.0,1.0,0.6931471805599453,bitbond-lockers,Bitbond Lockers,Token Locker,low_tvl_on_avax,censored,,avax_core,0.987671,1,core_eligible
0.0,360.0,90.0,91.0,0.0,0.6931471805599453,0.0,0.0,0.999000999000999,1.0,0.0,0.0,0.0,0.0,0.0,0.0,0.0,0.0,0.0,0.0,0.0,0.0,1.0,1.0,0.6931471805599453,bitbond-sales,Bitbond Sales,Launchpad,low_tvl_on_avax,censored,,avax_core,0.996712,1,core_eligible
1.0,240.0,90.0,91.0,14.405359539273713,18.88749383885209,17.93263263184836,18.0266924347154,0.38486941048524853,0.6151344463667693,0.2111111111111111,0.2111111111111111,0.9525746879996422,0.0066504068833998725,-0.011898665463063285,0.18150764564059765,0.039191923250829416,0.042515602927511886,2.0,8.0,1.0,1.0,0.9230769230769231,0.9542452623495279,0.8608014041366907,blackhole-amm,Blackhole AMM,Dexs,active_on_avax,censored,,avax_core,0.898904,1,core_eligible
1.0,240.0,90.0,91.0,14.489242985994895,18.87859862133054,18.710380826351702,18.43922148717233,0.8451707193818895,0.1548302600672553,0.3,0.3,0.9624810580093298,0.018869621485569754,-0.0003809319947511594,0.1578283462004341,0.04690153155952008,0.03928415792881969,1.0,12.0,1.0,1.0,0.9010989010989011,0.9980150893879414,0.4393771341582102,blackhole-clmm,Blackhole CLMM,Dexs,active_on_avax,censored,,avax_core,0.898904,1,core_eligible
0.0,703.0,90.0,91.0,20.29446010493665,20.985550392852645,18.974937943118658,19.46785846860572,0.1339073040767152,0.866093362201542,0.2,0.2,0.9420076031510715,-0.02314816907971541,-0.02790920816298129,0.10056388417348246,-0.014661357353533255,0.08158048751491023,3.0,3.0,1.0,1.0,0.6263736263736264,0.908503303835399,1.5176919242469253,blizz-finance,Blizz Finance,Lending,low_tvl_on_avax,structural_decay,1.0,avax_core,1.0,1,core_eligible
0.0,741.0,90.0,91.0,15.86480624512109,16.26740155665422,10.447235248444299,15.270110320984708,0.0030528933933209774,0.9970329742262891,0.4888888888888889,0.4888888888888889,0.8577715581649132,-0.07390095055940124,-0.1345170700412826,0.343950813511437,-0.06019523329640878,0.3123026127957887,12.0,11.0,1.0,1.0,0.6373626373626373,0.6568499185547023,0.9972912356695129,blizzard,Blizzard,Yield,low_tvl_on_avax,structural_decay,1.0,avax_core,1.0,1,core_eligible
0.0,1522.0,90.0,91.0,16.861987560471306,16.925424144306557,12.410771127649076,13.569539684573185,0.010991473456905154,0.9890526410821199,0.07777777777777778,0.07777777777777778,0.8513586085271678,-0.058252820695582776,-0.05859947963938682,0.2244694678137873,-0.049457960364691446,0.19998963328328095,8.0,3.0,1.0,1.0,0.5384615384615384,0.747261162410508,3.355884459733373,boofinance,BooFinance,Yield,active_on_avax,structural_decay,1.0,avax_core,1.0,1,core_eligible
0.0,627.0,90.0,90.0,9.96763537235988,11.98164076467574,0.0,8.799058378546453,0.006219176207919499,1.0,0.2247191011235955,0.23333333333333334,0.5957296626021409,-0.13136244883837095,-0.18504163598512702,0.42776164025898117,-0.034369444865670326,0.34335007961438846,12.0,11.0,0.7555555555555555,0.3888888888888889,0.7555555555555555,9.540902209330948e-08,3.1907954983648796,bridgers,Bridgers,Dexs,active_on_avax,resilient_or_unproven,0.0,avax_core,1.0,1,core_eligible
0.0,1066.0,90.0,91.0,11.779358364382835,12.158792340948873,12.004256294054718,12.001640440006513,0.8575585488337166,0.14318814445149217,0.13333333333333333,0.13333333333333333,0.988036446289838,-0.0008140445248215898,-0.002290790640959511,0.05300794436071035,0.002498865885243144,0.033459073064219864,1.0,2.0,1.0,1.0,0.6153846153846154,0.9889762379096046,0.15715190094235965,brokkr-finance,Brokkr Finance,Indexes,low_tvl_on_avax,resilient_or_unproven,0.0,avax_core,1.0,1,core_eligible
1.0,810.0,90.0,91.0,3.091042453358316,5.676753802268282,5.3471075307174685,4.74493212836325,0.9364833462432223,0.281786941580756,0.011111111111111112,0.011111111111111112,0.8464164655783236,0.0025297156101073063,0.0013312000794248474,0.0,0.0,0.0,0.0,0.0,1.0,0.0,0.8571428571428571,1.0,0.9318216739050316,butterfly-finance,Butterfly Finance,Farm,low_tvl_on_avax,structural_decay,1.0,avax_core,1.0,1,core_eligible
0.0,825.0,90.0,91.0,9.170871628065816,13.771590017906137,13.771590017906137,13.488433250464485,1.0,0.0,1.0,1.0,0.91240465195129,0.04936869651398021,0.0,0.16171093531361422,0.051119093220448004,0.04184005106786325,1.0,12.0,1.0,0.978021978021978,0.7472527472527473,0.997071015484145,0.2831567674416515,button-wrappers,Button Wrappers,CDP,low_tvl_on_avax,structural_decay,1.0,avax_core,1.0,1,core_eligible
0.0,1381.0,90.0,91.0,11.860245790583846,12.443899862229536,11.421007525008891,11.699014914333102,0.3620655131391418,0.6404490396023603,0.5111111111111111,0.5111111111111111,0.9407058148226576,-0.011053127362142642,-0.011767796459004227,0.1194189572555082,-0.00488042517305506,0.08754286261745106,3.0,3.0,1.0,1.0,0.5824175824175825,0.9274730641686094,0.7448849478964341,bxh,BXH,Dexs,low_tvl_on_avax,structural_decay,1.0,avax_core,1.0,1,core_eligible
0.0,495.0,90.0,91.0,7.653020413804189,11.768435523715658,11.767583187099595,11.274706346187276,0.9991545680226883,0.0008519800791566947,0.9888888888888889,0.9888888888888889,0.9392770966305729,0.015493314189596399,0.0,0.3312225859111206,0.04571736414772673,0.08546074809473109,1.0,5.0,1.0,0.967032967032967,0.9120879120879121,1.0,0.4937291775283814,cables-finance,Cables Finance,Dexs,low_tvl_on_avax,resilient_or_unproven,0.0,avax_core,1.0,1,core_eligible
0.0,661.0,90.0,91.0,12.905572107561584,13.094543981518063,0.0,0.0,0.0020522039644476184,1.0,0.03333333333333333,0.03333333333333333,0.33132635965972257,-0.18874489391578114,-0.18794510344620932,0.4445602562148596,-0.06663130364718181,0.4436926078313764,4.0,0.0,0.3516483516483517,0.3516483516483517,0.6483516483516484,7.6785598376631e-08,13.094543981518063,cakedao,CakeDAO,Reserve Currency,low_tvl_on_avax,structural_decay,1.0,avax_core,1.0,1,core_eligible
0.0,1742.0,90.0,91.0,5.817111159963204,14.678887314435544,13.358990021912936,13.439387723802726,0.26747136462108473,0.7328375688958072,0.2,0.2,0.9092284555955612,-0.0059767816648574985,-0.02049152903770584,0.695492370267288,0.07166928047330795,0.10695441972915994,9.0,11.0,1.0,0.978021978021978,0.978021978021978,0.9267799781484467,1.2394995906328177,canary,Canary,Dexs,active_on_avax,resilient_or_unproven,0.0,avax_core,1.0,1,core_eligible
0.0,909.0,90.0,91.0,9.581765987860823,14.244828251141717,14.244828251141717,13.92118232517831,1.0,0.0,1.0,1.0,0.9200082878664637,0.04904066942991075,0.0,0.4021807059681927,0.051811802925343264,0.00717200629727434,0.0,2.0,1.0,1.0,0.7912087912087912,1.0,0.32364592596340813,cavalre,CavalRe,Dexs,active_on_avax,structural_decay,1.0,avax_core,1.0,1,core_eligible
2.0,1499.0,90.0,91.0,11.367749392608104,11.474849696117998,11.190072069507007,11.292203978088395,0.7547268745566146,0.24782107351734312,0.14444444444444443,0.14444444444444443,0.9852622848170423,-0.0015550550866082905,-0.0011413758268463236,0.03350547573751408,-0.0019741924789010786,0.019566548592247275,0.0,0.0,1.0,1.0,0.6593406593406593,0.9815596862327175,0.18264571802960283,cesta-finance,Cesta Finance,Reserve Currency,low_tvl_on_avax,resilient_or_unproven,0.0,avax_core,1.0,1,core_eligible
20.0,690.0,79.0,80.0,9.902286831959609,9.90448705286921,0.0,0.0,0.04757600266425615,1.0,0.06329113924050633,0.05555555555555555,0.0999759998976833,-0.06684914868556562,-0.03043002666120135,0.33479669675720786,-0.03789281079296694,0.334787757114854,1.0,0.0,0.1,0.1,0.9,1.0098676356109369e-07,9.90448705286921,chaingpt,ChainGPT,Launchpad,low_tvl_on_avax,structural_decay,1.0,avax_core,1.0,1,core_eligible
0.0,1289.0,90.0,91.0,0.0,0.6931471805599453,0.0,0.0,0.999000999000999,1.0,0.0,0.0,0.0,0.0,0.0,0.0,0.0,0.0,0.0,0.0,0.0,0.0,1.0,1.0,0.6931471805599453,champion-finance,Champion Finance,Algo-Stables,low_tvl_on_avax,structural_decay,1.0,avax_core,1.0,1,core_eligible
0.0,1523.0,90.0,91.0,0.0,0.6931471805599453,0.0,0.0,0.999000999000999,1.0,0.0,0.0,0.0,0.0,0.0,0.0,0.0,0.0,0.0,0.0,0.0,0.0,1.0,1.0,0.6931471805599453,chikn-farm,Chikn Farm,Services,low_tvl_on_avax,structural_decay,1.0,avax_core,1.0,1,core_eligible
0.0,725.0,90.0,91.0,16.01927967301883,16.1139234594591,15.56358299486804,15.67588398245515,0.5767958676879367,0.4232466296672827,0.03333333333333333,0.03333333333333333,0.9782873663857993,-0.005267551718504699,-0.005222948998659715,0.0523764927411634,-0.00506329642389765,0.03590974451028051,2.0,0.0,1.0,1.0,0.6593406593406593,0.972230902613374,0.43803947700395085,cian-automation,CIAN Automation,Yield,active_on_avax,resilient_or_unproven,0.0,avax_core,1.0,1,core_eligible
0.0,660.0,90.0,91.0,3.828641396489095,10.882715524180881,3.8066624897703196,4.672828834461906,0.019245303887772597,0.9991736623659548,0.5888888888888889,0.5888888888888889,0.4523682756380602,0.0010157188665118045,-0.16420408691184868,0.7854708109849752,0.0,0.5409132258445569,3.0,3.0,1.0,0.08791208791208792,0.8901098901098901,0.3515232582555118,6.209886689718975,clearpool-lending,Clearpool Lending,Uncollateralized Lending,low_tvl_on_avax,structural_decay,1.0,avax_core,1.0,1,core_eligible
0.0,633.0,90.0,91.0,9.924612834151077,12.270534601236687,4.5217885770490405,11.006838595551411,0.005090613859907799,0.9995734028389807,0.2222222222222222,0.2222222222222222,0.7138370260175878,-0.1054670171094502,-0.15873053993038228,0.48618889013079764,-0.03350953394262063,0.47135713811725116,2.0,6.0,1.0,0.6043956043956044,0.6043956043956044,0.3709815615091445,1.2636960056852757,cleopatra-dao,Cleopatra DAO,Yield Aggregator,low_tvl_on_avax,structural_decay,1.0,avax_core,1.0,1,core_eligible
0.0,167.0,90.0,91.0,8.519390774959724,8.915029272359911,8.914894908906568,8.540519016719735,0.9998815446576641,0.0001343724805159903,0.9111111111111111,0.9111111111111111,0.9689358311609091,0.005136610174629241,-3.807235367020804e-05,0.03832977930831063,0.004394490377187152,0.0035386119517444663,0.0,1.0,1.0,0.0,0.7252747252747253,0.9999892333930425,0.3745102556401765,clovis,Clovis,Yield Aggregator,low_tvl_on_avax,censored,,avax_core,0.838082,1,core_eligible
0.0,971.0,90.0,91.0,0.0,0.6931471805599453,0.0,0.0,0.999000999000999,1.0,0.0,0.0,0.0,0.0,0.0,0.0,0.0,0.0,0.0,0.0,0.0,0.0,1.0,1.0,0.6931471805599453,coinscope,Coinscope,Token Locker,low_tvl_on_avax,structural_decay,1.0,avax_core,1.0,1,core_eligible
893.0,656.0,90.0,91.0,12.80692085803363,13.830461237497344,13.485797427035566,13.60306458299824,0.708745135631487,0.2915417974468555,0.6888888888888889,0.6888888888888889,0.9813880653583616,0.0013048569418239822,-0.013544176124845805,0.07551295290068322,0.0075430729889104,0.037313252271887934,1.0,4.0,1.0,1.0,0.8131868131868132,0.9791616411157118,0.2273966544991044,colony,Colony,Yield,active_on_avax,resilient_or_unproven,0.0,avax_core,1.0,1,core_eligible
0.0,1844.0,90.0,91.0,10.50207677030558,15.467556900292342,13.76192938521994,14.0501153772989,0.18181501136789338,0.8183417997966516,0.35555555555555557,0.35555555555555557,0.9083744872053527,-0.010945467109891301,-0.025716040410001313,0.44566892726800894,0.036220584610159555,0.08686518874198554,11.0,12.0,1.0,1.0,0.6373626373626373,0.9110679807112428,1.4174415229934425,complus-network,Complus Network,Dexs,active_on_avax,structural_decay,1.0,avax_core,1.0,1,core_eligible
0.0,451.0,90.0,71.0,11.678075430255856,13.636106341591546,13.52219799735555,13.032084121254602,0.8924682737249438,0.10766038860112927,0.7285714285714285,0.7888888888888889,0.9430313734658173,0.02767910717616164,0.0029488599337078917,0.1304392223495644,0.026344608101424197,0.07333165420348889,4.0,8.0,1.0,1.0,0.7605633802816901,0.9972371742071656,0.6040222203369439,contango-v2,Contango V2,Derivatives,active_on_avax,censored,,avax_core,1.0,1,core_eligible
0.0,1560.0,90.0,91.0,13.133554522287689,15.136202632348542,15.013033506618788,15.019494662226366,0.8841450200853374,0.1158859074663936,0.3888888888888889,0.3888888888888889,0.9842420097587962,0.008235376016801927,0.00013809159875636265,0.08175607772462906,0.0208830998259011,0.027319778152228576,1.0,5.0,1.0,1.0,0.9010989010989011,0.9936478133700548,0.11670797012217626,cook-finance,Cook Finance,Indexes,low_tvl_on_avax,structural_decay,1.0,avax_core,1.0,1,core_eligible
0.0,474.0,90.0,91.0,14.934044747860897,15.080085489736001,14.994943405547343,14.994943405547343,0.9184048037224785,0.08161823544592733,0.8888888888888888,0.8888888888888888,0.9937138337723751,0.0017661378178766719,-0.009342995394507997,0.01238069549510159,0.0006766517520716183,0.007358030266323208,0.0,0.0,1.0,1.0,0.6263736263736264,0.9962167320901103,0.08514208418865898,core-bridge,CORE Bridge,Canonical Bridge,active_on_avax,resilient_or_unproven,0.0,avax_core,1.0,1,core_eligible
0.0,1570.0,90.0,88.0,13.041834218099046,13.138697250424483,9.583213415483687,10.907953983314009,0.030473280404058653,0.9714343617986239,0.022988505747126436,0.022222222222222223,0.8388089967541128,-0.03680104473383045,-0.03606056313859646,0.09153230431553908,-0.03975426209902711,0.08010812073277852,6.0,1.0,1.0,1.0,0.6363636363636364,0.7345698360326629,2.2307465065700445,cougarswap,CougarSwap,Yield,low_tvl_on_avax,structural_decay,1.0,avax_core,1.0,1,core_eligible
0.0,1531.0,90.0,91.0,10.120693511183584,10.251005700689444,2.772588722239781,2.772588722239781,0.03462981917434323,0.9994701518897916,0.022222222222222223,0.022222222222222223,0.3638119680121361,-0.05395870082282589,-0.04776964431234267,0.16993435027097217,-0.0356882081318707,0.16912277041299761,5.0,0.0,1.0,0.06593406593406594,0.8571428571428571,0.2726876119369701,7.478416978449662,coup-farm,Coup Farm,Yield,low_tvl_on_avax,structural_decay,1.0,avax_core,1.0,1,core_eligible
0.0,1516.0,90.0,91.0,0.0,0.6931471805599453,0.0,0.0,0.999000999000999,1.0,0.0,0.0,0.0,0.0,0.0,0.0,0.0,0.0,0.0,0.0,0.0,0.0,1.0,1.0,0.6931471805599453,crabada,Crabada,Gaming,low_tvl_on_avax,structural_decay,1.0,avax_core,1.0,1,core_eligible
0.0,401.0,90.0,91.0,3.58351893845611,3.58351893845611,3.091042453358316,3.091042453358316,0.9864734299516909,0.4,0.0,0.0,0.8626080738468578,-0.0038385490591773285,-0.0038385490591773285,0.0,0.0,0.0,0.0,0.0,1.0,0.0,0.7252747252747253,0.8678880715494889,0.49247648509779385,createmytoken,CreateMyToken,Launchpad,low_tvl_on_avax,censored,,avax_core,1.0,1,core_eligible
0.0,255.0,90.0,91.0,16.72571941968648,16.79535468065243,1.791759469228055,1.791759469228055,5.105216479720074e-05,0.9999997459962274,0.022222222222222223,0.022222222222222223,0.19374470450623835,-0.08420476067862653,-0.06911334773779192,0.4057982634099563,-0.10907738489301401,0.4055562850626533,7.0,0.0,1.0,0.07692307692307693,0.8351648351648352,0.10690320451670485,15.003595211424376,crocodile-finance,Crocodile Finance,Algo-Stables,low_tvl_on_avax,censored,,avax_core,0.910411,1,core_eligible
0.0,932.0,90.0,91.0,0.6931471805599453,1.0986122886681098,0.6931471805599453,0.6931471805599453,0.999001996007984,0.5,0.7444444444444445,0.7444444444444445,0.67148692350866,0.0018145516065996852,-0.0190392311633399,0.0,0.0,0.0,0.0,0.0,1.0,0.0,0.8901098901098901,0.6660469296122065,0.4054651081081645,crypto-lottery,Crypto Lottery,Luck Games,low_tvl_on_avax,structural_decay,1.0,avax_core,1.0,1,core_eligible
0.0,1307.0,90.0,91.0,0.0,0.6931471805599453,0.0,0.0,0.999000999000999,1.0,0.0,0.0,0.0,0.0,0.0,0.0,0.0,0.0,0.0,0.0,0.0,0.0,1.0,1.0,0.6931471805599453,cryptoblades,CryptoBlades,Gaming,low_tvl_on_avax,structural_decay,1.0,avax_core,1.0,1,core_eligible
0.0,765.0,90.0,91.0,10.24063813046042,13.622187910462321,9.232982102457008,9.444226019822295,0.013606151124252468,0.9875906165260278,0.03333333333333333,0.03333333333333333,0.6908920114313913,-0.017442397142768653,-0.01510109998617904,0.6512661778464217,-0.0111961780889268,0.4629532848832418,8.0,6.0,0.978021978021978,0.945054945054945,0.9340659340659341,0.777269394902655,4.1779618906400255,cryptoyieldfocus,CryptoYieldFocus,Farm,low_tvl_on_avax,structural_decay,1.0,avax_core,1.0,1,core_eligible
0.0,1615.0,90.0,91.0,18.97761137006533,20.967302003265093,20.967302003265093,20.684128261537094,1.0,0.0,1.0,1.0,0.9794261354409178,0.013713020748512423,0.0,0.06166648330404408,0.022107673702219603,0.013956516660083785,0.0,5.0,1.0,1.0,0.7692307692307693,1.0,0.2831737417279996,curve-dex,Curve DEX,Dexs,active_on_avax,structural_decay,1.0,avax_core,1.0,1,core_eligible
0.0,1652.0,90.0,91.0,16.53384186029161,16.937425557462014,15.88578281494497,16.144620242985745,0.3493920087746622,0.6506366652698562,0.2777777777777778,0.2777777777777778,0.9623493092996928,-0.011450094054826013,-0.01413875330901266,0.09759824621629017,-0.007200656059407113,0.06914069775389606,5.0,4.0,1.0,1.0,0.6263736263736264,0.9480181165383393,0.7928053144762686,cycle-finance,Cycle Finance,Yield Aggregator,active_on_avax,structural_decay,1.0,avax_core,1.0,1,core_eligible
0.0,470.0,90.0,90.0,11.3938716221804,11.675086830549644,11.071299358005243,11.474932797460133,0.5505547873596168,0.4532668956838203,0.2696629213483146,0.26666666666666666,0.9796550103155581,-0.0035992675099807093,-0.006874237292901435,0.05720599024111729,-0.003624407462642218,0.0397593695363936,3.0,0.0,1.0,1.0,0.7333333333333333,0.9586797683776836,0.20015419628023245,cytonic-airdrop-campaign,Cytonic Airdrop Campaign,Farm,low_tvl_on_avax,structural_decay,1.0,avax_core,1.0,1,core_eligible
0.0,650.0,90.0,91.0,11.846378863768098,12.490138186207412,7.842278779117352,7.9215356321335495,0.013291938973314887,0.9904216361877736,0.18888888888888888,0.18888888888888888,0.7522022314275165,-0.0660944981379075,-0.058108146901080814,0.4384625971735763,-0.044490000940563844,0.435441097411724,2.0,1.0,1.0,0.34065934065934067,0.6593406593406593,0.629874235698324,4.568602554073863,deepseadao,DeepSeaDAO,Reserve Currency,low_tvl_on_avax,structural_decay,1.0,avax_core,1.0,1,core_eligible
0.0,460.0,90.0,91.0,10.843709631701985,10.94649903718944,10.921648716806612,10.93674320772623,0.9758804584963812,0.024544525496000284,0.7888888888888889,0.7888888888888889,0.9981656705684963,0.00045746048376606635,-0.0014460333881890746,0.010718996711618363,0.0008659898344958468,0.0028792861562298945,0.0,0.0,1.0,1.0,0.9010989010989011,0.9981079853981594,0.009755829463209409,deficurrent,DefiCurrent,Yield Aggregator,low_tvl_on_avax,structural_decay,1.0,avax_core,1.0,1,core_eligible
3.0,378.0,90.0,91.0,6.498282149476434,6.660575149839686,6.658011045870748,6.658011045870748,0.998876404494382,0.002564102564102564,0.24444444444444444,0.24444444444444444,0.9956952445791768,0.0014463013738422932,-6.230673108669432e-06,0.0,0.0,0.0,0.0,0.0,1.0,0.0,0.8351648351648352,0.99983483195565,0.002564103968937914,defiedge,DefiEdge,Liquidity Manager,low_tvl_on_avax,censored,,avax_core,1.0,1,core_eligible
0.0,758.0,90.0,91.0,12.40886245771397,13.588416714509854,12.682996027965073,12.999537899979915,0.40511753536087836,0.5956290119157427,0.43333333333333335,0.43333333333333335,0.959336691502396,0.005244015785801499,-0.01761499359346578,0.07917877014015749,0.003045928558345581,0.04258812084152167,3.0,3.0,1.0,1.0,0.5164835164835165,0.9469697784757255,0.5888788145299397,definitive-yield-vaults,Definitive Yield Vaults,Yield,low_tvl_on_avax,resilient_or_unproven,0.0,avax_core,1.0,1,core_eligible
0.0,1567.0,90.0,91.0,5.860786223465865,18.379585816355934,18.332901075538814,17.382325734344484,0.9543887045934067,0.045611770653951694,0.9777777777777777,0.9777777777777777,0.9341728651547321,0.024391251094995445,-0.023342370408560242,0.7336144531823048,0.12693495884692882,0.0741266206650504,3.0,15.0,1.0,0.989010989010989,0.945054945054945,1.0,0.9972600820114508,defrost,Defrost,CDP,active_on_avax,structural_decay,1.0,avax_core,1.0,1,core_eligible
0.0,1153.0,90.0,86.0,8.733594061863055,16.7545350631812,16.68823625816218,16.370401343330155,0.9358545764874723,0.06414881791687556,0.49411764705882355,0.4666666666666667,0.9331703582444296,0.039487181455013495,0.0046281346051550536,0.5609194718324695,0.09358402583881324,0.04298331983679241,2.0,10.0,1.0,0.9883720930232558,0.5930232558139535,1.0,0.3841598747775592,deltaprime,DeltaPrime,Leveraged Farming,active_on_avax,resilient_or_unproven,0.0,avax_core,1.0,1,core_eligible
192.0,569.0,90.0,91.0,12.974570775427537,13.227319611351316,13.065088015549756,13.014760349193722,0.8505131846206389,0.14975600093638017,0.8222222222222222,0.8222222222222222,0.9835534051973639,0.001264348999978072,-0.004226033266995783,0.11971492542586601,0.001005747112469102,0.07405780869834831,7.0,9.0,1.0,1.0,0.6703296703296703,0.9960240580905054,0.21255926215759402,dexalot-dex,Dexalot DEX,Dexs,active_on_avax,resilient_or_unproven,0.0,avax_core,1.0,1,core_eligible
0.0,617.0,90.0,91.0,6.246106765481563,6.570882962339584,5.736572297479192,6.259581464064923,0.7641564506713369,0.5666199158485273,0.25555555555555554,0.25555555555555554,0.918817402909667,-0.011093804684431307,-0.015538966668932655,0.0,0.0,0.0,0.0,0.0,1.0,0.0,0.5604395604395604,0.8801347211467218,0.3113014982746609,dexfinance-etf,DexFinance ETF,Yield,low_tvl_on_avax,structural_decay,1.0,avax_core,1.0,1,core_eligible
0.0,1347.0,90.0,90.0,0.0,0.6931471805599453,0.0,0.0,0.999000999000999,1.0,0.0,0.0,0.0,0.0,0.0,0.0,0.0,0.0,0.0,0.0,0.0,0.0,1.0,1.0,0.6931471805599453,dexpad,DexPad,Launchpad,low_tvl_on_avax,structural_decay,1.0,avax_core,1.0,1,core_eligible
0.0,598.0,90.0,58.0,9.376617231601282,9.452658902676433,2.0794415416798357,9.086136768516877,0.07328433156247725,0.9994505925751511,0.07017543859649122,0.044444444444444446,0.6613790940678757,-0.18391858030635794,-0.20012219478233473,0.26853215411227294,-0.04329583249624669,0.26760815004933114,1.0,0.0,1.0,0.29310344827586204,0.5862068965517241,0.21682435653193657,0.36654677445799777,dexvaults,dexVAULTS,Yield,low_tvl_on_avax,structural_decay,1.0,avax_core,1.0,1,core_eligible
0.0,1360.0,90.0,91.0,14.51364528003526,15.206793206863582,0.0,0.0,0.0002486942309404472,1.0,0.16666666666666666,0.16666666666666666,0.18425163971706035,-0.14991501195411625,-0.030763011180143695,0.8732448060272349,-0.08449878334133376,0.8693689342434381,1.0,1.0,0.18681318681318682,0.18681318681318682,0.8131868131868132,6.577824728873825e-08,15.206793206863582,dforce-lending,dForce Lending,Lending,low_tvl_on_avax,structural_decay,1.0,avax_core,1.0,1,core_eligible
0.0,441.0,90.0,91.0,4.454347296253507,4.532599493153256,4.127134385045092,4.290459441148391,0.9716117216117216,0.33695652173913043,0.17777777777777778,0.17777777777777778,0.9542733109386273,-0.005167745731220311,-0.006296064367838204,0.0,0.0,0.0,0.0,0.0,1.0,0.0,0.4835164835164835,0.9136068630532707,0.24214005200486532,diamondswap,Diamondswap,Dexs,low_tvl_on_avax,censored,,avax_core,1.0,1,core_eligible
0.0,891.0,90.0,85.0,13.791957346010392,13.83391514964038,13.802840632363475,13.741301965363869,0.9694333123441751,0.030596696950835188,0.9285714285714286,0.9333333333333333,0.9899262524804645,0.0021047159609818523,-0.004997917474253123,0.05972740931487625,0.00012956293277480025,0.04739629269746884,2.0,1.0,1.0,1.0,0.7764705882352941,0.9996525408396569,0.09261318427651055,dodo-amm,DODO AMM,Dexs,active_on_avax,resilient_or_unproven,0.0,avax_core,1.0,1,core_eligible
0.0,1054.0,90.0,91.0,7.6362696033793735,7.6362696033793735,7.199678345691172,7.445417556701687,0.7613155323998697,0.3539352969579913,0.0,0.0,0.9742678346958848,-0.001330139404246401,-0.001330139404246401,0.03829824099449325,-0.004851013974313349,0.033354694349998965,1.0,0.0,1.0,0.0,0.7692307692307693,0.9585432924125594,0.19085204667768618,domani-protocol,Domani Protocol,Indexes,low_tvl_on_avax,structural_decay,1.0,avax_core,1.0,1,core_eligible
0.0,559.0,90.0,91.0,0.0,0.6931471805599453,0.0,0.0,0.999000999000999,1.0,0.0,0.0,0.0,0.0,0.0,0.0,0.0,0.0,0.0,0.0,0.0,0.0,1.0,1.0,0.6931471805599453,donaswap-v2,DONASWAP V2,Dexs,low_tvl_on_avax,structural_decay,1.0,avax_core,1.0,1,core_eligible
0.0,300.0,90.0,91.0,7.323830566202317,8.878358040627822,8.878358040627822,8.60995467149755,1.0,0.0,1.0,1.0,0.9624371732808528,0.011552491455877088,0.0,0.03975731413979167,0.017272527493616716,0.002885818246181944,0.0,2.0,1.0,0.0,0.8241758241758241,1.0,0.2684033691302723,dripit,dripit,Prediction Market,low_tvl_on_avax,censored,,avax_core,0.947397,1,core_eligible
0.0,708.0,90.0,91.0,0.0,0.6931471805599453,0.0,0.0,0.999000999000999,1.0,0.0,0.0,0.0,0.0,0.0,0.0,0.0,0.0,0.0,0.0,0.0,0.0,1.0,1.0,0.6931471805599453,dumpex,DumpEX,Farm,low_tvl_on_avax,structural_decay,1.0,avax_core,1.0,1,core_eligible
0.0,1332.0,90.0,90.0,13.66046948185187,13.894305102390668,12.456185240787896,13.506945955331032,0.2380771223133185,0.7626270701611211,0.30337078651685395,0.3,0.9660205821641995,-0.012722148250324205,-0.01830504588953081,0.06988998623525575,-0.013531283607460377,0.06359501964095135,2.0,0.0,1.0,1.0,0.6444444444444445,0.9213086741721228,0.3873724353009447,dxsale,DxSale,Launchpad,active_on_avax,resilient_or_unproven,0.0,avax_core,1.0,1,core_eligible
0.0,1061.0,90.0,91.0,0.0,0.6931471805599453,0.0,0.0,0.999000999000999,1.0,0.0,0.0,0.0,0.0,0.0,0.0,0.0,0.0,0.0,0.0,0.0,0.0,1.0,1.0,0.6931471805599453,dypius,Dypius,Yield,low_tvl_on_avax,structural_decay,1.0,avax_core,1.0,1,core_eligible
0.0,999.0,90.0,91.0,6.602587892189336,7.661997558901893,5.8664680569332965,6.652863029353347,0.43264,0.8343529411764706,0.4,0.4,0.8724578269218248,-0.01706735900900733,-0.032339215321683414,0.07964016997570496,0.0,0.0523485639372473,3.0,3.0,1.0,0.0,0.45054945054945056,0.7750643727302434,1.0091345295485459,dyson,Dyson,Liquidity Manager,low_tvl_on_avax,structural_decay,1.0,avax_core,1.0,1,core_eligible
0.0,1199.0,90.0,91.0,14.516849593471434,18.783498032012602,18.12599408993126,18.330671175055702,0.5181463857376377,0.48185696658320887,0.17777777777777778,0.17777777777777778,0.9695233048870682,0.009082689353344425,-0.003990540015625775,0.19489263257361253,0.040101605516220294,0.04589764864160745,3.0,11.0,1.0,1.0,0.8791208791208791,0.972635846067303,0.45282685695690006,echidna-finance,Echidna Finance,Yield,low_tvl_on_avax,structural_decay,1.0,avax_core,1.0,1,core_eligible
0.0,1325.0,90.0,91.0,14.400878188248871,14.71622297555507,14.32891246027298,14.385451712500203,0.6790105407221948,0.3211198709653829,0.25555555555555554,0.25555555555555554,0.9797808336600469,-0.0017643116055481279,-0.002761918783089435,0.03199321128197286,-0.0007996191997321292,0.019950965532634295,0.0,0.0,1.0,1.0,0.8021978021978022,0.9801059035901798,0.33077126305486715,elasticswap,ElasticSwap,Dexs,low_tvl_on_avax,structural_decay,1.0,avax_core,1.0,1,core_eligible
0.0,1694.0,62.0,60.0,10.42370889794248,14.3336481837676,14.291547823164459,10.391668714817564,0.9587980691673359,0.04122647190387498,0.9830508474576272,0.6777777777777778,0.7902308971407229,0.07127755804191457,0.0,0.47171090902286733,0.06555659195291488,0.04787005531507117,3.0,3.0,1.0,1.0,0.7166666666666667,1.0,3.9419800791701363,elk,Elk,Dexs,active_on_avax,resilient_or_unproven,0.0,avax_core,1.0,1,core_eligible
0.0,1538.0,90.0,91.0,14.619220996416345,14.619220996416345,13.411179306797306,13.42962010999328,0.29909527105847333,0.701218499489438,0.0,0.0,0.9272033232704683,-0.0124700651262185,-0.0124700651262185,0.08174707683742517,-0.013422685440211543,0.06196462553514592,5.0,2.0,1.0,1.0,0.7142857142857143,0.9153822848073716,1.1896008864230652,embr-finance,Embr Finance,Dexs,low_tvl_on_avax,structural_decay,1.0,avax_core,1.0,1,core_eligible
1.0,1202.0,90.0,91.0,11.88262521663165,12.264737701592287,11.234454176046501,11.809995829172669,0.3599207820426782,0.6430972779524997,0.16666666666666666,0.16666666666666666,0.9594909905759098,-0.007658821257337305,-0.0076287362258502436,0.16800777568361863,-0.007201900450946101,0.11586192317379626,9.0,8.0,1.0,1.0,0.6703296703296703,0.9259184850875546,0.4547418724196177,emdx,EMDX,Derivatives,low_tvl_on_avax,structural_decay,1.0,avax_core,1.0,1,core_eligible
0.0,1361.0,90.0,90.0,1.791759469228055,1.791759469228055,1.6094379124341003,1.6094379124341003,0.9990049751243781,0.2,0.0,0.0,0.925379227916213,-0.0023772263733104846,-0.0023772263733104846,0.0,0.0,0.0,0.0,0.0,1.0,0.0,0.7333333333333333,0.8982444584947762,0.18232155679395468,emiswap,EmiSwap,Dexs,low_tvl_on_avax,structural_decay,1.0,avax_core,1.0,1,core_eligible
0.0,1578.0,90.0,91.0,11.927799503275258,12.492239821104887,11.964625093417927,12.087317262297068,0.591543129962359,0.40999091120775777,0.12222222222222222,0.12222222222222222,0.9678060983026822,-0.005907160879030399,-0.0075732171575875785,0.08145614615624476,0.0004091732238074365,0.04129459425946019,1.0,3.0,1.0,1.0,0.6373626373626373,0.9541864629434584,0.4049225588078187,empiredex,EmpireDEX,Dexs,active_on_avax,resilient_or_unproven,0.0,avax_core,1.0,1,core_eligible
0.0,710.0,90.0,91.0,0.0,0.6931471805599453,0.0,0.0,0.999000999000999,1.0,0.0,0.0,0.0,0.0,0.0,0.0,0.0,0.0,0.0,0.0,0.0,0.0,1.0,1.0,0.6931471805599453,envelop,Envelop,NftFi,low_tvl_on_avax,structural_decay,1.0,avax_core,1.0,1,core_eligible
0.0,1214.0,90.0,91.0,2.9444389791664403,2.995732273553991,2.4849066497880004,2.833213344056216,0.9921491658488715,0.42105263157894735,0.4222222222222222,0.4222222222222222,0.6508753843890125,0.030010493192291075,-0.005727848594779085,0.0,0.0,0.0,0.0,0.0,0.6923076923076923,0.0,0.6923076923076923,0.8439321797591772,0.1625189294977747,etha-lend,ETHA Lend,Yield,low_tvl_on_avax,structural_decay,1.0,avax_core,1.0,1,core_eligible
36.0,347.0,90.0,91.0,1.791759469228055,18.700786493413037,18.700786493413037,18.13675531314488,1.0,0.0,1.0,1.0,0.8645274258302548,0.12602031864271696,0.0,0.873039663563363,0.13102257460108685,0.007627270665299335,0.0,6.0,1.0,0.8351648351648352,0.8351648351648352,1.0,0.5640311802681559,euler-v2,Euler V2,Lending,active_on_avax,censored,,avax_core,1.0,1,core_eligible
0.0,100.0,90.0,91.0,9.476236852356042,10.503998475174141,8.01102337918644,9.435162513668947,0.10712760277629471,0.9173614920460779,0.1111111111111111,0.1111111111111111,0.8628846777121187,-0.0285761294848784,-0.03436242720061989,0.19954263624491814,-0.01628014970188446,0.14586118508022766,6.0,4.0,1.0,0.5604395604395604,0.5274725274725275,0.7653374327038542,1.0688359615051937,eulerdebt,EulerDebt,Secondary Debt Markets,low_tvl_on_avax,censored,,avax_core,0.783014,1,core_eligible
0.0,687.0,90.0,91.0,0.0,0.6931471805599453,0.0,0.0,0.999000999000999,1.0,0.0,0.0,0.0,0.0,0.0,0.0,0.0,0.0,0.0,0.0,0.0,0.0,1.0,1.0,0.6931471805599453,everestdao,EverestDAO,DAO Service Provider,low_tvl_on_avax,structural_decay,1.0,avax_core,1.0,1,core_eligible
0.0,143.0,90.0,91.0,12.47563020686088,12.481926287102505,12.170683781456999,12.201240991867992,0.7335462896457868,0.26746480476606077,0.07777777777777778,0.07777777777777778,0.9793643283891023,-0.002185410139485053,-0.0011472452436430017,0.021104887715023557,-0.00338829361559867,0.021062660657809266,1.0,0.0,1.0,1.0,0.9010989010989011,0.9752427350224485,0.28068529523451247,excellion-finance,Excellion Finance,Risk Curators,active_on_avax,censored,,avax_core,0.818356,1,core_eligible
0.0,996.0,90.0,91.0,10.093157046992621,10.895961245142571,10.664199919258497,10.581089530093944,0.7968957548628928,0.20686843227014104,0.6111111111111112,0.6111111111111112,0.9676595807925525,0.005477603584572732,-0.010388943485149188,0.06654936517368325,0.006344920802954176,0.02395682916313752,0.0,5.0,1.0,1.0,0.6483516483516484,0.9699970526236417,0.31487171504862665,ferdyflip,FerdyFlip,Luck Games,low_tvl_on_avax,resilient_or_unproven,0.0,avax_core,1.0,1,core_eligible
0.0,1080.0,90.0,91.0,13.070512032598762,14.835596100419515,13.518720466481765,13.65527255458735,0.2682348200405777,0.7320290283046522,0.07777777777777778,0.07777777777777778,0.9311118909510084,-0.009589390036821804,-0.01399668641462006,0.1307819670652555,0.00498009370981115,0.05126165882148064,1.0,4.0,1.0,1.0,0.7362637362637363,0.9118299228957386,1.1803235458321648,flair-dex,Flair Dex,Dexs,active_on_avax,structural_decay,1.0,avax_core,1.0,1,core_eligible
0.0,839.0,90.0,91.0,6.606650186198215,7.31455283232408,7.267525427828172,7.134093721192866,0.9724110355857657,0.04596935376415723,0.9666666666666667,0.9666666666666667,0.957807731261773,0.00840042957962538,-0.016227958836438638,0.0434473894148762,0.0039863405390327955,0.015415683517514236,0.0,1.0,1.0,0.0,0.7142857142857143,0.9998093811056797,0.1804591111312135,flashliquidity,FlashLiquidity,Dexs,low_tvl_on_avax,structural_decay,1.0,avax_core,1.0,1,core_eligible
0.0,1550.0,90.0,91.0,4.204692619390966,13.789077256253261,12.137552876398367,12.040443000416571,0.192585587211974,0.808243455260845,0.5777777777777777,0.5777777777777777,0.8450538667485928,0.04623493634970597,-0.034967764841866734,0.5387748493754997,0.05809775663425718,0.12018224937696013,8.0,9.0,1.0,0.945054945054945,0.945054945054945,0.8776949765471003,1.7486342558366896,float,Float,Derivatives,active_on_avax,structural_decay,1.0,avax_core,1.0,1,core_eligible
0.0,1111.0,90.0,91.0,0.6931471805599453,0.6931471805599453,0.0,0.0,0.999000999000999,1.0,0.0,0.0,0.06593406593406592,-0.0022409440620109714,-0.0022409440620109714,0.0,0.0,0.0,0.0,0.0,0.06593406593406594,0.0,0.9340659340659341,1.4426929595229852e-06,0.6931471805599453,flokifi-locker,FlokiFi Locker,Token Locker,active_on_avax,resilient_or_unproven,0.0,avax_core,1.0,1,core_eligible
0.0,521.0,90.0,91.0,12.652612516210057,15.85802083370536,15.770006882942454,13.00959549481808,0.9157590166073181,0.0842519096781323,0.9333333333333333,0.9333333333333333,0.8804276744339253,0.04798006682216956,-0.010646327879120612,0.13866665636112163,0.03463771518591552,0.05142727577725053,2.0,9.0,1.0,1.0,0.5934065934065934,0.999255233708482,2.84842533888728,folks-finance-xchain,Folks Finance xChain,Lending,active_on_avax,resilient_or_unproven,0.0,avax_core,1.0,1,core_eligible
0.0,677.0,90.0,91.0,12.20059265778739,13.800682158657674,13.687039483164861,13.142683517826312,0.8926856470779089,0.10742327054238389,0.9333333333333333,0.9333333333333333,0.9512077212639886,0.009705109769955766,-0.0146033005716611,0.06351640395492868,0.01651607583752747,0.01378578532817778,0.0,3.0,1.0,1.0,0.8131868131868132,1.0,0.6579986408313623,fortifi,FortiFi,Yield Aggregator,active_on_avax,resilient_or_unproven,0.0,avax_core,1.0,1,core_eligible
0.0,1561.0,90.0,91.0,0.0,0.6931471805599453,0.0,0.0,0.999000999000999,1.0,0.0,0.0,0.0,0.0,0.0,0.0,0.0,0.0,0.0,0.0,0.0,0.0,1.0,1.0,0.6931471805599453,fortress,Fortress,Reserve Currency,low_tvl_on_avax,structural_decay,1.0,avax_core,1.0,1,core_eligible
0.0,1233.0,90.0,91.0,13.872737413906453,13.883068266764413,13.88008689088697,13.879579593910918,0.9970258410986739,0.0029769387722674554,0.9555555555555556,0.9555555555555556,0.7689988955325652,0.06970121645810028,-0.0004369416026330342,1.0391148468314275,8.166085533907679e-05,0.7303691313551269,1.0,1.0,0.7692307692307693,0.7692307692307693,0.7692307692307693,0.9999656688512925,0.0034886728534946343,fractal-protocol,Fractal Protocol,Yield,low_tvl_on_avax,structural_decay,1.0,avax_core,1.0,1,core_eligible
0.0,1261.0,90.0,91.0,14.241030549131157,14.39770383119854,3.9512437185814275,14.225744278147541,0.0005868364379084055,0.999971507727272,0.4777777777777778,0.4777777777777778,0.6860579859340663,-0.1659043432710092,-0.19617724018689003,0.7632672102059427,-0.08146973077573262,0.7627442367040413,1.0,0.0,1.0,0.5714285714285714,0.5714285714285714,0.2755310863401005,0.17195955305099808,frax-swap,Frax Swap,Dexs,active_on_avax,resilient_or_unproven,0.0,avax_core,1.0,1,core_eligible
0.0,1192.0,90.0,91.0,0.0,0.6931471805599453,0.0,0.0,0.999000999000999,1.0,0.0,0.0,0.0,0.0,0.0,0.0,0.0,0.0,0.0,0.0,0.0,0.0,1.0,1.0,0.6931471805599453,freebie-life-finance,Freebie Life Finance,Yield Lottery,low_tvl_on_avax,structural_decay,1.0,avax_core,1.0,1,core_eligible
0.0,1338.0,90.0,91.0,0.0,0.6931471805599453,0.0,0.0,0.999000999000999,1.0,0.0,0.0,0.0,0.0,0.0,0.0,0.0,0.0,0.0,0.0,0.0,0.0,1.0,1.0,0.6931471805599453,frozen-walrus-finance,Frozen Walrus Finance,Algo-Stables,low_tvl_on_avax,structural_decay,1.0,avax_core,1.0,1,core_eligible
0.0,1324.0,90.0,91.0,10.475511751023127,10.534519939024273,10.36549051160455,10.417298715142485,0.8485099766778958,0.15552008512902368,0.2111111111111111,0.2111111111111111,0.9904405263050011,-0.0015398545324579306,-0.0018809048504435837,0.010900524132696581,-0.0012224582157619678,0.00727516381985452,0.0,0.0,1.0,1.0,0.6923076923076923,0.9853884088686279,0.11722122388178846,futureswap,FutureSwap,Derivatives,low_tvl_on_avax,resilient_or_unproven,0.0,avax_core,1.0,1,core_eligible
0.0,784.0,90.0,91.0,12.19040555510109,12.938745781113898,12.683101539712663,12.219891720755554,0.7749576866462412,0.22558311665216785,0.8444444444444444,0.8444444444444444,0.9556445372241803,0.008110191323211674,-0.020343745592184898,0.04339199338876171,0.005474399829017469,0.022088638454157924,0.0,1.0,1.0,1.0,0.7142857142857143,0.9847369779281747,0.7188540603583444,fwx-derivatives,FWX Derivatives,Derivatives,low_tvl_on_avax,resilient_or_unproven,0.0,avax_core,1.0,1,core_eligible
0.0,577.0,90.0,91.0,11.909343101192045,11.94442212628595,11.126159434294548,11.860888570806933,0.44480010325578395,0.5588061446526582,0.2222222222222222,0.2222222222222222,0.9815895499446361,-0.00814293072826818,-0.0117345866892927,0.06377358404684745,-0.008702040743305517,0.06218914711381259,1.0,0.0,1.0,1.0,0.7692307692307693,0.9364518375942882,0.08353355547901664,fwx-dex,FWX DEX,Dexs,low_tvl_on_avax,structural_decay,1.0,avax_core,1.0,1,core_eligible
0.0,1506.0,90.0,91.0,9.099408811268901,9.166492972195906,8.867004635333567,8.884610231886873,0.7656575212866603,0.2588296760710554,0.2111111111111111,0.2111111111111111,0.9754573484360533,-0.0034109572498027506,-0.002121982691871948,0.03545448403790942,-0.0025822686215037174,0.031099772988434096,1.0,0.0,1.0,0.0,0.6593406593406593,0.9706056120579697,0.28188274030903315,gaia-dao,Gaia DAO,Reserve Currency,low_tvl_on_avax,structural_decay,1.0,avax_core,1.0,1,core_eligible
0.0,675.0,90.0,91.0,0.0,0.6931471805599453,0.0,0.0,0.999000999000999,1.0,0.0,0.0,0.0,0.0,0.0,0.0,0.0,0.0,0.0,0.0,0.0,0.0,1.0,1.0,0.6931471805599453,galaxygoogle-dao,GalaxyGoogle DAO,Reserve Currency,low_tvl_on_avax,structural_decay,1.0,avax_core,1.0,1,core_eligible
0.0,963.0,90.0,91.0,0.6931471805599453,11.546447277887607,11.546447277887607,1.0986122886681098,1.0,0.0,1.0,1.0,0.29659203123678757,0.13281448551635486,0.0,0.41828880612606817,0.051529916650804294,0.005046710464878602,0.0,3.0,0.8791208791208791,0.21978021978021978,0.7802197802197802,1.0,10.447834989219498,gamma,Gamma,Liquidity Manager,low_tvl_on_avax,resilient_or_unproven,0.0,avax_core,1.0,1,core_eligible
0.0,1104.0,90.0,91.0,1.3862943611198906,8.295049140435111,0.6931471805599453,1.3862943611198906,0.20007995202878273,0.9997501873594804,0.4444444444444444,0.4444444444444444,0.4038044658117919,-0.029466718561685274,-0.17280837587174833,0.15958949153722277,0.0,0.11454294014354245,4.0,6.0,0.9120879120879121,0.0,0.5934065934065934,0.08745936666172191,6.90875477931522,genius,Genius,Yield,low_tvl_on_avax,structural_decay,1.0,avax_core,1.0,1,core_eligible
0.0,1257.0,90.0,91.0,14.246393869016986,14.482447224504131,13.728756965927067,14.0495837624192,0.47089791556688976,0.5293736613047855,0.43333333333333335,0.43333333333333335,0.9741281067483202,-0.007404603217724981,-0.00871991127796535,0.04650170957638991,-0.0057515211454435425,0.03290462323016372,1.0,1.0,1.0,1.0,0.4945054945054945,0.9535163185272126,0.4328634620849314,geode,Geode,Liquid Staking,active_on_avax,resilient_or_unproven,0.0,avax_core,1.0,1,core_eligible
0.0,1072.0,90.0,91.0,16.28331860628084,16.659561492025755,14.49029822943188,14.946796856297677,0.11431325292792373,0.8857382847140919,0.022222222222222223,0.022222222222222223,0.914139444013192,-0.02070672673485387,-0.020290545985685495,0.06475414059213064,-0.019922448631655106,0.04700425000538943,2.0,1.0,1.0,1.0,0.7032967032967034,0.882906114191785,1.7127646357280781,glacier-exchange-v2,Glacier Exchange V2,Dexs,low_tvl_on_avax,structural_decay,1.0,avax_core,1.0,1,core_eligible
0.0,890.0,90.0,91.0,11.152357237744347,11.83431306988718,7.7475968386928855,11.57101511174483,0.023865575257553832,0.9832128380093254,0.7444444444444445,0.7444444444444445,0.9236007205169661,-0.030042878337913845,-0.10382880474499796,0.2010216495300053,-0.0378306711005718,0.19698670055315162,6.0,1.0,1.0,0.8131868131868132,0.7582417582417582,0.7096521892190218,0.2632979581423509,glacier-exchange-v3,Glacier Exchange V3,Dexs,low_tvl_on_avax,structural_decay,1.0,avax_core,1.0,1,core_eligible
0.0,990.0,90.0,91.0,15.014726566655293,15.014726566655293,13.98056302534285,14.515110872196868,0.3557176495262639,0.6444765568434677,0.0,0.0,0.9678722415484621,-0.010440993116302274,-0.010440993116302274,0.03010975889288577,-0.011490706014582703,0.02784107981707149,0.0,0.0,1.0,1.0,0.5494505494505495,0.9378956628149581,0.49961569445842535,gmd-protocol,GMD Protocol,Yield Aggregator,active_on_avax,resilient_or_unproven,0.0,avax_core,1.0,1,core_eligible
5.0,1536.0,90.0,91.0,7.164720378771857,18.356722214587045,18.298239999240486,18.139695596953214,0.943195619603475,0.056804985958599445,0.5444444444444444,0.5444444444444444,0.8876748668985188,0.10269609739291068,0.0002102706345422466,0.784780808054535,0.12370577356076257,0.03448794596640791,2.0,10.0,1.0,0.8351648351648352,0.8351648351648352,0.9977917778844992,0.2170266176338309,gmx-v1-perps,GMX V1 Perps,Derivatives,active_on_avax,resilient_or_unproven,0.0,avax_core,1.0,1,core_eligible
0.0,942.0,90.0,91.0,13.176199835208658,15.279863043389604,15.238629494560314,14.867022853319138,0.9596143181018003,0.040395020187336074,0.9444444444444444,0.9444444444444444,0.964231674840065,0.015400039136870694,-0.002719932633705824,0.09894845779425748,0.022915885103907286,0.0346607347709527,1.0,5.0,1.0,1.0,0.7692307692307693,1.0,0.41284019007046524,gmx-v2-perps,GMX V2 Perps,Derivatives,active_on_avax,resilient_or_unproven,0.0,avax_core,1.0,1,core_eligible
0.0,551.0,90.0,91.0,12.207651398643389,12.208315129282953,12.207316871160334,12.20626262748246,0.9990071879591755,0.000997765006385696,0.5333333333333333,0.5333333333333333,0.9998287739979719,-4.357255668887064e-06,-1.1848633423679323e-05,0.0011678345174772153,-3.7169720339452145e-06,0.000747394476197919,0.0,0.0,1.0,1.0,0.7362637362637363,0.999881996872921,0.0020525018004935447,goldlink,GoldLink,Leveraged Farming,low_tvl_on_avax,structural_decay,1.0,avax_core,1.0,1,core_eligible
0.0,425.0,90.0,91.0,11.769820956768923,12.448924702064161,12.070527798695032,12.002345617571844,0.6861881043070612,0.31504265124031766,0.9444444444444444,0.9444444444444444,0.9634031856954961,0.0049563834699977395,-0.06476291806787532,0.0543525766554506,0.0033411871325123243,0.03556291644832819,2.0,0.0,1.0,1.0,0.7472527472527473,0.9967878169706927,0.446579084492317,goldstation-dex-v3,GOLDSTATION DEX V3,Dexs,active_on_avax,censored,,avax_core,1.0,1,core_eligible
0.0,1777.0,90.0,90.0,5.438079308923196,17.04316279719245,14.089021695330255,15.223845848336024,0.052160954745726594,0.9478766275283377,0.1797752808988764,0.17777777777777778,0.8827746761735121,-0.0015138654270358267,-0.03541836454738055,0.6093803549262058,0.08067715635971949,0.07154213505496555,5.0,9.0,1.0,0.9777777777777777,0.9,0.8341379517258594,1.8194878197898792,gondola-finance,Gondola Finance,Dexs,low_tvl_on_avax,structural_decay,1.0,avax_core,1.0,1,core_eligible
0.0,1368.0,90.0,91.0,11.202152163695045,12.144537609412376,11.420744384424516,11.836493369111318,0.48763110709128704,0.5150933463786072,0.45555555555555555,0.45555555555555555,0.9622101621402641,0.004013352038928374,-0.013866021322028337,0.13657518642633215,0.0024288024525496808,0.059520501133421826,3.0,4.0,1.0,1.0,0.7032967032967034,0.9488341762550281,0.3080442403010579,granary-finance,Granary Finance,Lending,low_tvl_on_avax,resilient_or_unproven,0.0,avax_core,1.0,1,core_eligible
0.0,1508.0,90.0,91.0,0.0,0.6931471805599453,0.0,0.0,0.999000999000999,1.0,0.0,0.0,0.0,0.0,0.0,0.0,0.0,0.0,0.0,0.0,0.0,0.0,1.0,1.0,0.6931471805599453,grape-finance,Grape Finance,Algo-Stables,low_tvl_on_avax,structural_decay,1.0,avax_core,1.0,1,core_eligible
0.0,1467.0,90.0,91.0,16.704915181670234,16.704915181670234,6.728628613084702,7.580699752224563,0.00010203741753805787,0.9999535662225466,0.0,0.0,0.47247010961222136,-0.03919683806167419,-0.03919683806167419,0.49057546075119574,-0.10884622669283349,0.4878151476672841,9.0,0.0,1.0,0.07692307692307693,0.9010989010989011,0.4002515497328675,9.124215429445671,grave-finance,Grave Finance,Algo-Stables,low_tvl_on_avax,structural_decay,1.0,avax_core,1.0,1,core_eligible
0.0,1092.0,90.0,91.0,2.833213344056216,10.655210198000303,10.230738835101377,10.104385494903019,0.6620750023035106,0.3458926718853155,0.4222222222222222,0.4222222222222222,0.6935444252291754,0.11388508933916193,-0.0012344929115386647,0.2933967516284001,0.03691093395317952,0.03970390543901286,1.0,3.0,1.0,0.6153846153846154,0.6153846153846154,0.982621826222376,0.5508247030972839,grim-finance,Grim Finance,Yield,low_tvl_on_avax,structural_decay,1.0,avax_core,1.0,1,core_eligible
0.0,1545.0,90.0,91.0,14.922632536299792,15.130488546787195,14.516036945086142,14.525882044805599,0.5410605561204058,0.45906266008138175,0.05555555555555555,0.05555555555555555,0.9623922002589952,-0.008412880549935586,-0.008229327958197889,0.23079608637640728,-0.004517728791262776,0.14599021789728162,5.0,3.0,1.0,1.0,0.6373626373626373,0.9656495039631932,0.6046065019815963,gro,Gro,Yield,active_on_avax,structural_decay,1.0,avax_core,1.0,1,core_eligible
210.0,1375.0,90.0,91.0,12.335437244113288,12.373589315491953,10.777747225933355,11.648530955166525,0.20609166554372726,0.7972656382150952,0.2111111111111111,0.2111111111111111,0.9483995502512799,-0.01347758521580123,-0.010931644635005042,0.0786745670107379,-0.017307666868665923,0.07768622469460074,3.0,0.0,1.0,1.0,0.6483516483516484,0.8836720469363534,0.7250583603254288,growth-defi,Growth DeFi,Yield,active_on_avax,resilient_or_unproven,0.0,avax_core,1.0,1,core_eligible
0.0,1051.0,90.0,89.0,9.55506418479516,9.55506418479516,7.110696122978827,8.24354550792826,0.1471386040357261,0.9132837407013815,0.0,0.0,0.8697367636055505,-0.024675148358155936,-0.024675148358155936,0.10653558943172943,-0.027776909793367423,0.07898434267321845,10.0,3.0,1.0,0.056179775280898875,0.6292134831460674,0.7708532286476291,1.3115186768668998,guru-network-classic,Guru Network Classic,Yield,low_tvl_on_avax,structural_decay,1.0,avax_core,1.0,1,core_eligible
0.0,384.0,90.0,91.0,13.830597180409411,14.805155835380447,14.000214275159793,14.344462699256578,0.44731928573737617,0.5528861504698955,0.15555555555555556,0.15555555555555556,0.9667347959021447,-0.004785385508994596,-0.00989869590711274,0.07824872799493629,0.0018846343861153594,0.034473088177851476,1.0,1.0,1.0,1.0,0.5604395604395604,0.9513691694954484,0.46069313612386864,gyroscope-protocol,Gyroscope Protocol,Dexs,active_on_avax,censored,,avax_core,0.996164,1,core_eligible
0.0,1515.0,90.0,90.0,3.4011973816621555,15.918319322097767,14.906482735166236,14.946289733535593,0.3636283051640888,0.636449404076473,0.4044943820224719,0.4111111111111111,0.8183189226396309,0.09993130564961719,-0.013971256794968615,0.5331608402646493,0.08986211186349456,0.04571623169957631,1.0,11.0,1.0,0.7222222222222222,0.7,0.9492913171842581,0.9720372302075173,hakuswap,HakuSwap,Dexs,active_on_avax,structural_decay,1.0,avax_core,1.0,1,core_eligible
0.0,1236.0,90.0,91.0,11.80032749821469,13.078371781667768,12.575133071744538,12.694855093845533,0.6053933427880204,0.395431365992309,0.24444444444444444,0.24444444444444444,0.9776139613343332,-0.0033161228554426515,-0.005286117425080944,0.08557466363113131,0.008608950816998313,0.03541681780412592,1.0,3.0,1.0,1.0,0.6703296703296703,0.9685846626269243,0.3835166878222349,hedgefarm,HedgeFarm,Yield,active_on_avax,resilient_or_unproven,0.0,avax_core,1.0,1,core_eligible
0.0,1516.0,90.0,91.0,0.0,0.6931471805599453,0.0,0.0,0.999000999000999,1.0,0.0,0.0,0.0,0.0,0.0,0.0,0.0,0.0,0.0,0.0,0.0,0.0,1.0,1.0,0.6931471805599453,hermes-finance,Hermes Finance,Algo-Stables,low_tvl_on_avax,structural_decay,1.0,avax_core,1.0,1,core_eligible
7.0,1482.0,90.0,91.0,1.9459101490553132,20.116150754872717,19.951184081673414,19.528876956420785,0.8479222409465856,0.15207803813580537,0.7222222222222222,0.7222222222222222,0.9482668419428159,0.04320956631752259,-0.0008734810010391336,1.0559144095931672,0.14491588113731327,0.03209179834660919,2.0,7.0,1.0,0.978021978021978,0.967032967032967,0.9968814684062737,0.5872737984519318,homora-v2,Homora V2,Leveraged Farming,active_on_avax,structural_decay,1.0,avax_core,1.0,1,core_eligible
0.0,1543.0,90.0,91.0,0.0,0.6931471805599453,0.0,0.0,0.999000999000999,1.0,0.0,0.0,0.0,0.0,0.0,0.0,0.0,0.0,0.0,0.0,0.0,0.0,1.0,1.0,0.6931471805599453,honeyfarm,HoneyFarm,Yield,low_tvl_on_avax,structural_decay,1.0,avax_core,1.0,1,core_eligible
0.0,850.0,90.0,91.0,9.75655244441243,9.75655244441243,8.627660644442209,9.456418894572888,0.36039636483083326,0.6766477470172594,0.0,0.0,0.952750028245439,-0.011267620277507748,-0.011267620277507748,0.06976988324314767,-0.012543242221891345,0.04680099974144787,3.0,3.0,1.0,0.6593406593406593,0.7142857142857143,0.8882596024354348,0.30013354983954166,hot-takes,Hot Takes,SoFi,low_tvl_on_avax,structural_decay,1.0,avax_core,1.0,1,core_eligible
0.0,1308.0,90.0,91.0,14.07651158595471,15.372599039547628,15.231010260807647,15.28804637476043,0.8680059039377495,0.13202191366253002,0.1,0.1,0.9927966894050946,0.0010798015495366113,-0.0011083293788444403,0.07806900293562608,0.012827763053921516,0.010196431820450718,0.0,2.0,1.0,1.0,0.9560439560439561,0.9923731162297471,0.08455266478719814,hubble-exchange,Hubble Exchange,Derivatives,active_on_avax,structural_decay,1.0,avax_core,1.0,1,core_eligible
0.0,1346.0,90.0,91.0,13.141934605380731,13.494009689033195,13.13007754654414,13.248488410534792,0.6953580907336732,0.3050620708107892,0.4777777777777778,0.4777777777777778,0.983541234376295,-0.0013334464117025144,-0.006614692478855763,0.03294601191649023,-0.00013174509818435117,0.01962138778948546,0.0,0.0,1.0,1.0,0.6703296703296703,0.9748804691444556,0.2455212784984031,hunnyswap,HunnySwap,Dexs,active_on_avax,resilient_or_unproven,0.0,avax_core,1.0,1,core_eligible
0.0,1609.0,90.0,91.0,14.125105529521592,17.311773695622296,15.462810568744688,16.749103031148337,0.15742579911201593,0.8425997396818264,0.08888888888888889,0.08888888888888889,0.9571204086390313,-0.004328450092734473,-0.016030741841504968,0.2671908647958818,0.014863389324701062,0.09981989484386183,7.0,6.0,1.0,1.0,0.7912087912087912,0.9110004467772027,0.5626706644739592,hurricaneswap,HurricaneSwap,Dexs,active_on_avax,structural_decay,1.0,avax_core,1.0,1,core_eligible
0.0,982.0,90.0,91.0,13.07933060758691,14.33581570870337,14.143495450188421,14.053395321746823,0.8251464176675339,0.1749575047249991,0.5111111111111111,0.5111111111111111,0.9617364221263917,0.01367823471768716,0.0013911302693005159,0.06520313103668383,0.011824053806683468,0.026917522728365527,1.0,4.0,1.0,1.0,0.6043956043956044,0.9943120747702485,0.2824203869565469,hypha,Hypha,Liquid Staking,active_on_avax,resilient_or_unproven,0.0,avax_core,1.0,1,core_eligible
0.0,1547.0,90.0,91.0,14.677582879361864,15.928622220375049,0.0,14.42591559899406,0.00012084671005708073,1.0,0.08888888888888889,0.08888888888888889,0.5881477878920025,-0.23163749744391715,-0.2628407340013822,0.6942170429936507,-0.08632031222274049,0.6811302364480759,7.0,6.0,0.6373626373626373,0.6373626373626373,0.6373626373626373,6.389373763793425e-08,1.5027066213809892,ice-dao,Ice DAO,Reserve Currency,low_tvl_on_avax,structural_decay,1.0,avax_core,1.0,1,core_eligible
0.0,1495.0,90.0,91.0,0.0,0.6931471805599453,0.0,0.0,0.999000999000999,1.0,0.0,0.0,0.0,0.0,0.0,0.0,0.0,0.0,0.0,0.0,0.0,0.0,1.0,1.0,0.6931471805599453,icecream-finance,IceCream Finance,Algo-Stables,low_tvl_on_avax,structural_decay,1.0,avax_core,1.0,1,core_eligible
0.0,1594.0,90.0,91.0,12.779968838519341,16.446287845303143,15.757587512564974,16.015367445507852,0.5022641871694452,0.4977716609899761,0.3888888888888889,0.3888888888888889,0.9643510541844701,0.011699036179318733,-0.003988664341047149,0.1358312768193935,0.033084651933840366,0.04159078907645084,1.0,6.0,1.0,1.0,0.9120879120879121,0.9730508666134405,0.4309203997952906,impermax-v2,Impermax V2,Lending,active_on_avax,structural_decay,1.0,avax_core,1.0,1,core_eligible
0.0,1290.0,90.0,91.0,14.032333375461388,14.032333375461388,1.3862943611198906,13.806855208260957,0.000806838904919304,0.9999975847802512,0.0,0.0,0.8403966906455775,-0.11461084444269164,-0.11461084444269164,0.7229293856818202,-0.07915087329051297,0.7228485190951458,2.0,0.0,1.0,0.8351648351648352,0.8351648351648352,0.09879292525583853,0.22547816720043024,impossible-finance,Impossible Finance,Launchpad,low_tvl_on_avax,structural_decay,1.0,avax_core,1.0,1,core_eligible
0.0,710.0,90.0,91.0,5.3471075307174685,5.384495062789089,4.23410650459726,4.330733340286331,0.8775677896466721,0.6866359447004609,0.044444444444444446,0.044444444444444446,0.8364364770980369,-0.010820830881720407,-0.009609079548138395,0.0,0.0,0.0,0.0,0.0,1.0,0.0,0.8241758241758241,0.7922612155884967,1.0537617225027578,incognito,Incognito,Dexs,low_tvl_on_avax,structural_decay,1.0,avax_core,1.0,1,core_eligible
0.0,1615.0,90.0,91.0,8.446556111816797,16.163574051573317,16.03847727824197,16.014950235708675,0.8824227282980978,0.11758850668443462,0.5222222222222223,0.5222222222222223,0.9761801970598498,0.014577205825904316,-0.0033993251623904144,0.7133116773790998,0.08435467962694637,0.02721394757459019,1.0,3.0,1.0,0.978021978021978,0.978021978021978,0.9906455769231685,0.14862381586464224,insurace,InsurAce,Insurance,active_on_avax,resilient_or_unproven,0.0,avax_core,1.0,1,core_eligible
0.0,1506.0,90.0,91.0,17.954821347498974,18.61486157573243,17.60421808445549,18.112235507837017,0.36398991558970695,0.6360153220104582,0.37777777777777777,0.37777777777777777,0.9729278172607358,-0.0008373722606013514,-0.004657385776237259,0.14180594976925348,-0.00389559181159428,0.09580729991154455,10.0,12.0,1.0,1.0,0.6703296703296703,0.9727039528513182,0.5026260678954131,iron-bank,Iron Bank,Lending,active_on_avax,structural_decay,1.0,avax_core,1.0,1,core_eligible
0.0,1641.0,90.0,91.0,11.666178599266836,15.265946877226025,12.568605896032599,13.00472783087089,0.06760284990016348,0.9326157674114778,0.28888888888888886,0.28888888888888886,0.8656927527040668,-0.0060947399874575064,-0.02878579776421736,0.7335457610765159,0.010026969964064037,0.40072744197796656,8.0,5.0,1.0,0.989010989010989,0.6483516483516484,0.8514559634908535,2.2612190463551354,iron-finance,Iron Finance,CDP,low_tvl_on_avax,structural_decay,1.0,avax_core,1.0,1,core_eligible
0.0,1128.0,90.0,89.0,7.02197642307216,7.0967213784947605,7.020190708311925,7.020190708311925,0.9596737652922519,0.07373653686826843,0.7613636363636364,0.7666666666666667,0.9894238056492881,4.148992747094002e-05,-0.0009085172010379993,0.014553663347637347,-2.0292213184487778e-05,0.00932660302998101,0.0,0.0,1.0,0.0,0.9325842696629213,0.9979038101165335,0.07653067018283544,jarvis-network,Jarvis Network,Derivatives,low_tvl_on_avax,structural_decay,1.0,avax_core,1.0,1,core_eligible
0.0,1671.0,90.0,91.0,17.118202430189488,21.660815881693782,21.433607264070595,20.74564627315013,0.7967546274194428,0.20324545216860565,0.8666666666666667,0.8666666666666667,0.9332706517955897,0.04698512226026574,-0.022275167463237596,0.1423322990748615,0.04794894259867897,0.03926952533459005,1.0,13.0,1.0,1.0,0.8131868131868132,0.9912333979768778,0.9151696085436534,joe-dex,Joe DEX,Dexs,active_on_avax,structural_decay,1.0,avax_core,1.0,1,core_eligible
0.0,1254.0,90.0,91.0,16.401570359856077,16.787248762389588,16.399191380997763,16.514331432893627,0.6783898706748546,0.32162660033538143,0.18888888888888888,0.18888888888888888,0.9866274613806263,-0.002615259615674373,-0.0050359742518754245,0.031246907261549297,-2.6433098425708104e-05,0.022353187395229866,1.0,0.0,1.0,1.0,0.6483516483516484,0.9792826428857527,0.2729173294959608,joe-lend,Joe Lend,Lending,active_on_avax,resilient_or_unproven,0.0,avax_core,1.0,1,core_eligible
0.0,708.0,90.0,91.0,18.510581994565243,18.57400663516356,16.593196765919764,18.077804346398466,0.13796485212334955,0.862042542846182,0.022222222222222223,0.022222222222222223,0.9605537452508103,-0.021027184357335464,-0.021402252899908793,0.0853625176320944,-0.0213042803182831,0.05623714462172985,4.0,5.0,1.0,1.0,0.7582417582417582,0.8943492056587405,0.49620228876509387,joe-stek,Joe Stek,Farm,active_on_avax,structural_decay,1.0,avax_core,1.0,1,core_eligible
0.0,1207.0,90.0,91.0,13.066351600043086,16.97369028346158,16.90170267653464,15.792851542321072,0.93054537710048,0.06945757493211521,0.8555555555555555,0.8555555555555555,0.9355043044297732,0.02649764806035913,-0.0136601089726595,0.16105824346631953,0.04261501196101726,0.0228564452302024,0.0,8.0,1.0,1.0,0.6153846153846154,0.9929206670296674,1.1808387411405068,joe-v2,Joe V2,Dexs,active_on_avax,structural_decay,1.0,avax_core,1.0,1,core_eligible
0.0,1066.0,90.0,91.0,12.73926818651689,17.129009490293008,17.010267322729426,16.896844673913918,0.888040805890057,0.11196326815171337,0.6777777777777778,0.6777777777777778,0.9621298590583941,0.026319965116313324,-0.0007135257828944426,0.21619241550207827,0.04745554595791707,0.04100228924406994,3.0,7.0,1.0,1.0,0.8021978021978022,0.9952243072809349,0.2321648163790897,joe-v2.1,Joe V2.1,Dexs,active_on_avax,resilient_or_unproven,0.0,avax_core,1.0,1,core_eligible
0.0,626.0,90.0,91.0,2.3978952727983707,17.394581172838556,17.36136942483229,16.995937362247876,0.9673346174229863,0.0326662939940511,0.7333333333333333,0.7333333333333333,0.9061452216792135,0.07181016142777383,-2.699258260956747e-05,0.5651711634945504,0.11614016272796744,0.09203338263874447,3.0,13.0,1.0,0.989010989010989,0.7802197802197802,0.9974977527725919,0.39864381059068066,joe-v2.2,Joe V2.2,Dexs,active_on_avax,resilient_or_unproven,0.0,avax_core,1.0,1,core_eligible
0.0,888.0,90.0,91.0,17.289321767530936,17.33351562570995,17.327614915198165,17.310625695913465,0.9941168388002443,0.00588333568575017,0.9222222222222223,0.9222222222222223,0.9986299607091107,0.0005441051873247571,-0.0008216375767433721,0.0023103676257863813,0.0004254794185247669,0.0012654040922762324,0.0,0.0,1.0,1.0,0.5054945054945055,0.9998592090502305,0.02288992979648441,k3-capital,K3 Capital,Risk Curators,active_on_avax,resilient_or_unproven,0.0,avax_core,1.0,1,core_eligible
0.0,1349.0,90.0,91.0,10.527097070380183,11.109518237971509,10.852690680366042,10.780725557146582,0.7768387829447074,0.22650180381120608,0.5222222222222223,0.5222222222222223,0.9681650594709448,0.000847368808220814,-0.0035974343937031444,0.06381316872255965,0.003617706777620653,0.03873737798635709,2.0,2.0,1.0,1.0,0.6153846153846154,0.9750014580312462,0.3287926808249271,kalmy-app,Kalmy App,Yield,low_tvl_on_avax,structural_decay,1.0,avax_core,1.0,1,core_eligible
0.0,637.0,90.0,91.0,12.227902628116823,12.227902628116823,0.0,0.0,0.00486824105582412,1.0,0.0,0.0,0.3468144111465788,-0.1786668889491423,-0.1786668889491423,0.3546275210333418,-0.059101642764462246,0.3531407423348086,4.0,1.0,0.37362637362637363,0.37362637362637363,0.6263736263736264,8.178016693725011e-08,12.227902628116823,kandyland-finance,Kandyland Finance,Reserve Currency,low_tvl_on_avax,structural_decay,1.0,avax_core,1.0,1,core_eligible
0.0,1520.0,90.0,91.0,12.408503155246843,12.408503155246843,0.0,0.0,0.004067123811383066,1.0,0.0,0.0,0.13047553480271007,-0.09271705582764161,-0.09271705582764161,0.5604706908286158,-0.061108315288129135,0.56011697175837,1.0,0.0,0.13186813186813187,0.13186813186813187,0.8681318681318682,8.058989121401531e-08,12.408503155246843,karma-dao,Karma DAO,Reserve Currency,low_tvl_on_avax,structural_decay,1.0,avax_core,1.0,1,core_eligible
0.0,1493.0,90.0,91.0,12.9150857933294,13.410795668371811,12.494988955996758,13.01436828317904,0.40109044758338497,0.5998072443739639,0.07777777777777778,0.07777777777777778,0.9681246368280348,-0.0050001683541301516,-0.005182325648312994,0.06805820151219005,-0.004667742637029349,0.04410311426568894,2.0,2.0,1.0,1.0,0.8241758241758241,0.9322803426321412,0.3964273851927711,kassandra-dao,Kassandra DAO,Indexes,low_tvl_on_avax,resilient_or_unproven,0.0,avax_core,1.0,1,core_eligible
0.0,615.0,90.0,91.0,10.817996698327853,10.936511880708872,8.101071503119543,10.327578124767458,0.07513551320160868,0.9413240790176188,0.23333333333333334,0.23333333333333334,0.867693968131309,-0.045127055701817985,-0.05604036106353128,0.2043909753064251,-0.030188057724536775,0.2004197930383844,3.0,0.0,1.0,0.5054945054945055,0.5054945054945055,0.7419201264053763,0.6089337559414147,kayak-v2,Kayak V2,Dexs,low_tvl_on_avax,structural_decay,1.0,avax_core,1.0,1,core_eligible
0.0,359.0,90.0,91.0,5.298317366548036,5.4638318050256105,0.0,5.318119993844216,0.8097165991902834,1.0,0.6444444444444445,0.6444444444444445,0.7633071990586364,-0.059614116905051244,-0.23578493723594748,0.0,0.0,0.0,0.0,0.0,0.7802197802197802,0.0,0.7802197802197802,1.8389507965424877e-07,0.14571181118139442,kewl-exchange,KEWL EXCHANGE,Dexs,low_tvl_on_avax,censored,,avax_core,0.99726,1,core_eligible
0.0,220.0,90.0,91.0,11.564929506717023,16.810998801745423,16.498805254498453,16.60992278082619,0.7318532661262918,0.26816014448326114,0.5666666666666667,0.5666666666666667,0.9592335018426955,0.03162827721412148,-0.0071444955641744206,0.41265279464589466,0.05482084164201589,0.03795889211378044,2.0,6.0,1.0,1.0,0.9120879120879121,0.9842677406548955,0.20107602091923482,keyring,Keyring,Risk Curators,active_on_avax,censored,,avax_core,0.881644,1,core_eligible
0.0,1486.0,90.0,91.0,13.53501327962009,13.547391868505763,12.769276275171439,13.272485381576,0.45997602557272244,0.5407300579485785,0.03333333333333333,0.03333333333333333,0.9800827719023858,-0.004268747295241263,-0.004102423176557122,0.04351898257924972,-0.008508188938318343,0.026967029424828995,0.0,1.0,1.0,1.0,0.6923076923076923,0.9575839243045668,0.27490648692976194,kine-finance,Kine Finance,Yield,low_tvl_on_avax,resilient_or_unproven,0.0,avax_core,1.0,1,core_eligible
0.0,1538.0,90.0,91.0,0.0,0.6931471805599453,0.0,0.0,0.999000999000999,1.0,0.0,0.0,0.0,0.0,0.0,0.0,0.0,0.0,0.0,0.0,0.0,0.0,1.0,1.0,0.6931471805599453,kitty-finance,Kitty Finance,Algo-Stables,low_tvl_on_avax,structural_decay,1.0,avax_core,1.0,1,core_eligible
0.0,786.0,90.0,91.0,13.051621119489983,15.1450697391975,11.661569582904383,14.79816826333769,0.030955915496236355,0.9693004876995568,0.4222222222222222,0.4222222222222222,0.8995357739763511,-0.04724066137714323,-0.08651498176646136,0.20610996367335516,-0.015445017073173339,0.15960616783706638,7.0,6.0,1.0,1.0,0.5934065934065934,0.7744860171744984,0.346901475859811,kuu-finance,Kuu Finance,Dexs,active_on_avax,structural_decay,1.0,avax_core,1.0,1,core_eligible
4.0,1632.0,90.0,91.0,16.655039154066138,17.69671594116936,16.259749715184867,17.378972328398127,0.2376633435717742,0.7623523803447995,0.7,0.7,0.9690045047365423,-0.012105326096844983,-0.03607561576789359,0.1200339710311063,-0.004392104876458565,0.10023720939767365,3.0,6.0,1.0,1.0,0.7142857142857143,0.9215338386108036,0.3177436127712312,kyberswap-classic,KyberSwap Classic,Dexs,active_on_avax,resilient_or_unproven,0.0,avax_core,1.0,1,core_eligible
0.0,1103.0,90.0,87.0,16.34049812774462,16.371617862513396,11.009207852663616,16.162449704407948,0.004766749603210601,0.9953104867239365,0.36046511627906974,0.35555555555555557,0.8711970945681916,-0.08907998217814043,-0.1509143479574713,0.7322194361765224,-0.06199174738466284,0.6262592941345538,8.0,3.0,1.0,0.9195402298850575,0.6666666666666666,0.4793117212821458,0.20916815810544875,kyberswap-elastic,KyberSwap Elastic,Dexs,low_tvl_on_avax,structural_decay,1.0,avax_core,1.0,1,core_eligible
0.0,229.0,90.0,91.0,11.53354148686151,17.93956488190675,17.93956488190675,12.028810269472153,1.0,0.0,1.0,1.0,0.6932613590159564,0.03702087915908976,0.0,0.37455916132724926,0.0711780377227249,0.019796159349056715,0.0,8.0,1.0,1.0,0.9120879120879121,1.0,5.910754612434598,lagoon,Lagoon,Onchain Capital Allocator,active_on_avax,censored,,avax_core,0.926027,1,core_eligible
1.0,687.0,90.0,91.0,9.432122997651051,10.05065677575275,7.920083199053234,8.865735152124781,0.15519238725693008,0.8812688821752266,0.5222222222222223,0.5222222222222223,0.8803218755903648,-0.013505855973738252,-0.047431444041068666,0.13894062005240912,-0.01680044220664241,0.0697547669803348,8.0,6.0,1.0,0.27472527472527475,0.6813186813186813,0.8122884701816252,1.184921623627968,lama-miner,Lama Miner,Ponzi,low_tvl_on_avax,structural_decay,1.0,avax_core,1.0,1,core_eligible
0.0,909.0,90.0,80.0,7.752764808851328,7.796880342783522,6.385194398997726,6.529418838262226,0.46386946386946387,0.756578947368421,0.10126582278481013,0.08888888888888889,0.8714054588390916,-0.02017846345522259,-0.017439301837600944,0.07630992528700603,-0.01068367125995073,0.07607599329065248,2.0,0.0,1.0,0.0,0.725,0.8189544242486759,1.2674615045212967,leech-protocol,Leech Protocol,Yield Aggregator,low_tvl_on_avax,structural_decay,1.0,avax_core,1.0,1,core_eligible
0.0,1551.0,90.0,91.0,13.744688872358603,15.62877675723585,12.448540278283208,14.010804277913989,0.041731978979805226,0.958424334186943,0.13333333333333333,0.13333333333333333,0.9226025672481093,-0.022923138511379268,-0.03158511174401887,0.20554862779036387,-0.014401651045282174,0.1862503095801637,3.0,3.0,1.0,1.0,0.6153846153846154,0.8423288653423386,1.6179724793218604,life-dao,Life DAO,Reserve Currency,low_tvl_on_avax,structural_decay,1.0,avax_core,1.0,1,core_eligible
0.0,651.0,90.0,91.0,0.0,0.6931471805599453,0.0,0.0,0.999000999000999,1.0,0.0,0.0,0.0,0.0,0.0,0.0,0.0,0.0,0.0,0.0,0.0,0.0,1.0,1.0,0.6931471805599453,louverture,Louverture,Yield,low_tvl_on_avax,structural_decay,1.0,avax_core,1.0,1,core_eligible
0.0,1782.0,90.0,91.0,15.354715687681956,15.902816593284195,13.911504140559343,15.089735840139879,0.13662310645258535,0.8634839702484001,0.25555555555555554,0.25555555555555554,0.9453533338677793,-0.011887170694845534,-0.02033320322307269,0.14503962775413634,-0.01603568385691793,0.09813455659365672,9.0,8.0,1.0,1.0,0.7252747252747253,0.8890807967585143,0.813080753144316,lydia,Lydia,Dexs,active_on_avax,structural_decay,1.0,avax_core,1.0,1,core_eligible
0.0,160.0,90.0,91.0,9.684149252062896,10.010771217755803,5.87493073085203,6.29156913955832,0.05824449793672627,0.9840549766439094,0.05555555555555555,0.05555555555555555,0.7235547902338556,-0.053937730180981816,-0.05308061119953505,0.19534709647483178,-0.030837716363863066,0.1936345460773273,3.0,0.0,1.0,0.2857142857142857,0.7142857142857143,0.589002930657905,3.7192020781974824,magic-square,Magic Square,Farm,low_tvl_on_avax,censored,,avax_core,0.832329,1,core_eligible
0.0,1303.0,90.0,91.0,14.365298207580716,14.365298207580716,12.888239765246956,13.45155488803282,0.22875290388515032,0.7716921617373119,0.0,0.0,0.9444816558119561,-0.013544075795356735,-0.013544075795356735,0.05188771401438564,-0.016411760470375115,0.03724782860238132,2.0,0.0,1.0,1.0,0.6263736263736264,0.901645284459368,0.9137433195478959,magik-farm,Magik Farm,Yield Aggregator,low_tvl_on_avax,structural_decay,1.0,avax_core,1.0,1,core_eligible
0.0,1524.0,90.0,91.0,16.129139739875644,16.147583479807526,13.70361875984026,13.785652200860651,0.08690453491113047,0.9131841214346496,0.011111111111111112,0.011111111111111112,0.8658304370410351,-0.017350883412663935,-0.01632670309444115,0.1968104090154702,-0.026950233111504258,0.19468600529557958,2.0,0.0,1.0,1.0,0.9120879120879121,0.8441236617445037,2.3619312789468747,magnet-dao,Magnet DAO,Algo-Stables,low_tvl_on_avax,structural_decay,1.0,avax_core,1.0,1,core_eligible
0.0,647.0,90.0,91.0,15.752684226295031,15.752684226295031,15.252107748122816,15.257491013482468,0.6062377973836149,0.3938189479630673,0.0,0.0,0.971812464675947,-0.003958153463774917,-0.003958153463774917,0.03440253542692646,-0.00556196086858017,0.022709088589512292,0.0,0.0,1.0,1.0,0.8021978021978022,0.9667240620163112,0.4951932128125627,marginswap,MarginSwap,Dexs,low_tvl_on_avax,resilient_or_unproven,0.0,avax_core,1.0,1,core_eligible
0.0,683.0,90.0,91.0,14.245971972380602,16.63731822148306,16.309505863839984,16.36071142204898,0.7205148152652121,0.27950181362706134,0.5555555555555556,0.5555555555555556,0.9730362672678116,0.01208512130718489,-0.004915992690947064,0.06685576156239155,0.022928154349548695,0.017677244187992273,0.0,4.0,1.0,1.0,0.8791208791208791,0.984416149963841,0.27660679943408084,maximizer,Maximizer,Reserve Currency,low_tvl_on_avax,structural_decay,1.0,avax_core,1.0,1,core_eligible
0.0,724.0,90.0,91.0,2.833213344056216,10.426794953804174,7.363913501405819,9.1345386585599,0.07415613939167218,0.9532754585049332,0.32222222222222224,0.32222222222222224,0.8464252840123703,-0.0009038598163593752,-0.041722818372433135,0.23008623749350052,0.005057319134339987,0.10223913017500734,11.0,18.0,1.0,0.4725274725274725,0.8131868131868132,0.7651009310555666,1.2922562952442735,meow-miner,Meow Miner,Ponzi,low_tvl_on_avax,structural_decay,1.0,avax_core,1.0,1,core_eligible
80.0,331.0,90.0,91.0,7.928406026180535,17.439881090502567,17.438451524778486,0.0,0.9985714936725292,0.001428544419846357,0.9888888888888889,0.9888888888888889,0.1834559942618295,0.14330299000307167,0.0,0.9343915533119503,0.10566717220664389,0.10690206979138255,1.0,3.0,0.23076923076923078,0.16483516483516483,0.8241758241758241,1.0,17.439881090502567,mev-capital,MEV Capital,Risk Curators,active_on_avax,censored,,avax_core,1.0,1,core_eligible
0.0,674.0,90.0,91.0,15.124416186501087,16.814170342174265,14.44862956379785,14.460081801406535,0.09394363357060086,0.9061015368194296,0.13333333333333333,0.13333333333333333,0.8609250647451773,-0.005704467746247701,0.008115868278156213,1.2496980559342392,-0.007508740252258188,0.8416823217960846,8.0,10.0,0.967032967032967,0.967032967032967,0.967032967032967,0.8689835475918237,2.35408854076773,midasdao,MidasDAO,Reserve Currency,low_tvl_on_avax,structural_decay,1.0,avax_core,1.0,1,core_eligible
0.0,766.0,90.0,91.0,3.1780538303479458,9.101975347298058,7.476472381163905,3.784189633918261,0.27727637384677095,0.8032768613464111,0.6666666666666666,0.6666666666666666,0.5489851192426609,0.06415732302037419,-0.02836126681559207,0.2507910449386924,0.006307973353874274,0.09167486155822592,3.0,2.0,1.0,0.0,0.6593406593406593,0.9191132092107638,5.317785713379797,mint-club-v2,Mint Club V2,Launchpad,low_tvl_on_avax,structural_decay,1.0,avax_core,1.0,1,core_eligible
0.0,1569.0,90.0,91.0,11.761767951630468,11.761767951630468,8.37378460812088,9.245804036251752,0.04124469064547825,0.9662308094157641,0.0,0.0,0.7912290338781213,-0.03424650161912901,-0.03424650161912901,0.5027596919348298,-0.037644259372328744,0.3683506573433993,13.0,7.0,0.989010989010989,0.5164835164835165,0.8791208791208791,0.7051885085636165,2.515963915378716,mintswap,MintSwap,Farm,low_tvl_on_avax,structural_decay,1.0,avax_core,1.0,1,core_eligible
0.0,877.0,90.0,91.0,9.546312483555713,9.618668045697824,5.293304824724492,5.293304824724492,0.07467896770976187,0.9868368568009573,0.044444444444444446,0.044444444444444446,0.7006199123906457,-0.058394321501722024,-0.057476104740699356,0.18393493316343307,-0.029306196713783254,0.17939293511642704,3.0,1.0,1.0,0.08791208791208792,0.5934065934065934,0.55220618030201,4.3253632209733315,monocerus,Monocerus,Dexs,low_tvl_on_avax,structural_decay,1.0,avax_core,1.0,1,core_eligible
0.0,680.0,90.0,91.0,12.523289248084273,12.697987584101337,10.20625526240595,12.435556057390563,0.08555936212235742,0.9172363400675048,0.2777777777777778,0.2777777777777778,0.9168281246719081,-0.03584541908001059,-0.051922791251657656,0.17707979783219047,-0.02574482206309248,0.1728303679334273,2.0,0.0,1.0,1.0,0.6373626373626373,0.81372788939836,0.26243152671077397,monroe-protocol,Monroe Protocol,CDP,low_tvl_on_avax,structural_decay,1.0,avax_core,1.0,1,core_eligible
0.0,1503.0,90.0,55.0,15.334124890734511,16.47100962129395,15.41270320218979,15.663261028389748,0.34708888852354297,0.6529569874718295,0.05555555555555555,0.03333333333333333,0.9511105861672232,-0.006549933928106128,-0.0075294701498922765,0.12377076172672559,0.0014551539158385112,0.06723143313997079,3.0,4.0,1.0,1.0,0.7454545454545455,0.9681594002193323,0.8077485929042005,moremoney,Moremoney,Lending,low_tvl_on_avax,structural_decay,1.0,avax_core,1.0,1,core_eligible
0.0,901.0,90.0,91.0,3.6888794541139363,4.127134385045092,3.7612001156935624,3.7612001156935624,0.9820923656927427,0.3114754098360656,0.022222222222222223,0.022222222222222223,0.9000568514983932,0.001739394746053194,0.0020349766648817217,0.0,0.0,0.0,0.0,0.0,1.0,0.0,0.7362637362637363,0.9337749464610979,0.3659342693515293,mozaic,Mozaic,Yield,low_tvl_on_avax,structural_decay,1.0,avax_core,1.0,1,core_eligible
0.0,1608.0,90.0,91.0,11.627958054949682,12.06718407165769,11.244523007250404,11.678363629352566,0.4424610428186263,0.5607420259215001,0.4666666666666667,0.4666666666666667,0.9666345068203597,-0.004532621445491412,-0.010337074364604877,0.0641108638363453,-0.004260389418880865,0.037680449707472655,1.0,1.0,1.0,1.0,0.6813186813186813,0.9429402509624032,0.3888204423051249,multi-chain-miner,Multi-Chain Miner,Ponzi,low_tvl_on_avax,structural_decay,1.0,avax_core,1.0,1,core_eligible
0.0,205.0,90.0,91.0,16.11391813728613,16.755687203119454,15.999357834643913,16.53037336713158,0.4694142293625322,0.5306138154879488,0.45555555555555555,0.45555555555555555,0.984101091498222,-0.006266557681690497,-0.017229109455488896,0.06176503118384535,-0.0012728922515801995,0.049035316954378794,2.0,2.0,1.0,1.0,0.8351648351648352,0.9548908611109069,0.22531383598787258,multipli.fi,Multipli.fi,Yield,active_on_avax,censored,,avax_core,0.911507,1,core_eligible
0.0,1430.0,90.0,91.0,9.512738628263644,9.512738628263644,8.713746330456916,9.338293736286644,0.487611837577426,0.5502586844050259,0.0,0.0,0.977174074961818,-0.007004919914266476,-0.007004919914266476,0.052658130231980974,-0.008877692197852541,0.05119337832562859,1.0,0.0,1.0,0.7362637362637363,0.9010989010989011,0.9154377658117814,0.17444489197700008,mushrooms-finance,Mushrooms Finance,Yield Aggregator,active_on_avax,structural_decay,1.0,avax_core,1.0,1,core_eligible
0.0,1218.0,90.0,91.0,12.044717744171052,13.270719587384287,13.270719587384287,12.97166606118041,1.0,0.0,1.0,1.0,0.9781044640529551,0.004534169958741448,0.0,0.21564722481174667,0.013622242702369272,0.12855609017421318,1.0,2.0,1.0,1.0,0.8791208791208791,1.0,0.2990535262038758,mux-perps,MUX Perps,Derivatives,active_on_avax,resilient_or_unproven,0.0,avax_core,1.0,1,core_eligible
0.0,359.0,90.0,91.0,0.0,0.6931471805599453,0.0,0.0,0.999000999000999,1.0,0.0,0.0,0.0,0.0,0.0,0.0,0.0,0.0,0.0,0.0,0.0,0.0,1.0,1.0,0.6931471805599453,napier,Napier,Yield,low_tvl_on_avax,censored,,avax_core,0.99726,1,core_eligible
0.0,912.0,90.0,91.0,12.003325907693664,13.498085172916626,13.473518716311327,12.865339825906341,0.9757660969520726,0.0242671904618005,0.7666666666666667,0.7666666666666667,0.9357352415761895,0.0213368537044534,-0.0008674471055587192,0.09892500206998929,0.01633547565130736,0.011954928817859176,0.0,2.0,1.0,1.0,0.46153846153846156,0.9984693312911475,0.6327453470102853,native-swap,Native Swap,Dexs,low_tvl_on_avax,resilient_or_unproven,0.0,avax_core,1.0,1,core_eligible
0.0,1472.0,90.0,91.0,13.90774692754152,17.2941280728945,16.738050762873762,16.763838124659472,0.5734672857994865,0.4265458727484914,0.6666666666666666,0.6666666666666666,0.9574533652533219,0.018191060117626768,-0.020488539382004945,0.12258838031373892,0.03144782039258046,0.030208128809590028,0.0,9.0,1.0,1.0,0.8021978021978022,0.972868882910106,0.5302899482350298,nereus-finance,Nereus Finance,Lending,active_on_avax,structural_decay,1.0,avax_core,1.0,1,core_eligible
0.0,1433.0,90.0,91.0,11.72865761960842,12.351297897682953,11.260404594945342,11.63905578711444,0.3387726632767729,0.6640865869004017,0.4,0.4,0.9470215467321944,-0.0038859532865198,-0.018527845524040513,0.08246147913934283,-0.005202811385145307,0.04516514980272988,2.0,2.0,1.0,1.0,0.6593406593406593,0.9260727724648605,0.7122421105685124,nested,Nested,Indexes,low_tvl_on_avax,resilient_or_unproven,0.0,avax_core,1.0,1,core_eligible
0.0,1503.0,90.0,91.0,11.193188410744737,11.340688883429824,10.885659653523795,11.336522359539833,0.6387170245488806,0.36557491951483184,0.32222222222222224,0.32222222222222224,0.9974661642387036,-0.0011157190484026305,-0.0028043417742321056,0.027417242384832608,-0.003416986191343795,0.023294627944930413,0.0,0.0,1.0,1.0,0.9120879120879121,0.9754683656275411,0.004166523889990614,noaharkdao,NoahArkDAO,Reserve Currency,low_tvl_on_avax,structural_decay,1.0,avax_core,1.0,1,core_eligible
0.0,424.0,90.0,91.0,7.506042178518122,7.60887062919126,6.950814768442584,7.518064181233078,0.6776119402985075,0.4823821339950372,0.6444444444444445,0.6444444444444445,0.9666298301892255,-0.007977630450296359,-0.01521037927020388,0.0721078989867141,-0.006169193445283759,0.0717462111830761,1.0,0.0,1.0,0.0,0.6923076923076923,0.9133724482680249,0.09080644795818138,nodo,NODO,Prediction Market,low_tvl_on_avax,censored,,avax_core,1.0,1,core_eligible
0.0,1418.0,90.0,91.0,13.466355837556847,13.4684945304273,4.454347296253507,10.473788903097228,0.0015329340640554512,0.999879738480715,0.05555555555555555,0.05555555555555555,0.6855841586185873,-0.13049069898949622,-0.13642960874290314,0.41879297863180703,-0.07286223398046252,0.418490959806559,3.0,0.0,1.0,0.6373626373626373,0.6703296703296703,0.3306244171887232,2.994705627330072,nord-finance,Nord Finance,Yield Aggregator,low_tvl_on_avax,structural_decay,1.0,avax_core,1.0,1,core_eligible
0.0,1405.0,90.0,91.0,11.939819328491687,11.98748743915772,7.6128310304073565,8.991686725934825,0.018691646571446237,0.9874136751073228,0.044444444444444446,0.044444444444444446,0.7682826034833756,-0.05911759988113782,-0.058650364965087555,0.1605257265789205,-0.048077647756492564,0.14446152759343728,11.0,2.0,1.0,0.4835164835164835,0.7472527472527473,0.6357296029949059,2.995800713222895,north-pole,North Pole,CDP,low_tvl_on_avax,structural_decay,1.0,avax_core,1.0,1,core_eligible
0.0,1552.0,90.0,91.0,0.0,0.6931471805599453,0.0,0.0,0.999000999000999,1.0,0.0,0.0,0.0,0.0,0.0,0.0,0.0,0.0,0.0,0.0,0.0,0.0,1.0,1.0,0.6931471805599453,o2-dao,O2 DAO,Reserve Currency,low_tvl_on_avax,structural_decay,1.0,avax_core,1.0,1,core_eligible
0.0,1480.0,90.0,91.0,12.923426954998698,13.439086156744382,13.187564803771668,13.187564803771668,0.7779400852599264,0.22238347102621264,0.8888888888888888,0.8888888888888888,0.974853323706188,0.006023553073650804,-0.032358417636487856,0.03977068396535286,0.002934864986366333,0.021402124921880174,1.0,2.0,1.0,1.0,0.5714285714285714,0.987243125477246,0.2515213529727145,oddz,Oddz,Options,active_on_avax,resilient_or_unproven,0.0,avax_core,1.0,1,core_eligible
0.0,1565.0,90.0,91.0,14.338878398268609,15.070834814986533,13.802827466519926,14.86420719934437,0.281596307666009,0.718608425537372,0.5,0.5,0.9804380109779766,-0.005045617717937645,-0.021529580748868404,0.09057528156039063,-0.005956121463874256,0.07835117965205507,4.0,3.0,1.0,1.0,0.8901098901098901,0.9297062337174843,0.20662761564216225,oh-finance,Oh Finance,Yield,low_tvl_on_avax,structural_decay,1.0,avax_core,1.0,1,core_eligible
0.0,1791.0,90.0,91.0,14.989967833112374,15.681887893137638,13.19005006286828,14.483806488351572,0.08289945007859002,0.9172424098194029,0.06666666666666667,0.06666666666666667,0.923071641523027,-0.02314479462959227,-0.023852604019361887,0.12585154783494742,-0.01999908633604548,0.08155687507101944,9.0,8.0,1.0,1.0,0.6263736263736264,0.8599573084040577,1.1980814047860662,olive-cash,Olive Cash,Yield,active_on_avax,structural_decay,1.0,avax_core,1.0,1,core_eligible
0.0,235.0,90.0,91.0,2.5649493574615367,6.795705775173514,2.6390573296152584,6.333279628139691,0.5351294241944005,0.9854423292273237,0.3333333333333333,0.3333333333333333,0.7497019738468566,0.007760981068938423,-0.06435000248656839,0.0,0.0,0.0,0.0,0.0,1.0,0.0,0.5274725274725275,0.4026407805505204,0.4624261470338231,omni-exchange-flux,Omni Exchange Flux,Dexs,low_tvl_on_avax,censored,,avax_core,0.893973,1,core_eligible
0.0,235.0,90.0,86.0,2.1972245773362196,9.966509298952284,8.210396255104774,8.663801211052327,0.20977578475336323,0.8273239436619718,0.4588235294117647,0.4888888888888889,0.7466891326890825,0.08475463205899018,-0.0458740276453048,0.31665042386550624,0.015313429126935925,0.10205557897466118,4.0,3.0,1.0,0.45348837209302323,0.7093023255813954,0.8302817718981494,1.3048158560659378,omni-exchange-v2,Omni Exchange V2,Dexs,low_tvl_on_avax,censored,,avax_core,0.889863,1,core_eligible
0.0,235.0,90.0,91.0,2.1972245773362196,10.98754442319504,4.6443908991413725,7.5953872788539725,0.018342978780017297,0.9982581343435026,0.4444444444444444,0.4444444444444444,0.6997989834827134,0.012105318425479981,-0.049509938628722806,0.5004951748285444,0.0,0.26508610797409293,3.0,1.0,1.0,0.31868131868131866,0.4835164835164835,0.5373402279290166,3.392157144341067,omni-exchange-v3,Omni Exchange V3,Dexs,low_tvl_on_avax,censored,,avax_core,0.893973,1,core_eligible
0.0,877.0,90.0,91.0,4.709530201312334,11.167077412430533,9.197660318818809,9.099408811268901,0.15151684062373713,0.860473989909696,0.9555555555555556,0.9555555555555556,0.7465286447608304,0.054904535543644425,-0.3901190041252017,0.6935991660088201,0.02543228377226209,0.45347731975779076,9.0,10.0,1.0,0.34065934065934067,0.7032967032967034,0.9326112985649837,2.067668601161632,omnibtc,OmniBTC,Lending,low_tvl_on_avax,structural_decay,1.0,avax_core,1.0,1,core_eligible
0.0,1328.0,90.0,91.0,12.917432955509478,13.75691487645569,12.32934282148154,12.78360132114601,0.24069497832297235,0.7601101489046079,0.3111111111111111,0.3111111111111111,0.9417670857229382,-0.01722965698383189,-0.0194040641484751,0.1065544533199855,-0.006534334822532648,0.0723521277849203,4.0,2.0,1.0,1.0,0.6263736263736264,0.8965975758222466,0.9733135553096801,onavax,onAVAX,Dexs,low_tvl_on_avax,structural_decay,1.0,avax_core,1.0,1,core_eligible
0.0,1461.0,90.0,91.0,6.541029999189903,6.784457062637643,5.62040086571715,6.546785410760524,0.6771109930961232,0.6885617214043035,0.3111111111111111,0.3111111111111111,0.9373570437195585,-0.012791531100503501,-0.022407105409074198,0.0,0.0,0.0,0.0,0.0,1.0,0.0,0.7252747252747253,0.8293104363239011,0.23767165187711914,onx-finance,OnX Finance,Yield Aggregator,low_tvl_on_avax,structural_decay,1.0,avax_core,1.0,1,core_eligible
0.0,1581.0,90.0,91.0,13.60734921082309,13.616910827683716,10.10311679678527,10.46098681649979,0.030964444125002894,0.9702174838420885,0.011111111111111112,0.011111111111111112,0.78863271164642,-0.023719594177094426,-0.022370361096517532,0.14045350623618125,-0.03893591571153132,0.13455380101462006,5.0,0.0,1.0,1.0,0.8791208791208791,0.7398629118881831,3.1559240111839255,openocean,OpenOcean,DEX Aggregator,active_on_avax,structural_decay,1.0,avax_core,1.0,1,core_eligible
294.0,1554.0,90.0,91.0,4.532599493153256,16.84724611467487,15.12605741131847,15.75478056714837,0.17889298175418913,0.8211466217634493,0.4666666666666667,0.4666666666666667,0.8686303402032283,0.06391286531959094,-0.037546569049784755,0.7958379518848245,0.09130336257781389,0.24757451850968892,4.0,7.0,1.0,0.8901098901098901,0.8571428571428571,0.9100245648165206,1.0924655475265013,opyn-gamma,Opyn Gamma,Options,active_on_avax,structural_decay,1.0,avax_core,1.0,1,core_eligible
0.0,1607.0,90.0,91.0,14.35883434912272,16.105023075969793,15.531376795744459,14.24200499164693,0.5635113083373281,0.43653291488536516,0.8333333333333334,0.8333333333333334,0.890878054961751,0.017149398628149355,-0.03762675077135151,0.43491582824722524,0.013028249406908207,0.16361295799845987,9.0,7.0,1.0,1.0,0.7692307692307693,0.9792595125279177,1.8630180843228636,orcadao,OrcaDAO,Lending,low_tvl_on_avax,structural_decay,1.0,avax_core,1.0,1,core_eligible
0.0,1322.0,90.0,91.0,13.823208849929904,13.823208849929904,10.234085425964741,11.679007538922468,0.028585534044394567,0.9723784318570406,0.0,0.0,0.8404015474779271,-0.03193838795344501,-0.03193838795344501,0.1440590833892488,-0.03987914915516847,0.14256171571028897,4.0,0.0,1.0,1.0,0.6703296703296703,0.740421910288644,2.1442013110074356,ordernchaos,OrderNChaos,Algo-Stables,active_on_avax,structural_decay,1.0,avax_core,1.0,1,core_eligible
0.0,1852.0,90.0,91.0,16.053000388202225,19.71897874496417,19.69946214957695,19.1515442085024,0.9806726731218278,0.019327379641008738,0.9777777777777777,0.9777777777777777,0.9658813949423429,0.013351948905134248,-0.009758297693609919,0.20506253271348449,0.040516241793052486,0.04598173460916602,2.0,9.0,1.0,1.0,0.8791208791208791,1.0,0.5674345364617679,pangolin-v2,Pangolin V2,Dexs,active_on_avax,resilient_or_unproven,0.0,avax_core,1.0,1,core_eligible
0.0,216.0,90.0,91.0,13.366948995712477,14.116770038829742,13.928709770604339,13.84439340364331,0.8286913916509372,0.17143535724300604,0.7111111111111111,0.7111111111111111,0.9763923923909403,0.005809915892532771,-0.0004311113230235906,0.10183891846909869,0.006241786387687359,0.07682178136683229,4.0,4.0,1.0,1.0,0.6263736263736264,0.988660926702985,0.27237663518643274,pangolin-v3,Pangolin V3,Dexs,active_on_avax,censored,,avax_core,0.878356,1,core_eligible
0.0,1547.0,90.0,91.0,16.365488009078607,16.543995931361927,3.8918202981106265,16.20517633387957,6.844895197339373e-05,0.9999968647287206,0.044444444444444446,0.044444444444444446,0.6518436308237656,-0.20271145706487284,-0.21331545119604609,0.9731327261272179,-0.10507481366403763,0.9717762778431434,2.0,1.0,1.0,0.5494505494505495,0.5494505494505495,0.23847952277758258,0.338819597482356,papa-dao,Papa DAO,Reserve Currency,low_tvl_on_avax,structural_decay,1.0,avax_core,1.0,1,core_eligible
11.0,162.0,90.0,91.0,9.209840246934501,14.353686722313059,14.348540628230422,10.124468767685654,0.994870116268418,0.005132878621315341,0.9555555555555556,0.9555555555555556,0.7064019758670752,0.03465272133468243,-0.000996713578465247,1.3242798421299387,0.05709667090328801,0.9516941385095493,8.0,16.0,0.9560439560439561,0.7802197802197802,0.8021978021978022,1.0,4.229217954627405,parallel-protocol-v3,Parallel Protocol V3,CDP,active_on_avax,censored,,avax_core,0.856438,1,core_eligible
0.0,1554.0,90.0,91.0,13.498752513356408,13.713432427160125,11.765868566242954,12.996144610809022,0.14356861712601693,0.8573798559844422,0.15555555555555556,0.15555555555555556,0.9359624892749409,-0.02342569101939648,-0.02656565126141549,0.08777090703063459,-0.019254266079038372,0.0680342337785073,3.0,1.0,1.0,1.0,0.6483516483516484,0.86888793795997,0.717287816351103,partyswap,PartySwap,Dexs,low_tvl_on_avax,structural_decay,1.0,avax_core,1.0,1,core_eligible
0.0,1572.0,90.0,91.0,15.633395921087235,16.18071583325997,15.321596824498753,15.704192996661044,0.4235891368106031,0.5764650054765902,0.6666666666666666,0.6666666666666666,0.9719965225166061,-0.0016110191459904055,-0.027488755589321116,0.06133322397349745,-0.003464434406538687,0.03632325576497302,1.0,3.0,1.0,1.0,0.6813186813186813,0.9505033499301059,0.47652283659892625,pendle,Pendle,Yield,active_on_avax,resilient_or_unproven,0.0,avax_core,1.0,1,core_eligible
0.0,1787.0,90.0,91.0,16.022234099176398,17.071365662773193,15.966601954888118,16.07605478892076,0.3313149046014216,0.6687108717683944,0.35555555555555557,0.35555555555555557,0.9411109577511199,-0.0061963370716550375,-0.009995002694387127,0.43495915824163944,-0.0006181349365364457,0.2979499246684986,13.0,15.0,1.0,1.0,0.8021978021978022,0.9335690742343108,0.9953108738524321,penguin-finance,Penguin Finance,Yield,active_on_avax,structural_decay,1.0,avax_core,1.0,1,core_eligible
0.0,814.0,90.0,91.0,14.269956923093579,14.606414921971597,14.270249522767587,14.14036629787715,0.7146341828208898,0.28549521195580463,0.08888888888888889,0.08888888888888889,0.9674360358206913,0.0007299294420469577,0.0024510932652570283,0.0967974645399641,3.2511074889798568e-06,0.06083740149239991,5.0,5.0,1.0,1.0,0.7252747252747253,0.9851279977640893,0.46604862409444614,pharaoh-cl,Pharaoh CL,Dexs,active_on_avax,resilient_or_unproven,0.0,avax_core,1.0,1,core_eligible
0.0,726.0,90.0,91.0,4.532599493153256,13.65259507926302,13.46791144663353,13.251292947868539,0.831565298555713,0.16863293874505392,0.9555555555555556,0.9555555555555556,0.957246904413623,0.01772948840672529,-0.053744097898519,0.653089721687624,0.07287951852575898,0.03564765706685667,1.0,4.0,1.0,0.978021978021978,0.978021978021978,0.9974957246614399,0.40130213139448223,pharaoh-legacy,Pharaoh Legacy,Dexs,active_on_avax,resilient_or_unproven,0.0,avax_core,1.0,1,core_eligible
0.0,146.0,90.0,91.0,14.538584434249705,17.817670274766005,17.405522841175,17.52120831324873,0.6622328013061635,0.33777337176948696,0.43333333333333335,0.43333333333333335,0.9646894307482979,0.0187328039789302,-0.0028927833998635324,0.15408980248798054,0.031854871188058825,0.04047478139317623,1.0,7.0,1.0,1.0,0.7142857142857143,0.9857646065390526,0.29646196151727366,pharaoh-v3,Pharaoh V3,Dexs,active_on_avax,censored,,avax_core,0.820822,1,core_eligible
0.0,146.0,90.0,91.0,14.662661264667763,15.900987102326354,14.083002423020412,14.398555442820198,0.1624565729850269,0.8376474900368706,0.17777777777777778,0.17777777777777778,0.9119789859353387,-0.015521611658473055,-0.01754949269754392,0.12134730575239869,-0.006440653796081679,0.07325435930154109,4.0,3.0,1.0,1.0,0.8461538461538461,0.8929402224739061,1.502431659506156,pharaoh-v3-legacy,Pharaoh V3 Legacy,Dexs,active_on_avax,censored,,avax_core,0.820822,1,core_eligible
0.0,1277.0,90.0,90.0,12.876178911195797,13.388753373881755,12.696362853576117,12.599804183759137,0.5011420991675604,0.4996222922645762,0.056179775280898875,0.05555555555555555,0.9400887546977763,-0.006927802616679255,-0.005796818183451064,0.11009907970811884,-0.002020405141794161,0.060731123584370744,2.0,4.0,1.0,1.0,0.5111111111111111,0.9522073275435944,0.7889519730110184,phuture,Phuture,Indexes,active_on_avax,resilient_or_unproven,0.0,avax_core,1.0,1,core_eligible
0.0,653.0,90.0,91.0,0.0,0.6931471805599453,0.0,0.0,0.999000999000999,1.0,0.0,0.0,0.0,0.0,0.0,0.0,0.0,0.0,0.0,0.0,0.0,0.0,1.0,1.0,0.6931471805599453,piggy-finance,Piggy Finance,Yield,low_tvl_on_avax,structural_decay,1.0,avax_core,1.0,1,core_eligible
0.0,692.0,90.0,91.0,14.644714564555642,14.713597399880387,12.247536034313145,14.474902900223535,0.08529089731222879,0.9150817079792627,0.14444444444444443,0.14444444444444443,0.944819055958521,-0.029893778625801823,-0.036607260237625804,0.11566891255972588,-0.026635317002694413,0.11135566167358682,4.0,1.0,1.0,1.0,0.6703296703296703,0.8543680425736391,0.23869449965685163,piggybank-dao,Piggybank DAO,Reserve Currency,low_tvl_on_avax,structural_decay,1.0,avax_core,1.0,1,core_eligible
0.0,1343.0,90.0,89.0,12.945762227838078,13.757989490138023,13.111172998008676,13.382773425942801,0.524213814184939,0.476290142686005,0.4659090909090909,0.45555555555555555,0.9744981228016124,-0.0028658110099015893,-0.01054221043482585,0.06902558230889459,0.0018796678428477148,0.04042569710425069,2.0,2.0,1.0,1.0,0.5955056179775281,0.9600551432875329,0.3752160641952216,pinksale,PinkSale,Launchpad,active_on_avax,resilient_or_unproven,0.0,avax_core,1.0,1,core_eligible
0.0,1532.0,90.0,91.0,12.22639474572008,12.763288412861682,6.687108607866515,11.742655279159175,0.005143363034041581,0.9977059227861153,0.022222222222222223,0.022222222222222223,0.851614314636775,-0.062377567769309805,-0.06445069319803726,0.36081919378845523,-0.05908488851560956,0.34582072210995957,6.0,3.0,1.0,0.8461538461538461,0.7802197802197802,0.5338597025770598,1.020633133702507,piratedao,PirateDAO,Reserve Currency,low_tvl_on_avax,structural_decay,1.0,avax_core,1.0,1,core_eligible
0.0,1562.0,90.0,91.0,1.3862943611198906,20.477581427325983,20.477581427325983,16.122048627640925,1.0,0.0,1.0,1.0,0.8563995234531437,0.09908437154139942,0.0,1.0154607145327246,0.15076474053345293,0.031907046360150404,1.0,5.0,1.0,0.967032967032967,0.5164835164835165,1.0,4.355532799685058,platypus-finance,Platypus Finance,Dexs,active_on_avax,structural_decay,1.0,avax_core,1.0,1,core_eligible
0.0,1456.0,90.0,91.0,0.0,0.6931471805599453,0.0,0.0,0.999000999000999,1.0,0.0,0.0,0.0,0.0,0.0,0.0,0.0,0.0,0.0,0.0,0.0,0.0,1.0,1.0,0.6931471805599453,polar-bear-finance,Polar Bear Finance,Algo-Stables,low_tvl_on_avax,structural_decay,1.0,avax_core,1.0,1,core_eligible
0.0,871.0,90.0,91.0,8.114922974204593,14.357329488558522,14.309599908361948,9.856919916719793,0.9534186369634853,0.04660845892980752,0.9333333333333333,0.9333333333333333,0.7498989900502601,0.0666131796507817,-0.00482420540934874,0.17097464533912202,0.0688297437128595,0.04071148456438313,1.0,13.0,1.0,0.8131868131868132,0.7252747252747253,1.0,4.500409571838729,poolside,Poolside,Dexs,low_tvl_on_avax,structural_decay,1.0,avax_core,1.0,1,core_eligible
0.0,865.0,90.0,91.0,11.1838934808967,11.187278423921171,11.100178911363873,11.11906772990378,0.9177241991667235,0.08341527595041895,0.08888888888888889,0.08888888888888889,0.9947513670548741,-0.0010190504564972786,-0.0009174061463953082,0.011048286359525598,-0.0009301618836980749,0.00712297447633843,0.0,0.0,1.0,1.0,0.6923076923076923,0.9922335118673732,0.06821069401739166,pooltogether-v4,PoolTogether V4,Yield Lottery,active_on_avax,resilient_or_unproven,0.0,avax_core,1.0,1,core_eligible
0.0,173.0,90.0,89.0,0.0,0.6931471805599453,0.0,0.0,0.999000999000999,1.0,0.0,0.0,0.0,0.0,0.0,0.0,0.0,0.0,0.0,0.0,0.0,0.0,1.0,1.0,0.6931471805599453,poolz-vesting,Poolz Vesting,Launchpad,low_tvl_on_avax,censored,,avax_core,0.894247,1,core_eligible
0.0,1026.0,90.0,91.0,12.227995572421237,12.798722466098281,12.797004359576366,12.325219195622548,0.9982880960651019,0.001716636167119092,0.9777777777777777,0.9777777777777777,0.9643408776681612,0.007031737986488285,-0.0008590532609575873,0.10541326465685139,0.006322319857279209,0.07032614062907244,1.0,3.0,1.0,1.0,0.7142857142857143,1.0,0.4735032704757334,prime-protocol,Prime Protocol,Lending,active_on_avax,resilient_or_unproven,0.0,avax_core,1.0,1,core_eligible
0.0,1051.0,90.0,91.0,5.84354441703136,6.016157159698354,5.303304908059076,5.54907608489522,0.8516678495386799,0.511002444987775,0.1,0.1,0.9276241898762336,-0.00423249560084438,-0.003939325372481522,0.0,0.0,0.0,0.0,0.0,1.0,0.0,0.7032967032967034,0.9242525323968552,0.46708107480313377,printyfinance,printyfinance,Dexs,low_tvl_on_avax,structural_decay,1.0,avax_core,1.0,1,core_eligible
0.0,609.0,90.0,91.0,0.0,0.6931471805599453,0.0,0.0,0.999000999000999,1.0,0.0,0.0,0.0,0.0,0.0,0.0,0.0,0.0,0.0,0.0,0.0,0.0,1.0,1.0,0.6931471805599453,projectx,ProjectX,Yield,low_tvl_on_avax,structural_decay,1.0,avax_core,1.0,1,core_eligible
0.0,122.0,90.0,91.0,13.606298264474315,13.85121934227751,13.563021869080599,13.676076061972696,0.7498546782050083,0.2503866925651781,0.2111111111111111,0.2111111111111111,0.9873643998582028,-0.002892380945009923,-0.004115445517119681,0.026818451612824073,-0.0004808488377079614,0.015597833453436521,0.0,0.0,1.0,1.0,0.6923076923076923,0.9777461775739071,0.1751432803048143,pumpspace,PumpSpace,Dexs,active_on_avax,censored,,avax_core,0.801096,1,core_eligible
0.0,713.0,90.0,91.0,10.067645138702412,11.524349956239558,11.454702955769806,9.971660087639178,0.9333809766221561,0.06727765254874046,0.9777777777777777,0.9777777777777777,0.8702924992181434,0.008810695846092113,-0.034823500234876015,0.08260289143158908,0.015411753522971042,0.02917015795799389,1.0,5.0,1.0,1.0,0.9120879120879121,1.0,1.55268986860038,pyreswap,PyreSwap,Dexs,low_tvl_on_avax,structural_decay,1.0,avax_core,1.0,1,core_eligible
0.0,1573.0,90.0,91.0,14.337800020118198,14.92599146840167,14.801507933196287,14.693691447439692,0.8829913030650184,0.11704723967222003,0.5333333333333333,0.5333333333333333,0.978451665331951,-0.0022149538108981234,-0.007663999631852631,0.08276600873505892,0.0051523101453121,0.05104848062504566,2.0,4.0,1.0,1.0,0.7362637362637363,0.9932928175457074,0.23230002096197744,qidao,QiDao,CDP,active_on_avax,resilient_or_unproven,0.0,avax_core,1.0,1,core_eligible
0.0,1560.0,90.0,91.0,15.044171974872581,15.81728240747414,14.190005675239162,14.928804869643498,0.19657230109470836,0.8035362385487802,0.05555555555555555,0.05555555555555555,0.942057421222812,-0.0087162879172288,-0.008275297701308075,0.13387629210665355,-0.00949073666259355,0.0945998742128333,4.0,3.0,1.0,1.0,0.7692307692307693,0.9133040879815115,0.8884775378306422,r-u-generous,R U Generous,Reserve Currency,low_tvl_on_avax,structural_decay,1.0,avax_core,1.0,1,core_eligible
0.0,1433.0,90.0,91.0,14.356197462492414,17.322974874362338,15.404549213153938,15.005506235766882,0.14686349827481615,0.8531620726325368,0.6111111111111112,0.6111111111111112,0.8705850396369771,0.025604013985800683,-0.054464020710058035,0.314938147487605,0.011648352785128048,0.179580501782545,3.0,7.0,1.0,1.0,0.7692307692307693,0.9139264176008277,2.3174686385954555,radioshack,RadioShack,Dexs,active_on_avax,structural_decay,1.0,avax_core,1.0,1,core_eligible
0.0,1541.0,90.0,91.0,14.735696892117176,14.735696892117176,11.092427934028102,11.25405110370022,0.026554142834212948,0.9738337217507511,0.0,0.0,0.7893769041459459,-0.025792360332330053,-0.025792360332330053,0.2022534189741871,-0.04048076620098971,0.20057486585284073,4.0,0.0,1.0,1.0,0.8901098901098901,0.7529143082297531,3.481645788416955,ragnarokdao,RagnarokDAO,Reserve Currency,low_tvl_on_avax,structural_decay,1.0,avax_core,1.0,1,core_eligible
0.0,1290.0,90.0,91.0,6.476972362889683,6.476972362889683,5.834810737062605,6.115892125483034,0.8132201334141904,0.4745762711864407,0.0,0.0,0.9445231015746062,-0.0051960982521960936,-0.0051960982521960936,0.0,0.0,0.0,0.0,0.0,1.0,0.0,0.6373626373626373,0.8961823388471165,0.3610802374066484,ramp,Ramp,CDP,low_tvl_on_avax,structural_decay,1.0,avax_core,1.0,1,core_eligible
64.0,347.0,90.0,91.0,1.791759469228055,19.181134660604936,18.950206346144178,18.88071909685825,0.793797330655494,0.2062036332475357,0.6,0.6,0.8676931609498066,0.12914253983593038,-0.006981371297163387,1.0008572287378374,0.13379390629809954,0.021594462966228706,0.0,4.0,1.0,0.8351648351648352,0.8351648351648352,0.9883549048094953,0.3004155637466859,re7-labs,Re7 Labs,Risk Curators,active_on_avax,censored,,avax_core,1.0,1,core_eligible
0.0,1052.0,90.0,91.0,9.283776690049365,11.47623035978244,10.948786964973817,10.722033142490407,0.5943159883362766,0.4098925266608573,0.5,0.5,0.9324640220980848,0.01096042187369468,-0.023131227782106894,0.15423034319907183,0.018500114165827242,0.07079286145817246,5.0,6.0,1.0,1.0,0.6923076923076923,0.9346346623460429,0.7541972172920328,rehold-v1,ReHold V1,Yield,low_tvl_on_avax,structural_decay,1.0,avax_core,1.0,1,core_eligible
4.0,938.0,90.0,91.0,4.634728988229636,10.656741573828192,10.501774452072114,10.35628144005067,0.8597419325160429,0.14356004425924618,0.9222222222222223,0.9222222222222223,0.8834330221647438,0.05339539360109507,-0.02604382133228677,0.27068565089260466,0.03992244080840993,0.03561779913256535,2.0,6.0,1.0,0.8021978021978022,0.8021978021978022,0.9956519398785995,0.3004601337775217,rehold-v2,ReHold V2,Yield,low_tvl_on_avax,resilient_or_unproven,0.0,avax_core,1.0,1,core_eligible
0.0,896.0,90.0,91.0,9.210140351973516,9.787459226476006,9.785210644945074,9.783746350923579,0.9978732454274777,0.0022461814914645105,0.5777777777777777,0.5777777777777777,0.9804600340710661,0.00832356968773336,6.134276668339176e-06,0.06029106877479359,0.006389669921906204,0.000654155940176251,0.0,1.0,1.0,0.8791208791208791,0.6703296703296703,0.9998348896564715,0.003712875552427164,reservoir,Reservoir,Dexs,low_tvl_on_avax,structural_decay,1.0,avax_core,1.0,1,core_eligible
0.0,725.0,90.0,91.0,1.791759469228055,2.3978952727983707,2.3978952727983707,1.791759469228055,1.0,0.0,1.0,1.0,0.8051977443601668,0.005731834937103542,0.0,0.0,0.0,0.0,0.0,0.0,1.0,0.0,0.6923076923076923,1.0,0.6061358035703157,return-finance,Return Finance,Yield Aggregator,low_tvl_on_avax,structural_decay,1.0,avax_core,1.0,1,core_eligible
60.0,1482.0,90.0,91.0,5.676753802268282,5.762051382780177,4.976733742420574,5.342334251964811,0.8686408504176157,0.5457413249211357,0.011111111111111112,0.011111111111111112,0.9270580140431106,-0.0038567063665357133,-0.0037357729552700766,0.0,0.0,0.0,0.0,0.0,1.0,0.0,0.6043956043956044,0.8696140292411845,0.419717130815366,revest-finance,Revest Finance,NFT Lending,low_tvl_on_avax,structural_decay,1.0,avax_core,1.0,1,core_eligible
0.0,1547.0,90.0,91.0,9.148464968258095,16.90728338090142,15.488768358380984,15.86248701575439,0.24210761348704254,0.7579268110166604,0.4222222222222222,0.4222222222222222,0.9239613233294731,0.009085788231093558,-0.028941328848734005,0.49387403149450815,0.07044781544580989,0.08200884975796523,5.0,7.0,1.0,0.9560439560439561,0.9340659340659341,0.9150490016444076,1.044796365147029,ribbon,Ribbon,Options Vault,active_on_avax,structural_decay,1.0,avax_core,1.0,1,core_eligible
0.0,1459.0,90.0,91.0,0.0,0.6931471805599453,0.0,0.0,0.999000999000999,1.0,0.0,0.0,0.0,0.0,0.0,0.0,0.0,0.0,0.0,0.0,0.0,0.0,1.0,1.0,0.6931471805599453,ripae,Ripae,Algo-Stables,low_tvl_on_avax,structural_decay,1.0,avax_core,1.0,1,core_eligible
0.0,1338.0,90.0,91.0,10.514258053828623,12.736697955411548,8.733432966413652,10.630722100840213,0.021132088751253674,0.9817469514526556,0.8555555555555555,0.8555555555555555,0.8818028814221537,0.020743689350003564,-0.35362764629458887,0.32485442249584956,-0.019786945415721905,0.29384259799093043,3.0,4.0,1.0,0.989010989010989,0.5824175824175825,0.7552043534194786,2.1059758545713354,risk-harbor,Risk Harbor,Insurance,low_tvl_on_avax,resilient_or_unproven,0.0,avax_core,1.0,1,core_eligible
0.0,1342.0,90.0,91.0,13.817243056321923,15.450924356801556,15.001472027670912,14.290552100586693,0.6380479213183233,0.3620226129184384,0.7888888888888889,0.7888888888888889,0.937635567561034,0.018678634464247622,-0.02131183720619387,0.058682207507703255,0.013158099681655442,0.025211326130372136,0.0,2.0,1.0,1.0,0.6813186813186813,0.9825672258466052,1.1603722562148633,robo-vault,Robo-Vault,Yield,low_tvl_on_avax,structural_decay,1.0,avax_core,1.0,1,core_eligible
0.0,859.0,90.0,91.0,0.6931471805599453,3.970291913552122,3.9512437185814275,3.9512437185814275,0.9990494296577946,0.019230769230769232,0.7,0.7,0.6345434411063837,0.05293201682260527,-0.0001407502091430623,0.0,0.0,0.0,0.0,0.0,1.0,0.0,0.5604395604395604,0.9993117870041649,0.019048194970694432,rubydex,RubyDex,Derivatives,low_tvl_on_avax,structural_decay,1.0,avax_core,1.0,1,core_eligible
0.0,765.0,90.0,91.0,12.154784614286667,12.154784614286667,11.758566049621997,11.452973741706773,0.6745706806282723,0.3271421052631579,0.0,0.0,0.9421732191396417,0.001146757655818041,0.001146757655818041,0.2746747199506742,-0.004402428496274109,0.20662802023431556,14.0,20.0,1.0,1.0,0.7362637362637363,0.9545865719289102,0.7018108725798946,salvor,Salvor,NFT Marketplace,active_on_avax,resilient_or_unproven,0.0,avax_core,1.0,1,core_eligible
0.0,639.0,90.0,91.0,9.129672468908728,9.137769679141348,0.6931471805599453,0.6931471805599453,0.09719390232061365,0.9998924615550059,0.07777777777777778,0.07777777777777778,0.21405474556361528,-0.06879644752587075,-0.04132099148209555,0.2196000507823576,-0.024676863217705642,0.21948268383557237,1.0,0.0,1.0,0.0,0.7802197802197802,0.07592255987253808,8.444622498581403,sashimidao,SashimiDAO,Reserve Currency,low_tvl_on_avax,structural_decay,1.0,avax_core,1.0,1,core_eligible
0.0,747.0,90.0,91.0,11.082404053144092,12.95965619489395,12.833416505430746,11.41765828424143,0.8816817282159284,0.11859672078678525,0.9888888888888889,0.9888888888888889,0.911235145695748,0.0004706583843348715,0.0,0.23667918732317134,0.019455693914296152,0.11018236390071344,8.0,11.0,1.0,1.0,0.6263736263736264,0.9985627876053605,1.5419979106525208,seafi,SeaFi,Yield,active_on_avax,resilient_or_unproven,0.0,avax_core,1.0,1,core_eligible
0.0,738.0,90.0,91.0,7.650644551436897,8.456806041401142,7.584773077612199,7.68662133494462,0.5199789695057834,0.5820229494262643,0.15555555555555556,0.15555555555555556,0.9209810706975581,-0.005684723584398207,-0.007607298435019312,0.08516696722165853,-0.0007319052647188684,0.0517241127458474,3.0,2.0,1.0,0.0,0.7582417582417582,0.9154933012414894,0.7701847064565222,secured-finance-lending,Secured Finance Lending,Lending,low_tvl_on_avax,structural_decay,1.0,avax_core,1.0,1,core_eligible
25.0,1294.0,90.0,91.0,1.3862943611198906,2.0794415416798357,1.9459101490553132,1.9459101490553132,0.9990069513406157,0.14285714285714285,0.16666666666666666,0.16666666666666666,0.9158169171672266,0.0015393155824865877,-0.00040469969037706266,0.0,0.0,0.0,0.0,0.0,1.0,0.0,0.6483516483516484,0.9717004644412212,0.13353139262452252,securo-finance,Securo Finance,Indexes,low_tvl_on_avax,structural_decay,1.0,avax_core,1.0,1,core_eligible
0.0,1440.0,90.0,91.0,14.387086536818412,14.436287563218809,12.910540504716458,13.469922498191462,0.2178785326092796,0.78254187872103,0.022222222222222223,0.022222222222222223,0.942002427254624,-0.021883601052327308,-0.022175911603565936,0.0749234048143917,-0.016406067023355043,0.057737840342306376,3.0,0.0,1.0,1.0,0.5274725274725275,0.8900761106328319,0.9663650650273468,sherpa-cash,Sherpa Cash,Privacy,active_on_avax,structural_decay,1.0,avax_core,1.0,1,core_eligible
0.0,641.0,90.0,91.0,13.824066848287373,13.824066848287373,6.738152494595957,6.736966958001855,0.001825489900870847,0.9991641813538081,0.0,0.0,0.6051579884153048,-0.08184856903448029,-0.08184856903448029,0.6625033043249312,-0.07683680076635725,0.66235371102398,1.0,0.0,1.0,0.24175824175824176,0.7582417582417582,0.4873483107986623,7.087099890285518,sierra,Sierra,Reserve Currency,low_tvl_on_avax,structural_decay,1.0,avax_core,1.0,1,core_eligible
0.0,33.0,33.0,34.0,15.270695518674858,15.382244289008538,15.382244289008538,15.158711597051402,1.0,0.0,1.0,0.36666666666666664,0.9875328196329461,0.0036074943061343793,0.0,0.04959225424285751,0.0033802657676872843,0.022360495829779937,0.0,1.0,1.0,1.0,0.7941176470588235,1.0,0.2235326924476393,sierra-protocol,Sierra Protocol,Yield,active_on_avax,no_future_window,,avax_core,0.727945,1,core_eligible
0.0,252.0,90.0,91.0,16.996742582498378,17.996658125468127,17.81082222801228,17.54297181925145,0.8304124450407596,0.16959014642018944,0.9333333333333333,0.9333333333333333,0.976296140875087,0.0054079177516151,-0.036682066292609755,0.0677692546974113,0.009045329394598924,0.038971149107421485,2.0,5.0,1.0,1.0,0.6813186813186813,0.9977075528898274,0.45368630621667805,silo-v2,Silo V2,Lending,active_on_avax,censored,,avax_core,0.93863,1,core_eligible
0.0,1633.0,90.0,91.0,15.343251528567,15.533692196540047,13.719705355656524,14.97032484028536,0.16315294629139312,0.8369971774449616,0.07777777777777778,0.07777777777777778,0.9581973134700823,-0.016110821406437607,-0.01695493063485114,0.07177717538460035,-0.018039401921227514,0.055777631337003294,4.0,0.0,1.0,1.0,0.7692307692307693,0.8894602296409587,0.5633673562546875,singular-farm,Singular Farm,Yield,low_tvl_on_avax,structural_decay,1.0,avax_core,1.0,1,core_eligible
0.0,1594.0,90.0,91.0,0.0,0.6931471805599453,0.0,0.0,0.999000999000999,1.0,0.0,0.0,0.0,0.0,0.0,0.0,0.0,0.0,0.0,0.0,0.0,0.0,1.0,1.0,0.6931471805599453,smartcoin,SmartCoin,Yield,low_tvl_on_avax,structural_decay,1.0,avax_core,1.0,1,core_eligible
0.0,1797.0,90.0,50.0,16.68992579613446,17.056674741666004,16.24681176873305,16.232444886755044,0.4449407192734414,0.5550809937182222,0.10204081632653061,0.05555555555555555,0.9584174527305876,-0.01556035810917204,-0.012883013158604562,0.1562619326018714,-0.009043143416355317,0.11261429468716436,4.0,6.0,1.0,1.0,0.64,0.9576192820479583,0.8242358606479527,snowball,Snowball,Yield,active_on_avax,resilient_or_unproven,0.0,avax_core,1.0,1,core_eligible
0.0,1581.0,90.0,91.0,17.209429952546458,18.044891538025396,16.367589367192977,17.394981648259222,0.18688928823113535,0.8131225518006214,0.14444444444444443,0.14444444444444443,0.9635292883706021,-0.012406236573478927,-0.01588035490389121,0.14066637045345326,-0.009353784281705342,0.12243153356500802,3.0,4.0,1.0,1.0,0.7142857142857143,0.9090690511416117,0.6499098897661746,snowbank,Snowbank,Reserve Currency,low_tvl_on_avax,structural_decay,1.0,avax_core,1.0,1,core_eligible
0.0,1532.0,90.0,91.0,10.82746863769429,10.82746863769429,0.0,0.0,0.019460932178651358,1.0,0.0,0.0,0.0785699024577286,-0.05131102670187147,-0.05131102670187147,0.291694305914605,-0.04354126509310077,0.29166738789400937,2.0,0.0,0.08791208791208792,0.08791208791208792,0.9120879120879121,9.235768221585613e-08,10.82746863769429,snowcatdao,SnowCatDAO,Reserve Currency,low_tvl_on_avax,structural_decay,1.0,avax_core,1.0,1,core_eligible
0.0,692.0,90.0,91.0,17.417995499334157,17.971635356376176,0.0,0.0,1.5667912453721688e-05,1.0,0.044444444444444446,0.044444444444444446,0.08974099195706373,-0.09651451701460272,-0.057359051876686724,0.8242749912375769,-0.11676934133354375,0.8226922050513089,2.0,2.0,0.0989010989010989,0.0989010989010989,0.9010989010989011,5.63624112484943e-08,17.971635356376176,snowdog,Snowdog,Reserve Currency,low_tvl_on_avax,structural_decay,1.0,avax_core,1.0,1,core_eligible
0.0,1499.0,90.0,91.0,0.0,0.6931471805599453,0.0,0.0,0.999000999000999,1.0,0.0,0.0,0.0,0.0,0.0,0.0,0.0,0.0,0.0,0.0,0.0,0.0,1.0,1.0,0.6931471805599453,snowtomb,Snowtomb,Algo-Stables,low_tvl_on_avax,structural_decay,1.0,avax_core,1.0,1,core_eligible
0.0,1464.0,90.0,91.0,0.0,0.6931471805599453,0.0,0.0,0.999000999000999,1.0,0.0,0.0,0.0,0.0,0.0,0.0,0.0,0.0,0.0,0.0,0.0,0.0,1.0,1.0,0.6931471805599453,snowyowl,Snowyowl,Algo-Stables,low_tvl_on_avax,structural_decay,1.0,avax_core,1.0,1,core_eligible
0.0,1063.0,90.0,91.0,6.401917196727186,16.437680233332568,14.040534739783853,15.349055706450926,0.09104324341954201,0.909022787817449,0.12222222222222222,0.12222222222222222,0.9189887131908343,-0.00987926401841498,-0.02666553386744477,0.6394963419598981,0.07924199956076258,0.050527303415131425,3.0,4.0,1.0,0.989010989010989,0.9340659340659341,0.8657032243502057,1.0886245268816417,solisnek-finance,SoliSnek Finance,Dexs,low_tvl_on_avax,structural_decay,1.0,avax_core,1.0,1,core_eligible
1.0,305.0,90.0,91.0,2.3978952727983707,17.002168062004436,16.956527625269505,16.37132470073672,0.9553872630376145,0.04461457990204474,0.7666666666666667,0.7666666666666667,0.9082964770234728,0.07612309362872555,-0.0019878721183420878,0.9905794685788647,0.11164192051060316,0.05061209657956404,1.0,4.0,1.0,0.9120879120879121,0.9120879120879121,0.9982185235796585,0.6308433612677149,solv-strategies,Solv Strategies,Onchain Capital Allocator,active_on_avax,censored,,avax_core,0.952329,1,core_eligible
604.0,633.0,90.0,89.0,10.662328836291437,10.662328836291437,9.026417533815254,9.973806211445082,0.21317625528994624,0.8052440594638886,0.0,0.0,0.927103285099038,-0.016740326698680055,-0.016740326698680055,0.048322124708903236,-0.018589901164502078,0.03949792257811882,1.0,0.0,1.0,0.9550561797752809,0.5168539325842697,0.8587625125126619,0.688522624846355,soulswap,SoulSwap,Dexs,low_tvl_on_avax,structural_decay,1.0,avax_core,1.0,1,core_eligible
45.0,86.0,86.0,87.0,16.117902332273466,16.210368313082313,16.118305528932396,16.11807395072287,0.9120558968171539,0.08795212242367464,0.6627906976744186,0.6333333333333333,0.9943974405616454,3.0207950247410012e-05,-0.0007283075743089529,0.01467931718654185,4.688333243366472e-06,0.010251627439584889,0.0,0.0,1.0,1.0,0.9770114942528736,0.9989640948770091,0.09229436235944277,spark-liquidity-layer,Spark Liquidity Layer,Onchain Capital Allocator,active_on_avax,no_future_window,,avax_core,0.865479,1,core_eligible
0.0,136.0,90.0,91.0,0.6931471805599453,19.231759735767724,19.181162772904987,1.0986122886681098,0.9506619643471874,0.04933825490035092,0.6444444444444445,0.6444444444444445,0.4881010459649318,0.29579274930749816,0.0006913721643880114,1.0459398416948258,0.13636008881766407,0.009763062931643604,0.0,3.0,1.0,0.46153846153846156,0.5384615384615384,1.0,18.133147447099613,spark-savings,Spark Savings,Yield,active_on_avax,censored,,avax_core,0.82411,1,core_eligible
0.0,248.0,90.0,91.0,15.205300303105615,15.4882037935895,15.4882037935895,15.40877620136999,1.0,0.0,1.0,1.0,0.9916753498098868,0.0031577732241865066,0.0,0.01970358140231324,0.0031433721164876183,0.0015073939443422336,0.0,1.0,1.0,1.0,0.7032967032967034,1.0,0.07942759221950979,spectra-v2,Spectra V2,Yield,active_on_avax,censored,,avax_core,0.936438,1,core_eligible
0.0,1369.0,90.0,91.0,9.402447229504935,12.844652757694858,12.5608583058961,8.802672840312818,0.7535713627398574,0.2470792619014302,0.9777777777777777,0.9777777777777777,0.7247079085174715,0.0188038184494048,-0.14189722589937936,0.4883171821479905,0.035093456404346274,0.12855542411418971,6.0,4.0,1.0,0.24175824175824176,0.8791208791208791,1.0,4.04197991738204,spice-trade,Spice Trade,Algo-Stables,low_tvl_on_avax,structural_decay,1.0,avax_core,1.0,1,core_eligible
0.0,1535.0,90.0,91.0,13.127329028128502,13.127329028128502,10.273325483001141,10.277496392686066,0.05948304626922588,0.9423886739583831,0.0,0.0,0.7983760842561785,-0.011958301655064164,-0.011958301655064164,0.11814752682296988,-0.03171115050141512,0.11753389223419462,4.0,0.0,1.0,1.0,0.8681318681318682,0.7826376508335303,2.8498326354424357,spicy-dao,Spicy DAO,Reserve Currency,low_tvl_on_avax,structural_decay,1.0,avax_core,1.0,1,core_eligible
0.0,1537.0,90.0,91.0,13.080357348859028,13.292239476436658,12.977846146545309,12.982889793449884,0.7306857733945665,0.26976870555437427,0.011111111111111112,0.011111111111111112,0.9775049972428058,-0.0007383829049951827,-0.0006980086687634873,0.04728559018097079,-0.001139013359041326,0.03350055459192132,1.0,2.0,1.0,1.0,0.9010989010989011,0.9842589977333349,0.3093496829867739,spiritdao,SpiritDAO,Reserve Currency,low_tvl_on_avax,structural_decay,1.0,avax_core,1.0,1,core_eligible
0.0,1588.0,90.0,91.0,14.570931822758668,16.9272285195794,12.753526201017866,15.153763699385793,0.015438949858630192,0.9846048871317582,0.16666666666666666,0.16666666666666666,0.8925133936275883,-0.032620071227711996,-0.04421999577438376,0.20009181204141652,-0.020193395797120022,0.09126088498285218,8.0,3.0,1.0,1.0,0.7142857142857143,0.7820753806953648,1.7734648201936078,stabilize,Stabilize,CDP,active_on_avax,structural_decay,1.0,avax_core,1.0,1,core_eligible
0.0,622.0,90.0,91.0,13.89010398369491,15.750281900208567,15.727245029104791,15.39464636397471,0.9772297377322899,0.02277355159870913,0.9222222222222223,0.9222222222222223,0.9728525282354379,0.009376603555458534,0.004042268500494997,0.08425419969394825,0.020412678282332012,0.021263046634969335,0.0,3.0,1.0,1.0,0.9010989010989011,0.9997126009858214,0.3556355362338568,stable-jack-v1,Stable Jack V1,Yield,active_on_avax,resilient_or_unproven,0.0,avax_core,1.0,1,core_eligible
0.0,312.0,90.0,91.0,12.851042723959747,13.35227755620342,13.302420706100763,12.969741195495393,0.9514426929210069,0.0486344746481895,0.9333333333333333,0.9333333333333333,0.9665004347808993,0.006962493031189015,-0.0019311984416915554,0.7563623113684745,0.00501531091267796,0.5239782754015535,3.0,3.0,1.0,1.0,0.967032967032967,0.9971616228456461,0.382536360708027,stable-jack-v2,Stable Jack V2,Yield,low_tvl_on_avax,censored,,avax_core,0.963562,1,core_eligible
0.0,41.0,41.0,42.0,8.344980368770571,8.3670677328386,6.459904454377535,8.156797046675651,0.3089400226329687,0.8516968851696886,0.04878048780487805,0.022222222222222223,0.9680486819434868,-0.01610972333559241,-0.016702946575844018,0.16308877350906137,-0.035029892425740256,0.15790326689199718,2.0,1.0,1.0,0.0,0.9761904761904762,0.9286833103601232,0.21174173954103992,stackfi,StackFi,Lending,low_tvl_on_avax,no_future_window,,avax_core,0.734521,1,core_eligible
0.0,1595.0,90.0,91.0,13.453402308890945,18.639215306175526,18.468156187111898,13.437969421344157,0.842773010485147,0.15722825314141947,0.9,0.9,0.8212467651074064,0.0823235513019226,-0.01721567682289098,0.27491820416518703,0.05571948753578836,0.04159604786585219,1.0,9.0,1.0,1.0,0.5604395604395604,0.9967582959057425,5.201245884831369,stake-dao,Stake DAO,Yield,active_on_avax,structural_decay,1.0,avax_core,1.0,1,core_eligible
0.0,1061.0,90.0,91.0,10.66391947990167,13.091157499478037,13.091157499478037,12.346873178817809,1.0,0.0,1.0,1.0,0.9172827014436833,0.03225399581317888,0.0,0.14284163974552744,0.026969311328626292,0.041398585910739326,2.0,7.0,1.0,1.0,0.7252747252747253,1.0,0.7442843206602276,steadefi,Steadefi,Leveraged Farming,low_tvl_on_avax,structural_decay,1.0,avax_core,1.0,1,core_eligible
0.0,1384.0,90.0,91.0,13.866567674464022,14.127771334080027,13.894711680835414,13.810165297479431,0.7922581918962202,0.20789383173193024,0.6222222222222222,0.6222222222222222,0.9770795162431084,0.004486100610364549,-0.0018902855302808368,0.08624053957205786,0.0003127111819043509,0.05725463444793233,2.0,5.0,1.0,1.0,0.6263736263736264,0.9938636884451757,0.31760603660059594,steakhut,SteakHut,Farm,low_tvl_on_avax,resilient_or_unproven,0.0,avax_core,1.0,1,core_eligible
0.0,1146.0,90.0,91.0,10.706788741587966,13.917242799388587,13.455664878265857,13.435382732650764,0.6306216304510661,0.36971201875915694,0.2111111111111111,0.2111111111111111,0.9515345150925029,-0.001811633805950483,-0.008238495541596629,0.25353097264974833,0.030543068185309902,0.08488774115017281,4.0,9.0,1.0,1.0,0.8351648351648352,0.9679289857833789,0.48186006673782344,steakhut-liquidity,SteakHut Liquidity,Liquidity Manager,active_on_avax,resilient_or_unproven,0.0,avax_core,1.0,1,core_eligible
2.0,983.0,86.0,87.0,5.147494476813453,6.873163834212518,4.90527477843843,5.14166355650266,0.5770992366412214,0.861139896373057,0.872093023255814,0.8333333333333334,0.7445855586863437,-0.0026894225681562216,-0.07785660032675754,0.0,0.0,0.0,0.0,0.0,1.0,0.0,0.9655172413793104,0.9379014073747616,1.7315002777098574,steer-protocol,Steer Protocol,Liquidity Manager,low_tvl_on_avax,structural_decay,1.0,avax_core,1.0,1,core_eligible
0.0,1522.0,90.0,91.0,9.389908140573516,9.446202695698167,9.406071615680055,9.323847612769777,0.9635405227322644,0.03933960028438265,0.9888888888888889,0.9888888888888889,0.9864161621790811,0.0005239789842247922,0.0,0.026194563926348783,0.00017959416785043992,0.016110711865520995,0.0,0.0,1.0,0.967032967032967,0.5714285714285714,0.9997175171101028,0.12235508292839015,stonedefi,StoneDefi,Yield Aggregator,active_on_avax,structural_decay,1.0,avax_core,1.0,1,core_eligible
0.0,985.0,90.0,91.0,12.28485147792665,14.630727572716184,14.186728537450543,14.279514977885613,0.6416244777532275,0.3585341189955148,0.5555555555555556,0.5555555555555556,0.9546555318046449,0.02273556949390154,-0.010467568283989037,0.06750741587249971,0.021131967328043247,0.026020962695207317,1.0,4.0,1.0,1.0,0.7692307692307693,0.9733485161879043,0.3512125948305709,struct-finance,Struct Finance,Yield,active_on_avax,structural_decay,1.0,avax_core,1.0,1,core_eligible
67.0,1496.0,90.0,91.0,10.497918760156915,12.803273193792867,0.0,11.874974940206409,0.002744206979067189,1.0,0.17777777777777778,0.17777777777777778,0.8782335942804931,-0.03238595631402195,-0.03347956757603875,0.8930619038145176,-0.039879599787129946,0.7386865634203341,3.0,4.0,0.945054945054945,0.945054945054945,0.945054945054945,0.5043449397475492,0.9282982535864583,stryke-ssov,Stryke SSOV,Options,low_tvl_on_avax,structural_decay,1.0,avax_core,1.0,1,core_eligible
0.0,1120.0,90.0,91.0,0.0,0.6931471805599453,0.0,0.0,0.999000999000999,1.0,0.0,0.0,0.0,0.0,0.0,0.0,0.0,0.0,0.0,0.0,0.0,0.0,1.0,1.0,0.6931471805599453,subzero+,Subzero+,Reserve Currency,low_tvl_on_avax,structural_decay,1.0,avax_core,1.0,1,core_eligible
0.0,1242.0,90.0,91.0,3.367295829986474,5.214935757608986,4.852030263919617,4.927253685157205,0.9526627218934911,0.30601092896174864,0.26666666666666666,0.26666666666666666,0.9444700764526937,-0.0016017851328288223,-0.004129090598215917,0.0,0.0,0.0,0.0,0.0,1.0,0.0,0.9010989010989011,0.9330732821349806,0.2876820724517808,subzero-zswap,Subzero ZSwap,Dexs,low_tvl_on_avax,resilient_or_unproven,0.0,avax_core,1.0,1,core_eligible
1.0,772.0,90.0,91.0,3.6109179126442243,6.665683717782408,6.5337888379333435,3.7376696182833684,0.945627802690583,0.12372448979591837,0.9666666666666667,0.9666666666666667,0.6084243607376397,0.04553186249153853,-0.0395684639547194,0.0,0.0,0.0,0.0,0.0,0.978021978021978,0.0,0.7692307692307693,0.997656269192971,2.92801409949904,superform,Superform,Yield Aggregator,low_tvl_on_avax,resilient_or_unproven,0.0,avax_core,1.0,1,core_eligible
0.0,1177.0,87.0,73.0,12.854421185182133,13.031635283790814,12.670457393386783,12.788511704105698,0.6975167820432138,0.3031456402529827,0.06944444444444445,0.05555555555555555,0.9830735026743086,-0.004010755934498771,-0.003948345738257715,0.026392941743106187,-0.0025550526638243,0.018390649655656687,0.0,0.0,1.0,1.0,0.6301369863013698,0.9772997224651477,0.24312357968511655,sushi-bentobox,Sushi BentoBox,Yield,low_tvl_on_avax,resilient_or_unproven,0.0,avax_core,1.0,1,core_eligible
8.0,1264.0,90.0,91.0,3.9889840465642745,10.265940770051001,8.74973246437081,9.574288799881414,0.2457627118644068,0.7804844097995546,0.8333333333333334,0.8333333333333334,0.8708289507055055,0.04311707110147031,-0.10882102004720687,0.2407441166423395,0.020455307611728774,0.10579428643716804,2.0,2.0,1.0,0.7252747252747253,0.8351648351648352,0.9047729592851876,0.6916519701695876,sushi-kashi,Sushi Kashi,Lending,low_tvl_on_avax,structural_decay,1.0,avax_core,1.0,1,core_eligible
16.0,1080.0,75.0,76.0,9.287671714912506,11.588570826164139,11.085061361918585,11.079570011971137,0.6080362310186759,0.3955978749640728,0.92,0.7666666666666667,0.9229372693693919,0.02873223024800492,-0.09769148298706405,0.11406941671141273,0.023965195293414395,0.05022850775257345,1.0,5.0,1.0,1.0,0.75,0.9824118254741092,0.509000815263585,sushi-trident,Sushi Trident,Dexs,low_tvl_on_avax,structural_decay,1.0,avax_core,1.0,1,core_eligible
0.0,1727.0,90.0,91.0,13.229749440255654,14.198277330256229,14.156752828434922,13.156699101480198,0.959353521861061,0.04067419791521037,0.7888888888888889,0.7888888888888889,0.9412703489121059,0.012968749962054242,-0.0009539015618642914,0.06543462631349278,0.010300037646436305,0.037485372537817266,3.0,4.0,1.0,1.0,0.7032967032967034,0.996916184601813,1.0415782287760305,sushiswap,SushiSwap,Dexs,active_on_avax,resilient_or_unproven,0.0,avax_core,1.0,1,core_eligible
0.0,1065.0,90.0,91.0,9.633579908183512,10.358821607797427,9.918228370857626,9.943573276075414,0.6545968708695786,0.3563568325246567,0.7,0.7,0.9556345866520304,0.004795448519833959,-0.003464161614187892,0.07632607846633017,0.0031627606963790535,0.05040260097492648,2.0,4.0,1.0,1.0,0.6703296703296703,0.9810627186769727,0.4152483317220135,sushiswap-v3,SushiSwap V3,Dexs,active_on_avax,resilient_or_unproven,0.0,avax_core,1.0,1,core_eligible
0.0,524.0,90.0,91.0,0.6931471805599453,15.363655662895596,15.136201831496756,14.556755758455177,0.7966024043005797,0.20344084658766873,0.8666666666666667,0.8666666666666667,0.8492047056975285,0.10548432366156692,-0.016349711949310394,0.6694560226543013,0.09141607835757261,0.021852511976735798,0.0,4.0,1.0,0.8901098901098901,0.8901098901098901,0.9882541033234786,0.806899904440419,suzaku,Suzaku,Restaking,active_on_avax,resilient_or_unproven,0.0,avax_core,1.0,1,core_eligible
0.0,1376.0,90.0,91.0,13.741153323978171,14.987770998799384,14.527788571589726,14.815890936059915,0.6314087651143878,0.3687053751560331,0.5444444444444444,0.5444444444444444,0.9845216854238585,0.0032206282344686564,-0.005853703000470338,0.06027774622942863,0.008740391640128386,0.03182257855917737,1.0,3.0,1.0,1.0,0.8681318681318682,0.9801332250725464,0.17188006273946854,swapsicle-v1,Swapsicle V1,Dexs,active_on_avax,structural_decay,1.0,avax_core,1.0,1,core_eligible
0.0,1581.0,90.0,91.0,13.489532464699442,14.080118457445455,12.22462939900856,12.805189327144868,0.15702279052609863,0.8436242007369606,0.7,0.7,0.8919459781069832,0.010064026665421813,-0.07599076366809801,0.9937497159152354,-0.01405447850767647,0.7181352455956557,10.0,11.0,1.0,0.945054945054945,0.9230769230769231,0.8791863666577875,1.2749291303005865,swift-finance,Swift Finance,Yield,low_tvl_on_avax,structural_decay,1.0,avax_core,1.0,1,core_eligible
0.0,650.0,90.0,91.0,9.135724578595394,9.135724578595394,8.97423821949758,8.98594603876032,0.8653696498054475,0.14913793103448275,0.0,0.0,0.985928397897866,-0.0013870060637451896,-0.0013870060637451896,0.013522000440343027,-0.001794292878864587,0.012927031436677726,0.0,0.0,1.0,0.0,0.8241758241758241,0.9822402099189717,0.14977853983507394,swing-dao,Swing DAO,Reserve Currency,low_tvl_on_avax,structural_decay,1.0,avax_core,1.0,1,core_eligible
0.0,1003.0,90.0,91.0,9.305559638557117,9.37999875481674,9.279306576440906,9.290629203204986,0.911659402241594,0.09579675894665766,0.6333333333333333,0.6333333333333333,0.9906550189083289,-0.00022669197705121522,-0.0005307340669993658,0.023283837502512582,-0.0002917006901801263,0.016166174769779728,0.0,0.0,1.0,1.0,0.9230769230769231,0.9954166265537425,0.0893695516117532,symphony-finance,Symphony Finance,Dexs,low_tvl_on_avax,structural_decay,1.0,avax_core,1.0,1,core_eligible
0.0,1417.0,90.0,91.0,11.810330119570132,11.821556566172392,11.590673233592153,11.549961100271057,0.7953337464911961,0.20616943924204031,0.022222222222222223,0.022222222222222223,0.9771436393309277,-0.0002298805884999786,0.00015427780260773467,0.03517299636576357,-0.0024406320664219945,0.02473439650797357,1.0,1.0,1.0,1.0,0.7582417582417582,0.9788451470709641,0.2715954659013349,tarina,Tarina,Dexs,low_tvl_on_avax,resilient_or_unproven,0.0,avax_core,1.0,1,core_eligible
0.0,1065.0,90.0,91.0,11.694138073775257,13.749317335229476,11.206006205330874,11.897480132383482,0.07958810991846942,0.921395289700614,0.2111111111111111,0.2111111111111111,0.8692972300259976,-0.010661864524116431,-0.02057569577749044,0.20148441202296996,-0.005423687427159803,0.13805273001069862,5.0,7.0,1.0,1.0,0.6923076923076923,0.8850048265764421,1.851837202845994,tarot,Tarot,Lending,low_tvl_on_avax,structural_decay,1.0,avax_core,1.0,1,core_eligible
1.0,1346.0,90.0,89.0,12.999307213210813,14.73626690412437,14.153069346930776,14.414478369112754,0.558286640967953,0.4418892571961956,0.4772727272727273,0.4666666666666667,0.9714010014838377,0.0021379917433678773,-0.01095347360634139,0.15575701848557882,0.013110933337726859,0.030067533437791845,0.0,1.0,1.0,1.0,0.9325842696629213,0.9645478974904462,0.32178853501161697,team-finance,Team Finance,Token Locker,active_on_avax,resilient_or_unproven,0.0,avax_core,1.0,1,core_eligible
0.0,1640.0,90.0,91.0,13.550652687042836,18.487549052152186,16.554919106203958,17.19591550062823,0.1447749591723318,0.855233039904629,0.2777777777777778,0.2777777777777778,0.9116796791735992,0.017395429362186573,-0.01508741789254644,0.18440186392220861,0.03338073799067912,0.09397821372976188,5.0,13.0,1.0,1.0,0.8131868131868132,0.9058310791533296,1.2916335515239545,teddy-cash,Teddy Cash,CDP,active_on_avax,structural_decay,1.0,avax_core,1.0,1,core_eligible
0.0,1547.0,90.0,91.0,12.419101212436562,13.806173099266594,11.914308921125478,12.912834228107616,0.1516459027634226,0.8492104107680893,0.3888888888888889,0.3888888888888889,0.8007649300218254,0.03466484610581079,-0.03696816894104595,1.0171572782972789,-0.00560880323678982,0.7022891070046792,3.0,4.0,0.8571428571428571,0.8571428571428571,0.8571428571428571,0.8669359808330798,0.8933388711589778,tempodao,TempoDAO,Reserve Currency,low_tvl_on_avax,structural_decay,1.0,avax_core,1.0,1,core_eligible
310.0,694.0,90.0,91.0,7.20414929203594,13.782199866179262,13.441923405441608,13.25661975716216,0.7118711637749848,0.28842672478410153,0.6,0.6,0.7884911819040593,0.12057654878679555,-0.006729141882600517,0.7248003209043294,0.06930860126006297,0.2137535079048958,3.0,4.0,0.9010989010989011,0.7142857142857143,0.7802197802197802,0.9834101119548578,0.5255801090171026,termfinance-lend,TermFinance Lend,Lending,low_tvl_on_avax,resilient_or_unproven,0.0,avax_core,1.0,1,core_eligible
95.0,254.0,90.0,84.0,5.303304908059076,15.88255975575275,12.816126219152771,12.843288159487992,0.04670753657842761,0.9534131108735182,0.12048192771084337,0.1111111111111111,0.7557814950051003,-0.01079434511433447,-0.027182618016911433,1.405019065250047,0.07117314987756085,0.7753657141751602,8.0,6.0,0.9523809523809523,0.8095238095238095,0.8095238095238095,0.8117378525096175,3.039271703907792,termfinance-vaults,TermFinance Vaults,Yield,active_on_avax,censored,,avax_core,0.981918,1,core_eligible
0.0,1628.0,90.0,91.0,15.118289877330309,15.118289877330309,8.27308133366583,11.153288997188483,0.0013356851825889252,0.9989357272765815,0.0,0.0,0.7617867848905416,-0.07706498554406094,-0.07706498554406094,0.2647424774874019,-0.0760578727073831,0.25920627551081016,10.0,1.0,1.0,0.8681318681318682,0.5604395604395604,0.5436698635434016,3.965000880141826,the-dragons-lair,The Dragon's Lair,Yield,low_tvl_on_avax,structural_decay,1.0,avax_core,1.0,1,core_eligible
0.0,963.0,90.0,91.0,11.335042045060883,11.335042045060883,5.0689042022202315,6.86484777797086,0.013671298537241892,0.9981123735111047,0.0,0.0,0.6804942678895823,-0.09264564615178852,-0.09264564615178852,0.1843160669800558,-0.04918096961939625,0.18398947712701702,8.0,0.0,1.0,0.4065934065934066,0.6263736263736264,0.4452569341081641,4.470194267090022,the-ennead-farm,The Ennead Farm,Yield,low_tvl_on_avax,structural_decay,1.0,avax_core,1.0,1,core_eligible
0.0,1530.0,90.0,91.0,9.326254996572539,9.413526083949446,9.20029003612268,9.10719961305667,0.8224418955629339,0.19205027750571335,0.044444444444444446,0.044444444444444446,0.966088021396688,-0.001405531937416844,-0.0008604456113390812,0.05326608137430965,-0.0013996106716650896,0.030896625514015445,1.0,1.0,1.0,0.14285714285714285,0.6923076923076923,0.9794545687579786,0.30632647089277576,the-seed-farm,The Seed Farm,Yield,low_tvl_on_avax,structural_decay,1.0,avax_core,1.0,1,core_eligible
0.0,1536.0,90.0,91.0,15.438119747045732,15.718282639614833,15.227719224128705,15.411263861800952,0.6123390917809729,0.38771872962641396,0.26666666666666666,0.26666666666666666,0.9737737227550552,-0.007457545386909962,-0.010607183488480412,0.06908795892943888,-0.002337783587966966,0.047531923706236705,4.0,1.0,1.0,1.0,0.6923076923076923,0.9735473112566878,0.3070187778138802,thetanuts-finance,Thetanuts Finance,Yield,active_on_avax,structural_decay,1.0,avax_core,1.0,1,core_eligible
0.0,609.0,90.0,91.0,0.0,0.6931471805599453,0.0,0.0,0.999000999000999,1.0,0.0,0.0,0.0,0.0,0.0,0.0,0.0,0.0,0.0,0.0,0.0,0.0,1.0,1.0,0.6931471805599453,thor-financial,Thor Financial,Yield,low_tvl_on_avax,structural_decay,1.0,avax_core,1.0,1,core_eligible
0.0,1068.0,90.0,91.0,14.062783831768627,14.139862496770348,13.524909562933216,13.78250274471643,0.5409978665345021,0.4593339902959441,0.15555555555555556,0.15555555555555556,0.9735732929823622,-0.008265164454194533,-0.00849469250459997,0.030865252799483565,-0.005976380764837903,0.025087672201641112,0.0,0.0,1.0,1.0,0.5494505494505495,0.955199953265698,0.35735975205391846,thorchain-dex,Thorchain DEX,Dexs,active_on_avax,resilient_or_unproven,0.0,avax_core,1.0,1,core_eligible
0.0,1521.0,90.0,91.0,15.88342782454029,16.446217692968112,12.441484630898238,15.577328726807696,0.018299793375141336,0.981770916052434,0.08888888888888889,0.08888888888888889,0.9260358940947935,-0.0335320937651852,-0.03762959031079437,0.12520847310423286,-0.03824381326268947,0.11496230316421775,6.0,2.0,1.0,1.0,0.8351648351648352,0.7724352139760967,0.8688889661604158,thorusfi,ThorusFi,Dexs,active_on_avax,structural_decay,1.0,avax_core,1.0,1,core_eligible
0.0,237.0,90.0,91.0,11.599827669334077,12.067982305249428,11.524320296584103,11.723478082105009,0.5830094233546229,0.4193842815565748,0.7444444444444445,0.7444444444444445,0.9742860155957267,0.0030196070751793624,-0.014915695473180399,0.05237231711349269,-0.0008389708083330542,0.03798892712907387,1.0,0.0,1.0,1.0,0.6373626373626373,0.9782145268255114,0.3445042231444191,token-mill,Token Mill,Launchpad,active_on_avax,censored,,avax_core,0.895616,1,core_eligible
154.0,1264.0,90.0,91.0,0.6931471805599453,0.6931471805599453,0.0,0.0,0.999000999000999,1.0,0.0,0.0,0.17582417582417584,-0.0066234799862393235,-0.0066234799862393235,0.0,0.0,0.0,0.0,0.0,0.17582417582417584,0.0,0.8241758241758241,1.4426929595229852e-06,0.6931471805599453,tokensfarm,TokensFarm,Yield,low_tvl_on_avax,structural_decay,1.0,avax_core,1.0,1,core_eligible
0.0,1542.0,90.0,91.0,13.207933549690528,14.332191406396868,13.792740271520486,13.928206007105285,0.5833164923249713,0.41693205833984015,0.3,0.3,0.9724399974448755,-0.0010820427498691243,-0.0022740547274274817,0.1579312204819751,0.0064978524647773105,0.11731563133686156,4.0,11.0,1.0,1.0,0.6923076923076923,0.9669951737125466,0.4039853992915834,topshelf,TopShelf,CDP,low_tvl_on_avax,structural_decay,1.0,avax_core,1.0,1,core_eligible
0.0,1554.0,90.0,91.0,12.53387886906611,13.750980570123627,10.479229750968448,11.705279857464557,0.03896401412029958,0.9620610832772448,0.16666666666666666,0.16666666666666666,0.8510047299896797,-0.04165517099846239,-0.0402864493574518,0.17391266265949348,-0.022829434645529566,0.1381726522867051,7.0,4.0,1.0,1.0,0.38461538461538464,0.7690920343963049,2.0457007126590696,tornadao,Tornadao,Reserve Currency,low_tvl_on_avax,structural_decay,1.0,avax_core,1.0,1,core_eligible
0.0,1384.0,90.0,91.0,12.60083063649465,12.680864791507707,11.954966766929843,12.308399062963646,0.48548839660812004,0.5161117763229508,0.08888888888888889,0.08888888888888889,0.9701012281266872,-0.003239478605512264,-0.002674975544631345,0.07389522520235454,-0.007176265217386736,0.04845853740945708,2.0,1.0,1.0,1.0,0.6373626373626373,0.9539172681659434,0.3724657285440607,tornado-cash,Tornado Cash,Privacy,active_on_avax,resilient_or_unproven,0.0,avax_core,1.0,1,core_eligible
0.0,1480.0,90.0,76.0,4.897839799950911,4.955827057601261,4.406719247264253,4.74493212836325,0.9474145486415425,0.425531914893617,0.5866666666666667,0.4888888888888889,0.956502188266802,-0.0030452633392357795,-0.020402725635566592,0.0,0.0,0.0,0.0,0.0,1.0,0.0,0.7368421052631579,0.8879835533130596,0.21089492923801068,tranche-finance,Tranche Finance,Yield,low_tvl_on_avax,structural_decay,1.0,avax_core,1.0,1,core_eligible
0.0,595.0,90.0,91.0,7.683403681053826,10.125350283950615,3.367295829986474,4.574710978503383,0.03958870874571572,0.9988785196459327,0.1111111111111111,0.1111111111111111,0.515017670904417,-0.0653353935544523,-0.056569579509334736,0.3919174534295066,-0.00860721001931784,0.3274794923474619,1.0,2.0,1.0,0.12087912087912088,0.8131868131868132,0.3319119637377596,5.550639305447232,treehouse-finance,TreeHouse Finance,Yield,low_tvl_on_avax,structural_decay,1.0,avax_core,1.0,1,core_eligible
0.0,190.0,90.0,91.0,11.574763467988918,13.98372642903065,13.69114729502094,13.664000222690817,0.7465501764495761,0.2536640322652894,0.6333333333333333,0.6333333333333333,0.9634979079659372,0.013664765295831521,-0.010471265762362045,0.09069221547197147,0.02351537585591136,0.038657988887743626,1.0,7.0,1.0,1.0,0.8571428571428571,0.9759230154693677,0.3197262063398334,treehouse-protocol,Treehouse Protocol,DOR,active_on_avax,censored,,avax_core,0.904658,1,core_eligible
0.0,101.0,90.0,91.0,17.60327010759852,17.829388298978294,15.532089659715416,17.48791092469956,0.10054627594711403,0.8994699710789863,0.2222222222222222,0.2222222222222222,0.9610297213991756,-0.023850692179272628,-0.03340995630642906,0.08465538057379868,-0.023013116087590033,0.0785386532776157,6.0,1.0,1.0,1.0,0.7692307692307693,0.8745669422575783,0.34147737427873537,tulipa-capital,Tulipa Capital,Risk Curators,active_on_avax,censored,,avax_core,0.85589,1,core_eligible
0.0,138.0,90.0,91.0,17.953838576017272,18.252393716800615,17.4243558647847,17.69347518562707,0.4369123757181248,0.5630942871637653,0.07777777777777778,0.07777777777777778,0.9736681802564866,-0.007321244701472817,-0.007121811870642444,0.05430649760250228,-0.005883141235917459,0.042683798682515074,2.0,1.0,1.0,1.0,0.7142857142857143,0.9583922170254265,0.5589185311735463,turtle-club,Turtle Club,Onchain Capital Allocator,active_on_avax,censored,,avax_core,0.860274,1,core_eligible
0.0,557.0,90.0,91.0,7.873217054862741,9.211739392889891,9.211739392889891,7.889459149404524,1.0,0.0,1.0,1.0,0.8655426126511757,0.005585810612550802,0.0,0.09554676438160042,0.014872470422523884,0.006783710161410581,0.0,2.0,1.0,0.02197802197802198,0.9340659340659341,1.0,1.322280243485367,umami-finance,Umami Finance,Yield,low_tvl_on_avax,structural_decay,1.0,avax_core,1.0,1,core_eligible
0.0,1366.0,90.0,91.0,12.18658396894631,12.18658396894631,11.481723713826964,11.949184857751803,0.4967408782635602,0.5058249506727371,0.0,0.0,0.976454201338576,-0.00395885085305891,-0.00395885085305891,0.03559194090742005,-0.007831780612437179,0.020894619327632712,0.0,1.0,1.0,1.0,0.7472527472527473,0.9440224327879273,0.23739911119450774,uncx-network-v2,UNCX Network V2,Token Locker,active_on_avax,resilient_or_unproven,0.0,avax_core,1.0,1,core_eligible
0.0,1486.0,90.0,91.0,9.467228129254554,9.847763403763766,9.70826311038665,9.365890072717148,0.8763243786090886,0.1302141157811261,0.9777777777777777,0.9777777777777777,0.9497100379342632,-0.0017012734919402855,-0.06975014668855817,0.08178525951921362,0.002678166457023284,0.01822678999773082,0.0,1.0,1.0,0.8901098901098901,0.7802197802197802,0.9954262338055081,0.4818733310466179,unifi,UniFi,Dexs,low_tvl_on_avax,structural_decay,1.0,avax_core,1.0,1,core_eligible
0.0,745.0,90.0,91.0,5.8664680569332965,10.04220547184795,9.933289043772918,9.308192772143688,0.9011053180396246,0.10319912948857454,0.4222222222222222,0.4222222222222222,0.9027297781457053,0.021245063916687956,-0.013069157613898291,0.4163125202773544,0.03360593627175219,0.22072868235667412,6.0,7.0,1.0,0.6703296703296703,0.9010989010989011,0.9518240790474388,0.7340126997042624,uniswap-v2,Uniswap V2,Dexs,active_on_avax,resilient_or_unproven,0.0,avax_core,1.0,1,core_eligible
0.0,968.0,90.0,88.0,14.81093737126595,15.044558828412082,14.727608914099275,14.841057766375249,0.7284466041566856,0.2716328444862366,0.21839080459770116,0.2111111111111111,0.9863946809374046,-0.0023609558323524657,-0.004234931307158725,0.029383649011097177,-0.0009577983582376542,0.015460043114762187,0.0,0.0,1.0,1.0,0.5568181818181818,0.9840845692684124,0.2035010832211679,uniswap-v3,Uniswap V3,Dexs,active_on_avax,resilient_or_unproven,0.0,avax_core,1.0,1,core_eligible
0.0,403.0,90.0,91.0,4.442651256490317,13.30796455037314,11.064056908254452,10.661509135319276,0.10752442078378692,0.8939581706729571,0.7,0.7,0.7851003086721959,0.03016191082174196,-0.03279474501279054,0.6640587918431988,0.04617002365488035,0.385425954167772,7.0,13.0,1.0,0.967032967032967,0.8791208791208791,0.8979370832006979,2.646455415053863,uniswap-v4,Uniswap V4,Dexs,active_on_avax,censored,,avax_core,1.0,1,core_eligible
0.0,1126.0,90.0,91.0,1.9459101490553132,5.541263545158426,5.303304908059076,3.828641396489095,0.9569377990430622,0.2125984251968504,0.8,0.8,0.648074673327366,0.05535979730012144,-0.008135391746486495,0.0,0.0,0.0,0.0,0.0,1.0,0.0,0.4945054945054945,0.9785586731014209,1.7126221486693307,uno-farm,UNO farm,Yield Aggregator,low_tvl_on_avax,structural_decay,1.0,avax_core,1.0,1,core_eligible
0.0,459.0,90.0,91.0,14.949748322607421,15.977043131146248,15.977043131146248,15.812514202877312,1.0,0.0,1.0,1.0,0.9764904407694007,0.009437230464539221,0.0,0.04539322715194025,0.011414386761542517,0.0014919637257434823,0.0,3.0,1.0,1.0,0.5054945054945055,1.0,0.16452892826893617,upshift,Upshift,Onchain Capital Allocator,active_on_avax,resilient_or_unproven,0.0,avax_core,1.0,1,core_eligible
0.0,436.0,90.0,91.0,10.62885988039081,11.612345370090983,0.6931471805599453,11.317652398287233,0.008981444926964075,0.9999909462934126,0.16666666666666666,0.16666666666666666,0.741898576507443,-0.1303677218627552,-0.17740065999404198,0.48835963293099943,-0.0413345011230621,0.47173779828822077,5.0,5.0,1.0,0.7472527472527473,0.7472527472527473,0.0608296999988397,0.29469297180374987,vacus-finance,Vacus Finance,Yield Aggregator,low_tvl_on_avax,censored,,avax_core,1.0,1,core_eligible
0.0,1533.0,90.0,91.0,10.959957531006271,10.959957531006271,0.0,0.0,0.017087299010645388,1.0,0.0,0.0,0.19131182193397533,-0.11017871248578948,-0.11017871248578948,0.28901598623489366,-0.04501336390767834,0.28889867321508356,3.0,0.0,0.2087912087912088,0.2087912087912088,0.7912087912087912,9.12412211388346e-08,10.959957531006271,valhalladao,ValhallaDAO,Reserve Currency,low_tvl_on_avax,structural_decay,1.0,avax_core,1.0,1,core_eligible
0.0,1186.0,90.0,91.0,10.38588283710658,14.135437385361698,13.776892383248244,13.776892383248244,0.6989106156197343,0.3013080363043254,0.8444444444444444,0.8444444444444444,0.8606260685450334,0.059975735333699126,-0.022518329367234524,0.39081998014550656,0.03767788384601849,0.03204868078633238,1.0,2.0,1.0,1.0,0.5054945054945055,0.9833661427628669,0.35854500211345375,vapordex-v1,VaporDex V1,Dexs,active_on_avax,resilient_or_unproven,0.0,avax_core,1.0,1,core_eligible
0.0,871.0,90.0,91.0,2.995732273553991,9.78650419705031,9.24009333012553,9.106312301552135,0.6014049278910116,0.4209993817098533,0.8666666666666667,0.8666666666666667,0.9071119700231561,0.015387168368893363,-0.019904996658363785,0.31846352952709167,0.02590376167567011,0.15688675891778234,16.0,17.0,1.0,0.43956043956043955,0.9230769230769231,0.9893333031696553,0.680191895498174,vapordex-v2,VaporDex V2,Dexs,active_on_avax,resilient_or_unproven,0.0,avax_core,1.0,1,core_eligible
0.0,1487.0,90.0,91.0,0.0,0.6931471805599453,0.0,0.0,0.999000999000999,1.0,0.0,0.0,0.0,0.0,0.0,0.0,0.0,0.0,0.0,0.0,0.0,0.0,1.0,1.0,0.6931471805599453,vaporfi,VaporFi,Yield,low_tvl_on_avax,structural_decay,1.0,avax_core,1.0,1,core_eligible
18.0,205.0,90.0,91.0,13.400534362521382,15.508070493647976,14.767909471780463,15.201718165321166,0.47713323216247105,0.5229630003178506,0.4222222222222222,0.4222222222222222,0.9743986226743839,-0.0025547470372772347,-0.014412334680867495,0.12498563388472529,0.015193056769545344,0.027259890239858423,0.0,4.0,1.0,1.0,0.7692307692307693,0.9535864619093679,0.3063523283268097,varlamore-capital,Varlamore Capital,Risk Curators,low_tvl_on_avax,censored,,avax_core,0.88411,1,core_eligible
0.0,1460.0,90.0,91.0,18.50992820986401,19.818834355353097,18.252864467076318,19.204995576794328,0.20888727198237925,0.7911146824829672,0.6333333333333333,0.6333333333333333,0.9684216939984632,0.000507877920498125,-0.0441874237974423,0.10415073398922149,-0.0028562638087521464,0.07076468855386443,5.0,5.0,1.0,1.0,0.5824175824175825,0.9342784428142408,0.6138387785587689,vector-finance,Vector Finance,Yield,active_on_avax,resilient_or_unproven,0.0,avax_core,1.0,1,core_eligible
0.0,1633.0,90.0,85.0,17.775244650329277,18.652079764910997,16.070961694519383,15.920609003253979,0.07569665699661189,0.9243106766370082,0.03571428571428571,0.03333333333333333,0.8218047030585733,0.0220698399976794,0.03218866817154739,0.4187544508142169,-0.020289082807260647,0.3009423045301893,7.0,6.0,1.0,1.0,0.6,0.8771159171732302,2.731470761657018,vee-finance,Vee Finance,Lending,active_on_avax,structural_decay,1.0,avax_core,1.0,1,core_eligible
0.0,339.0,90.0,91.0,14.312697597625382,16.22258070351013,15.64978418918929,15.407936178492958,0.5639853844042727,0.43605389128403504,0.7555555555555555,0.7555555555555555,0.9394961835664224,0.017501007910864848,-0.010401314017090267,0.105515706911748,0.014856517684043426,0.0436757200494731,2.0,4.0,1.0,1.0,0.5274725274725275,0.9733307107574469,0.8146445250171706,vertex-perps,Vertex Perps,Derivatives,low_tvl_on_avax,censored,,avax_core,0.986301,1,core_eligible
13.0,1417.0,90.0,91.0,12.129645062080188,15.238223874438598,13.292271539158094,14.453842459750906,0.1430574835637303,0.8571490902428912,0.15555555555555556,0.15555555555555556,0.9267783555019851,-0.02215495756541327,-0.030679787906419866,0.26195040870202013,0.012918071967532283,0.09236196260338267,2.0,2.0,1.0,1.0,0.5824175824175825,0.874534674603091,0.784381414687692,vesper,Vesper,Yield Aggregator,low_tvl_on_avax,resilient_or_unproven,0.0,avax_core,1.0,1,core_eligible
0.0,229.0,90.0,91.0,14.455425723927283,17.673560534352582,16.24595662208733,16.63970416979078,0.2398990439499976,0.7601170011146884,0.2222222222222222,0.2222222222222222,0.9430499766483194,0.004609311729860207,-0.018039582131598994,1.3639963603249234,0.019894787757333866,0.9140926984514547,4.0,7.0,0.989010989010989,0.989010989010989,0.978021978021978,0.9276603704344399,1.033856364561803,vfat.io,vfat.io,Yield Aggregator,active_on_avax,censored,,avax_core,0.915068,1,core_eligible
0.0,675.0,90.0,91.0,14.315059033043484,14.394197052746376,0.0,0.0,0.0005603204584766119,1.0,0.011111111111111112,0.011111111111111112,0.4615348422318048,-0.22912195166037755,-0.2310986200180301,0.6680519338110542,-0.0822922694858696,0.6674012693059913,3.0,0.0,0.4835164835164835,0.4835164835164835,0.5164835164835165,6.966393885984585e-08,14.394197052746376,vikingsfinance,VikingsFinance,Reserve Currency,low_tvl_on_avax,structural_decay,1.0,avax_core,1.0,1,core_eligible
0.0,1646.0,90.0,91.0,0.0,0.6931471805599453,0.0,0.0,0.999000999000999,1.0,0.0,0.0,0.0,0.0,0.0,0.0,0.0,0.0,0.0,0.0,0.0,0.0,1.0,1.0,0.6931471805599453,volta-club,Volta Club,Reserve Currency,low_tvl_on_avax,structural_decay,1.0,avax_core,1.0,1,core_eligible
0.0,1481.0,90.0,91.0,0.0,0.6931471805599453,0.0,0.0,0.999000999000999,1.0,0.0,0.0,0.0,0.0,0.0,0.0,0.0,0.0,0.0,0.0,0.0,0.0,1.0,1.0,0.6931471805599453,volta-dao,Volta DAO,Reserve Currency,low_tvl_on_avax,structural_decay,1.0,avax_core,1.0,1,core_eligible
0.0,997.0,90.0,91.0,12.814010460865223,12.825575976983862,12.693989864060788,12.77523415630908,0.8770343531937734,0.12329655543595264,0.2777777777777778,0.2777777777777778,0.9959698415075011,-0.001073127056894518,-0.0020135193476827017,0.009290111603820622,-0.0013335621867159493,0.007633202577883116,0.0,0.0,1.0,1.0,0.6923076923076923,0.9902455719660336,0.05034182067478099,voltz,Voltz,Derivatives,low_tvl_on_avax,structural_decay,1.0,avax_core,1.0,1,core_eligible
0.0,1270.0,90.0,91.0,14.334879781026137,14.36318678068827,3.8066624897703196,12.298118412021353,0.0006033883376131136,0.9999745551341089,0.011111111111111112,0.011111111111111112,0.5948593433568509,-0.15498645847524736,-0.15587304027841742,0.576427321183599,-0.08251250001901018,0.5717944579186804,6.0,2.0,1.0,0.5274725274725275,0.5274725274725275,0.26231879520926327,2.0650683686669176,vortex-dao,Vortex DAO,Reserve Currency,low_tvl_on_avax,structural_decay,1.0,avax_core,1.0,1,core_eligible
0.0,1425.0,90.0,91.0,15.489690345858055,15.494456809009318,14.924428889789986,15.026681592755127,0.5655906168064192,0.43449043117190156,0.011111111111111112,0.011111111111111112,0.975562004748474,-0.007173306096715728,-0.007135037763816792,0.025498876783502326,-0.006280682845200758,0.019958906489001154,0.0,0.0,1.0,1.0,0.7032967032967034,0.9646906755818154,0.46777521625419105,waterfall-defi,Waterfall DeFi,Yield Aggregator,low_tvl_on_avax,resilient_or_unproven,0.0,avax_core,1.0,1,core_eligible
0.0,1166.0,90.0,91.0,4.499809670330265,4.948759890378168,4.836281906951478,4.812184355372417,0.9868421052631579,0.10714285714285714,0.4,0.4,0.9643861660388954,0.002848151373068277,-0.002084647433839715,0.0,0.0,0.0,0.0,0.0,1.0,0.0,0.8021978021978022,0.9839982682110668,0.13657553500575137,whaleswap,WhaleSwap,Dexs,low_tvl_on_avax,structural_decay,1.0,avax_core,1.0,1,core_eligible
0.0,844.0,90.0,91.0,13.954309428038492,15.012004263426418,14.409134044322565,14.381572382635426,0.5473753548502113,0.45276145195927453,0.43333333333333335,0.43333333333333335,0.9638121430423076,-0.0014947575592287373,-0.020224583403115334,0.07348833875226987,0.005053606847600811,0.04654978891388304,3.0,2.0,1.0,1.0,0.6153846153846154,0.9540551484859366,0.6304318807909919,wombat-exchange,Wombat Exchange,Dexs,active_on_avax,resilient_or_unproven,0.0,avax_core,1.0,1,core_eligible
0.0,1209.0,90.0,91.0,14.856317870875143,14.856317870875143,14.649473038966402,14.594001600983956,0.8132117164301089,0.18685425150829896,0.0,0.0,0.9810572985066742,0.0012426921056676902,0.0012426921056676902,0.08414595342095586,-0.002298275910097125,0.06494521831836016,2.0,3.0,1.0,1.0,0.7912087912087912,0.986974119258951,0.26231626989118695,woofi-earn,WOOFi Earn,Yield,active_on_avax,resilient_or_unproven,0.0,avax_core,1.0,1,core_eligible
0.0,1458.0,90.0,91.0,15.507475658423814,16.155281121332447,14.425521751591527,15.0495513552605,0.1774062525349586,0.8226730041678976,0.12222222222222222,0.12222222222222222,0.9352923523811918,-0.017928669775124882,-0.019668576039230456,0.11865973793102445,-0.01202171007591431,0.10547270740264131,3.0,2.0,1.0,1.0,0.5384615384615384,0.9058715834054495,1.1057297660719474,woofi-swap,WOOFi Swap,Dexs,active_on_avax,resilient_or_unproven,0.0,avax_core,1.0,1,core_eligible
0.0,1488.0,90.0,91.0,12.884925649384403,13.038388114026477,11.347767762854671,12.698174060297886,0.18617356085829756,0.81559668150159,0.37777777777777777,0.37777777777777777,0.9638653631349425,-0.012213028855254517,-0.027058489780192575,0.11512411864718543,-0.017079532072552576,0.09357732127472457,5.0,4.0,1.0,1.0,0.8021978021978022,0.9047070247064513,0.3402140537285909,wowswap,WOWswap,Dexs,low_tvl_on_avax,resilient_or_unproven,0.0,avax_core,1.0,1,core_eligible
0.0,857.0,90.0,91.0,13.708631111537175,14.212480349505736,12.773682112993475,13.257207158470282,0.23772466757597543,0.7627878518936873,0.14444444444444443,0.14444444444444443,0.8685085443256539,0.008972519562368704,0.03771319389154573,0.5253442768862978,-0.010388322206041106,0.27955482486369976,7.0,5.0,1.0,0.8241758241758241,0.7692307692307693,0.9213658920422568,0.9552731910354542,xave-finance,Xave Finance,Dexs,active_on_avax,resilient_or_unproven,0.0,avax_core,1.0,1,core_eligible
0.0,1650.0,90.0,91.0,13.891059491434397,14.140306317656153,11.932674733633949,13.674407716986273,0.11060287547111494,0.8900398700051382,0.12222222222222222,0.12222222222222222,0.9428259644252933,-0.023203321667856547,-0.027907140597410444,0.19757434226878207,-0.02175983064222721,0.1782531322629068,6.0,4.0,1.0,1.0,0.7692307692307693,0.860698964494238,0.4658986006698793,xdollar,xDollar,CDP,low_tvl_on_avax,structural_decay,1.0,avax_core,1.0,1,core_eligible
3.0,276.0,90.0,88.0,17.169960402872473,17.45281723126955,17.439374577235373,17.452639218316936,0.9866476460619767,0.01335270541398675,0.27586206896551724,0.26666666666666666,0.9968400979577146,0.0029559534449540444,-7.4777364428272e-05,0.030061729026885097,0.00309671464784943,0.0016401381579532227,0.0,1.0,1.0,1.0,0.8068181818181818,0.999559337703951,0.00017801295711450393,xsy,XSY,Basis Trading,active_on_avax,censored,,avax_core,0.927671,1,core_eligible
0.0,266.0,90.0,91.0,10.76111049674444,11.151926901932331,4.61512051684126,8.161089512845797,0.015559358954411079,0.9985652180151227,0.05555555555555555,0.05555555555555555,0.7717174957109749,-0.04261270818467975,-0.04088056437292009,0.2267095859424043,-0.04280395241588021,0.21731005904534026,5.0,2.0,1.0,0.3626373626373626,0.5824175824175825,0.5128257557541238,2.9908373890865345,yel-finance,Yel Finance,Yield,low_tvl_on_avax,censored,,avax_core,0.946301,1,core_eligible
0.0,1149.0,90.0,91.0,20.13252428927504,20.422030519467405,18.3617088443878,18.979474165265604,0.1274141558666454,0.8725870234569829,0.2,0.2,0.9421672053225741,-0.028140199656504387,-0.026839688705346202,0.06824240695379043,-0.019675727165413784,0.06422806835753468,4.0,0.0,1.0,1.0,0.6703296703296703,0.9006434127373205,1.4425563542018018,yeti-finance,Yeti Finance,CDP,low_tvl_on_avax,structural_decay,1.0,avax_core,1.0,1,core_eligible
0.0,1788.0,90.0,91.0,14.430282598020705,14.430282598020705,12.06917559542935,12.702383436937914,0.0948047652351,0.9056847321647774,0.0,0.0,0.8923645898391672,-0.019451087623750706,-0.019451087623750706,0.12642163980635568,-0.02623452225101506,0.08754642779773525,12.0,5.0,1.0,1.0,0.6703296703296703,0.8406765953784188,1.7278991610827905,yetiswap,YetiSwap,Dexs,low_tvl_on_avax,resilient_or_unproven,0.0,avax_core,1.0,1,core_eligible
0.0,1660.0,90.0,89.0,18.29026671586543,20.341648946979166,20.2696316369385,19.252970897104323,0.9305148900926214,0.0694852116788043,0.9886363636363636,0.9888888888888889,0.9496792408083141,0.01562670691247075,0.0,0.09849702401227085,0.022492783194012125,0.04547196417757738,2.0,6.0,1.0,1.0,0.6067415730337079,1.0,1.0886780498748436,yield-yak-aggregator,Yield Yak Aggregator,Yield Aggregator,active_on_avax,resilient_or_unproven,0.0,avax_core,1.0,1,core_eligible
0.0,1226.0,90.0,91.0,14.301757177686198,14.41116563004387,13.98653436821478,13.861387912591358,0.6542013135612361,0.3459892912538625,0.08888888888888889,0.08888888888888889,0.9625253552732608,-0.004934514522030892,-0.0030995640470474206,0.053399417125477966,-0.003502475660793536,0.03245683501087063,1.0,1.0,1.0,1.0,0.7032967032967034,0.9737615564902493,0.5497777174525122,yield-yak-staked-avax,Yield Yak Staked Avax,Liquid Staking,active_on_avax,resilient_or_unproven,0.0,avax_core,1.0,1,core_eligible
3.0,201.0,90.0,91.0,13.851465366930421,16.029280502696423,11.986242349319285,15.41322279254892,0.017651341154430275,0.9824560176416857,0.4777777777777778,0.4777777777777778,0.894594711141433,-0.04437632709311061,-0.10438090793299562,1.0153222033637563,-0.020724700195679277,0.9063007693131344,5.0,7.0,1.0,0.978021978021978,0.6813186813186813,0.7560834798733765,0.6160577101475031,yieldfi,YieldFi,Yield Aggregator,active_on_avax,censored,,avax_core,0.905753,1,core_eligible
0.0,1511.0,90.0,91.0,13.938939845718535,15.3278338635944,14.039835810794141,14.49487722186545,0.2759818247482129,0.7241777469613262,0.5111111111111111,0.5111111111111111,0.942573559068963,0.005803089751696256,-0.02533195416132547,0.17815471027941207,0.00112106627861785,0.1028903579835943,11.0,12.0,1.0,1.0,0.5494505494505495,0.925326821437935,0.8329566417289502,yieldwolf,YieldWolf,Yield,active_on_avax,structural_decay,1.0,avax_core,1.0,1,core_eligible
0.0,1655.0,90.0,91.0,10.245906358926657,16.544425436566723,11.35192303206883,12.145611135410302,0.005622938885206405,0.9944419840957226,0.1,0.1,0.7663325868165316,-0.04431050577691915,-0.03915858078947156,0.7544915105082006,0.01228907414602415,0.3985305211112088,17.0,14.0,1.0,1.0,0.8021978021978022,0.6889568536749358,4.3988143011564205,zabu-finance,Zabu Finance,Yield Aggregator,low_tvl_on_avax,structural_decay,1.0,avax_core,1.0,1,core_eligible
0.0,277.0,90.0,91.0,11.192940562206463,11.192940562206463,10.059721774566764,10.136779434902152,0.3311960877538545,0.6780141843971631,0.0,0.0,0.9179674043609175,-0.009514230038672218,-0.009514230038672218,0.07749997897565776,-0.012591319862663318,0.0770219452575743,2.0,0.0,1.0,1.0,0.8461538461538461,0.8988006888946363,1.0561611273043106,zerobase-cedefi,ZEROBASE CeDeFi,Basis Trading,active_on_avax,censored,,avax_core,0.928493,1,core_eligible
0.0,1505.0,90.0,91.0,12.876002374913934,13.104950652016184,0.0,0.0,0.002031001202352712,1.0,0.14444444444444443,0.14444444444444443,0.45431282810644935,-0.2064243488741348,-0.2237315507951041,0.46955536901503375,-0.06630275106220793,0.46724479753341674,3.0,1.0,0.4945054945054945,0.4835164835164835,0.5054945054945055,7.630798281832748e-08,13.104950652016184,zeroshift,ZeroShift,Reserve Currency,low_tvl_on_avax,structural_decay,1.0,avax_core,1.0,1,core_eligible
0.0,723.0,90.0,91.0,8.613775289262481,8.736007384569218,8.204945165019208,0.0,0.6449736914981999,0.41208614593378334,0.011111111111111112,0.011111111111111112,0.4386483383079505,0.1084354030713181,0.11567235685767355,0.24286972710423327,-0.004542556936036372,0.19000503618312167,1.0,1.0,0.46153846153846156,0.0,0.5384615384615384,0.9441628694297708,8.736007384569218,zkex,ZKEX,Dexs,low_tvl_on_avax,structural_decay,1.0,avax_core,1.0,1,core_eligible
0.0,1423.0,90.0,91.0,14.16327946058966,14.536665824463398,13.87131038267314,13.845443076772849,0.5143266594000312,0.4859094703586676,0.2222222222222222,0.2222222222222222,0.959133500563953,-0.007244106351630051,-0.003078169207989328,0.07695516800174036,-0.0032441008657391043,0.053056678482334314,2.0,0.0,1.0,1.0,0.7032967032967034,0.9627950605161639,0.6912227476905493,zookeeper,Zookeeper,Yield,low_tvl_on_avax,resilient_or_unproven,0.0,avax_core,1.0,1,core_eligible
