slug,name,category,avax_peak_tvl,avax_current_tvl,avax_start_tvl,avax_drawdown_from_peak,avax_tvl_30d_change,avax_tvl_90d_change,avax_lifespan_days,avax_consecutive_decline_days,avax_volatility_full,avax_history_days,history_source_mode,has_avax_history,has_total_history,total_history_days,current_avax_core_tvl,current_total_core_tvl,current_non_avax_core_tvl,current_avax_share,active_chain_count_core,data_quality_score_v2,current_status,current_tvl_band_avax,low_tvl_now_avax,migrated_candidate,core_eligible,core_universe_status,boundary_reason
0.exchange,0.exchange,Dexs,62732959.0,22838.0,124.0,0.999635948943521,0.0862782401902497,-0.33150885409044345,1860.0,798.0,4.491762000109836,1575,avax_core,1,1,1575,22838.64698,36646.07817,13807.43119,0.6232221323671319,2.0,1.0,active_on_avax,ge_10k,0.0,0,1,core_eligible,
0x-nodes,0x NODES,Yield Aggregator,249472.0,0.0,0.0,1.0,0.0,0.0,1195.0,76.0,2.524414566709426,753,avax_core,1,1,753,0.0,0.0,0.0,0.0,0.0,1.0,low_tvl_on_avax,lt_10k,1.0,0,1,core_eligible,
2pi-network,2Pi Network,Yield,0.0,0.0,0.0,0.0,0.0,0.0,1051.0,0.0,0.0,1045,avax_core,1,1,1045,0.0,2390.64543,2390.64543,0.0,0.0,1.0,low_tvl_on_avax,lt_10k,1.0,0,1,core_eligible,
40-acres,40 Acres,Lending,6371164.0,4085729.0,1034889.0,0.35871545607678595,0.6849823345599683,-0.046689629136359455,236.0,114.0,0.2803799298229671,237,avax_core,1,1,402,4085729.22062,22868040.79928,18782311.57866,0.1786654683924055,3.0,0.929863,active_on_avax,ge_10k,0.0,0,1,core_eligible,
88mph,88mph,Lending,7117.0,50.0,5990.0,0.9929745679359281,0.0625,-0.32,1604.0,642.0,3.564622700120993,1575,avax_core,1,1,1908,50.66036,392993.28273999994,392942.62237999996,0.00012890897179409637,1.0,1.0,low_tvl_on_avax,lt_10k,1.0,0,1,core_eligible,
aave-v2,Aave V2,Lending,3666600913.0,12200655.0,0.0,0.9966724889647133,0.05373100039469605,-0.21819337921009865,1629.0,853.0,2.3407934220767865,1630,avax_core,1,1,1922,12200655.01153,134104835.11062999,121904180.0991,0.09097848710275847,3.0,1.0,active_on_avax,ge_10k,0.0,0,1,core_eligible,
aave-v3,Aave V3,Lending,1406243239.0,414557627.0,1.0,0.7052020479082993,0.020744912362899468,-0.3364061721628707,1455.0,705.0,0.6301337463912138,1456,avax_core,1,1,1456,414557627.26325,26005179017.835552,25590621390.572304,0.015941348720534754,18.0,1.0,active_on_avax,ge_10k,0.0,0,1,core_eligible,
abacus,Abacus,Governance Incentives,31223498.0,0.0,1019107.0,1.0,0.0,0.0,559.0,107.0,0.9960274903232642,560,avax_core,1,1,560,0.0,18083.85665,18083.85665,0.0,1.0,1.0,low_tvl_on_avax,lt_10k,1.0,0,1,core_eligible,
aboard-exchange,Aboard Exchange,Derivatives,164297.0,7.0,0.0,0.9999573942311789,0.0,-0.2727272727272727,1388.0,387.0,1.3119187189344794,1389,avax_core,1,1,1389,7.23957,121.41401,114.17444,0.05962713858145365,0.0,1.0,low_tvl_on_avax,lt_10k,1.0,0,1,core_eligible,
abracadabra-spell,Abracadabra Spell,CDP,684609904.0,47001.0,1191905.0,0.9999313463043328,0.24317604739737622,-0.48425961485708013,1632.0,836.0,3.765493774750611,1625,avax_core,1,1,1729,47001.45142,10809285.53659,10762284.08517,0.004348247741342164,6.0,1.0,active_on_avax,ge_10k,0.0,0,1,core_eligible,
acryptos,ACryptoS,Liquidity Manager,369488.0,116206.0,144607.0,0.6854945221495692,0.0018190282423531845,-0.00023229003561780546,1343.0,520.0,0.392419483721225,1344,avax_core,1,1,1817,116206.81467,10564370.498769999,10448163.684099998,0.010999880653895079,5.0,1.0,active_on_avax,ge_10k,0.0,0,1,core_eligible,
agarthadao,AgarthaDAO,Reserve Currency,1372264.0,0.0,1302238.0,1.0,0.0,0.0,654.0,15.0,5.543899676836108,617,avax_core,1,1,617,0.0,0.0,0.0,0.0,0.0,1.0,low_tvl_on_avax,lt_10k,1.0,0,1,core_eligible,
ajna-v2,Ajna V2,Lending,192.0,109.0,148.0,0.4322916666666667,0.009174311926605505,-0.15384615384615385,305.0,63.0,0.15388824479683366,306,avax_core,1,1,779,109.25109,566934.95327,566825.70218,0.0001927048056745404,2.0,0.967671,low_tvl_on_avax,lt_10k,1.0,1,1,core_eligible,
alligator,Alligator,Dexs,1234749.0,6834.0,207269.0,0.9944652718892666,0.03828041926173477,-0.18339307048984468,1500.0,763.0,3.4776712063150303,1501,avax_core,1,1,1501,6834.32627,6834.32627,0.0,1.0,0.0,1.0,low_tvl_on_avax,lt_10k,1.0,0,1,core_eligible,
amogus-dao,Amogus DAO,Reserve Currency,54036.0,44.0,54036.0,0.9991857280331631,0.0,0.0,1530.0,158.0,17.40391175171807,1531,avax_core,1,1,1531,44.52094,44.52094,0.0,1.0,0.0,1.0,low_tvl_on_avax,lt_10k,1.0,0,1,core_eligible,
anchor,Anchor,Lending,209981703.0,0.0,49783631.0,1.0,0.0,0.0,568.0,143.0,3.241942353488063,513,avax_core,1,1,848,0.0,0.0,0.0,0.0,0.0,1.0,low_tvl_on_avax,lt_10k,1.0,0,1,core_eligible,
angle,Angle,CDP,102942.0,97.0,14.0,0.9990577218239397,0.010309278350515464,-0.04854368932038835,1108.0,303.0,8.52300866001767,1109,avax_core,1,1,1587,97.36295,4513471.51062,4513374.14767,2.1571632782196424e-05,3.0,1.0,low_tvl_on_avax,lt_10k,1.0,1,1,core_eligible,
ankr,Ankr,Liquid Staking,1863867.0,125023.0,694773.0,0.9329227890187444,0.07282665591185632,-0.3637196425299758,1453.0,340.0,0.6454735145959201,1447,avax_core,1,1,1927,125023.93651,21392872.001259997,21267848.064749997,0.0058441866292023035,4.0,1.0,active_on_avax,ge_10k,0.0,0,1,core_eligible,
ante-finance,Ante Finance,Insurance,36192.0,5185.0,1158.0,0.8567362953138815,0.12470180004337454,-0.3376756066411239,1277.0,384.0,0.512795335107004,1278,avax_core,1,1,1634,5185.32134,407423.22209,402237.90075,0.012727112886203037,2.0,1.0,low_tvl_on_avax,lt_10k,1.0,1,1,core_eligible,
antfarm-finance,Antfarm finance,Liquidity Manager,733662.0,20585.0,42835.0,0.9719421204860004,0.07785747944918582,-0.7657114242141443,780.0,394.0,0.5655010387541806,781,avax_core,1,1,1075,20585.32287,450808.53594000003,430223.21307000006,0.04566311688636655,4.0,1.0,active_on_avax,ge_10k,0.0,0,1,core_eligible,
antimatter,Antimatter,Options,46638.0,5830.0,29623.0,0.8749946395643038,0.08181818181818182,-0.3426896629466802,1487.0,377.0,0.5277312245083783,1488,avax_core,1,1,1489,5830.56877,12187.61149,6357.0427199999995,0.47840126630094937,0.0,1.0,low_tvl_on_avax,lt_10k,1.0,0,1,core_eligible,
aperture-lm,Aperture LM,Liquidity Manager,3637993.0,12726.0,179786.0,0.9965019174033595,0.022495380412950912,-0.05900184842883549,1237.0,599.0,3.136452800244238,1238,avax_core,1,1,1442,12726.46322,12726.46322,0.0,1.0,1.0,1.0,active_on_avax,ge_10k,0.0,0,1,core_eligible,
apex-defi,Apex DeFi,Dexs,363254.0,16767.0,96135.0,0.9538422150891662,-0.11542519518885841,-0.48580190125728306,557.0,229.0,0.5917248120515256,558,avax_core,1,1,558,16767.59776,16881.0273,113.429540000001,0.9932806494543137,1.0,1.0,active_on_avax,ge_10k,0.0,0,1,core_eligible,
apex-pro,ApeX Pro,Derivatives,428840.0,0.0,149365.0,1.0,0.0,0.0,895.0,47.0,1.0496557206901174,896,avax_core,1,1,1264,0.0,1430470.27653,1430470.27653,0.0,1.0,1.0,low_tvl_on_avax,lt_10k,1.0,0,1,core_eligible,
apexswap,ApexSwap,Dexs,117485.0,69.0,115504.0,0.9994126909818275,-0.014084507042253521,-0.21348314606741572,384.0,159.0,3.5150842570431338,347,avax_core,1,1,347,69.73822,69.73822,0.0,1.0,0.0,0.985205,low_tvl_on_avax,lt_10k,1.0,0,1,core_eligible,
aquabank,AquaBank,Yield,1188260.0,928364.0,816237.0,0.21871980879605474,0.2378431064046529,0.1592839241317218,122.0,7.0,0.11511826518644593,123,avax_core,1,1,123,928364.83235,928364.83235,0.0,1.0,1.0,0.801096,active_on_avax,ge_10k,0.0,0,1,core_eligible,
ara-finance,Ara Finance,Reserve Currency,98795.0,1488.0,87479.0,0.9849385090338579,-0.0066711140760507,-0.0106312292358804,1533.0,283.0,4.06093445309117,1534,avax_core,1,1,1534,1488.42811,1488.42811,0.0,1.0,0.0,1.0,low_tvl_on_avax,lt_10k,1.0,0,1,core_eligible,
arable-protocol,Arable Protocol,Synthetics,0.0,0.0,0.0,0.0,0.0,0.0,1481.0,0.0,0.0,1482,avax_core,1,1,1482,0.0,0.0,0.0,0.0,0.0,1.0,low_tvl_on_avax,lt_10k,1.0,0,1,core_eligible,
archly-v2,Archly V2,Dexs,1141.0,96.0,2.0,0.915863277826468,0.021052631578947368,-0.11009174311926606,740.0,304.0,0.9117526181231955,739,avax_core,1,1,808,96.93849,2005.4772400000002,1908.5387500000002,0.04833686868468275,0.0,1.0,low_tvl_on_avax,lt_10k,1.0,0,1,core_eligible,
arena-dex,Arena DEX,Dexs,10484947.0,2018456.0,728.0,0.8074901093920647,0.0773728728971833,-0.45140338813527536,307.0,102.0,0.4911425923921822,308,avax_core,1,1,308,2018456.77533,2018456.77533,0.0,1.0,1.0,0.953151,active_on_avax,ge_10k,0.0,0,1,core_eligible,
arena-launch,Arena Launch,Launchpad,165470.0,32771.0,39680.0,0.8019520154710824,0.16630485070643083,-0.3744607749570529,304.0,102.0,0.4388051702455035,305,avax_core,1,1,305,32771.10499,32771.10499,0.0,1.0,1.0,0.950685,active_on_avax,ge_10k,0.0,0,1,core_eligible,
arena-socialfi,Arena SocialFi,SoFi,2780347.0,194599.0,33706.0,0.9300090959869397,0.03910250591370003,-0.47026285415623165,893.0,457.0,0.4241351953992859,894,avax_core,1,1,894,194599.05022,194599.05022,0.0,1.0,1.0,1.0,active_on_avax,ge_10k,0.0,0,1,core_eligible,
arrow-markets,Arrow Markets,Options,0.0,0.0,0.0,0.0,0.0,0.0,578.0,0.0,0.0,579,avax_core,1,1,579,0.0,0.0,0.0,0.0,0.0,1.0,low_tvl_on_avax,lt_10k,1.0,0,1,core_eligible,
atlantis-loans,Atlantis Loans,Lending,16556.0,2774.0,9669.0,0.832447451075139,-0.003590664272890485,-0.1557651353818071,402.0,111.0,0.48301466962808,362,avax_core,1,1,669,2774.83427,2902.30833,127.47406000000001,0.9560783881290793,0.0,0.998356,low_tvl_on_avax,lt_10k,1.0,0,1,core_eligible,
augmented-finance,Augmented Finance,Lending,3674977.0,164.0,0.0,0.999955373870367,0.11486486486486487,0.11486486486486487,1233.0,469.0,3.207272295545759,902,avax_core,1,1,1016,164.84803,326.6517,161.80367,0.5046599481955857,0.0,1.0,low_tvl_on_avax,lt_10k,1.0,0,1,core_eligible,
aura,Aura,Yield,2212655.0,0.0,45480.0,1.0,0.0,0.0,703.0,260.0,1.008680847876009,704,avax_core,1,1,1326,0.0,104295852.65085,104295852.65085,0.0,6.0,1.0,low_tvl_on_avax,lt_10k,1.0,1,1,core_eligible,
autofarm,Autofarm,Yield Aggregator,7501342.0,59067.0,1298436.0,0.9921258089552509,0.06672927238907049,-0.3025716107398399,1634.0,806.0,1.9292371929624443,1621,avax_core,1,1,1810,59067.21786,5799888.08656,5740820.8686999995,0.010184199587725777,7.0,1.0,active_on_avax,ge_10k,0.0,0,1,core_eligible,
avalaunch,Avalaunch,Dexs,0.0,0.0,0.0,0.0,0.0,0.0,1660.0,0.0,0.0,1661,avax_core,1,1,1661,0.0,0.0,0.0,0.0,0.0,1.0,low_tvl_on_avax,lt_10k,1.0,0,1,core_eligible,
avalps,Avalps,Reserve Currency,468827.0,4131.0,465750.0,0.9911886474115186,-0.006253006253006253,-0.01454805628428333,1530.0,363.0,3.956683320710722,1531,avax_core,1,1,1531,4131.17966,4131.17966,0.0,1.0,0.0,1.0,low_tvl_on_avax,lt_10k,1.0,0,1,core_eligible,
avant-avbtc,Avant avBTC,Onchain Capital Allocator,33660779.0,6348935.0,2853700.0,0.8113847870246853,-0.004612161695634955,-0.5903409302445326,263.0,75.0,0.5075231869129838,264,avax_core,1,1,264,6348935.84094,6348935.84094,0.0,1.0,1.0,0.916986,active_on_avax,ge_10k,0.0,0,1,core_eligible,
avant-avusd,Avant avUSD,Basis Trading,135585614.0,112618657.0,62289178.0,0.16939081014892923,-0.03832069562196129,0.2440950817679692,290.0,61.0,0.197966856965722,291,avax_core,1,1,291,112618657.2759,112618657.2759,0.0,1.0,1.0,0.939178,active_on_avax,ge_10k,0.0,0,1,core_eligible,
avaviking,AvaViking,Yield,21797.0,42.0,17185.0,0.9980731293297243,0.023809523809523808,-0.12244897959183673,1531.0,520.0,7.034871115247046,1532,avax_core,1,1,1532,42.5051,42.5051,0.0,1.0,0.0,1.0,low_tvl_on_avax,lt_10k,1.0,0,1,core_eligible,
avaware,Avaware,Yield,3175086.0,143.0,3175086.0,0.9999549618498522,0.058823529411764705,-0.32075471698113206,1652.0,704.0,3.6963860130267356,1504,avax_core,1,1,1504,143.54977,143.54977,0.0,1.0,0.0,1.0,low_tvl_on_avax,lt_10k,1.0,0,1,core_eligible,
axial,Axial,Dexs,92118975.0,37337.0,26141205.0,0.9995946871966389,-0.1261876901474374,-0.9826011183597391,1573.0,832.0,1.9129274496958937,1574,avax_core,1,1,1574,37337.00969,37337.00969,0.0,1.0,1.0,1.0,active_on_avax,ge_10k,0.0,0,1,core_eligible,
baguette,Baguette,Dexs,5376154.0,21289.0,13.0,0.9960401059939875,0.08522785197267815,-0.3864730123051209,1784.0,926.0,1.9219437407293243,1785,avax_core,1,1,1785,21289.50526,21289.50526,0.0,1.0,1.0,1.0,active_on_avax,ge_10k,0.0,0,1,core_eligible,
baki,Baki,CDP,61197.0,5961.0,25006.0,0.9025932643757046,-0.0008379420144126027,-0.0015072852118573103,859.0,244.0,1.078235204017923,859,avax_core,1,1,859,5961.75733,5961.75733,0.0,1.0,0.0,1.0,low_tvl_on_avax,lt_10k,1.0,0,1,core_eligible,
baklava-space,Baklava Space,Yield,333706.0,6421.0,279768.0,0.9807585119836023,0.0,0.0,928.0,304.0,0.9308409699403565,929,avax_core,1,1,929,6421.93652,6422.5463500000005,0.6098300000003292,0.9999050485637989,0.0,1.0,low_tvl_on_avax,lt_10k,1.0,0,1,core_eligible,
balanced-exchange,Balanced Exchange,Dexs,3465977.0,1693069.0,911294.0,0.5115175317089525,-0.13378325625704443,-0.333279777396323,689.0,104.0,0.29226382917338056,690,avax_core,1,1,1662,1693069.87654,3806305.74262,2113235.86608,0.44480658964999664,7.0,1.0,active_on_avax,ge_10k,0.0,0,1,core_eligible,
balancer-v2,Balancer V2,Dexs,28884163.0,130875.0,1511898.0,0.995468970314286,0.06621696483853097,-0.8892684028797186,949.0,416.0,0.9390938017693237,933,avax_core,1,1,1765,130875.47206,44862485.86844,44731610.39638,0.0029172585853533516,9.0,1.0,active_on_avax,ge_10k,0.0,0,1,core_eligible,
balancer-v3,Balancer V3,Dexs,30796388.0,739307.0,0.0,0.975993710691007,-0.09120098340503995,0.4839135714500768,334.0,127.0,0.8767490053164084,335,avax_core,1,1,453,739307.19042,96558868.42568001,95819561.23526001,0.007656543645072169,9.0,0.983562,active_on_avax,ge_10k,0.0,0,1,core_eligible,
balmy,Balmy,DCA Tools,7677.0,44.0,0.0,0.994268594503061,0.07142857142857142,-0.26229508196721313,610.0,197.0,1.7636134926800417,611,avax_core,1,1,1651,44.08471,190891.74224000002,190847.65753000003,0.0002309408960423976,4.0,1.0,low_tvl_on_avax,lt_10k,1.0,1,1,core_eligible,
banksy-farm,Banksy Farm,Yield,650070.0,9371.0,650070.0,0.9855846293476087,0.0038560411311053984,-0.06709137965359346,1530.0,770.0,2.754999673276345,1531,avax_core,1,1,1531,9371.94871,9371.94871,0.0,1.0,0.0,1.0,low_tvl_on_avax,lt_10k,1.0,0,1,core_eligible,
baymax,BayMax,Derivatives,608853.0,2.0,23.0,0.9999967151348519,0.0,-0.25,1156.0,113.0,3.37841551129222,1157,avax_core,1,1,1157,2.69078,2.69078,0.0,1.0,0.0,1.0,low_tvl_on_avax,lt_10k,1.0,0,1,core_eligible,
beefy,Beefy,Yield Aggregator,295395475.0,1904221.0,1942039.0,0.9935536554850747,-0.9552337178694205,-0.7986776865096155,1747.0,735.0,1.8395423476311965,1746,avax_core,1,1,1746,1904221.41172,144605617.69734,142701396.28562,0.013168377840655825,26.0,1.0,active_on_avax,ge_10k,0.0,0,1,core_eligible,
benqi-lending,Benqi Lending,Lending,1809843626.0,137329231.0,105.0,0.9241209411536199,-0.023923385667006997,-0.41579651247923355,1662.0,805.0,1.0176057160812209,1663,avax_core,1,1,1663,137329231.48634,137329231.48634,0.0,1.0,1.0,1.0,active_on_avax,ge_10k,0.0,0,1,core_eligible,
benqi-staked-avax,Benqi Staked Avax,Liquid Staking,625812927.0,220728496.0,57568015.0,0.6472931662531797,0.16735620287480543,-0.34759455783928705,1480.0,98.0,0.590570566425971,1481,avax_core,1,1,1481,220728496.62846,220728496.62846,0.0,1.0,1.0,1.0,active_on_avax,ge_10k,0.0,0,1,core_eligible,
beta-finance-v1,Beta Finance V1,Lending,10624344.0,7719.0,9918402.0,0.9992734610249818,-0.2353407290015848,-0.4774604034113984,1500.0,768.0,3.3040689966361536,1490,avax_core,1,1,1656,7719.17494,511025.3695,503306.19456,0.015105267567347262,1.0,1.0,low_tvl_on_avax,lt_10k,1.0,0,1,core_eligible,
betswirl,BetSwirl,Prediction Market,,,,,,,,,,0,total_only,0,1,1325,0.0,0.0,0.0,0.0,0.0,0.25,no_avax_core_history,unknown,,0,0,boundary_excluded,no_avax_core_history_total_only
bifi,BiFi,Lending,2064888.0,2116.0,0.0,0.9989752470836191,0.09689119170984456,-0.3113207547169811,1687.0,820.0,1.4509287538077371,1677,avax_core,1,1,1880,2116.22129,8176894.12575,8174777.90446,0.0002588050251666792,4.0,1.0,low_tvl_on_avax,lt_10k,1.0,1,1,core_eligible,
bim,BIM,Yield Aggregator,0.0,0.0,0.0,0.0,0.0,0.0,135.0,0.0,0.0,136,avax_core,1,1,245,0.0,639142.8914900001,639142.8914900001,0.0,4.0,0.841644,low_tvl_on_avax,lt_10k,1.0,1,1,core_eligible,
bitbond-lockers,Bitbond Lockers,Token Locker,0.0,0.0,0.0,0.0,0.0,0.0,360.0,0.0,0.0,350,avax_core,1,1,350,0.0,9519160.886009999,9519160.886009999,0.0,3.0,0.987671,low_tvl_on_avax,lt_10k,1.0,1,1,core_eligible,
bitbond-sales,Bitbond Sales,Launchpad,0.0,0.0,0.0,0.0,0.0,0.0,360.0,0.0,0.0,361,avax_core,1,1,361,0.0,55930.0914,55930.0914,0.0,1.0,0.996712,low_tvl_on_avax,lt_10k,1.0,0,1,core_eligible,
blackhole-amm,Blackhole AMM,Dexs,159490327.0,6394590.0,0.0,0.9599060951201135,-0.2866350021675635,-0.6487083727131073,241.0,129.0,0.8908087260858545,242,avax_core,1,1,242,6394590.44492,6394590.44492,0.0,1.0,1.0,0.898904,active_on_avax,ge_10k,0.0,0,1,core_eligible,
blackhole-clmm,Blackhole CLMM,Dexs,158077917.0,33646582.0,0.0,0.787151914457476,0.009034247761148464,-0.40840830534210915,241.0,117.0,0.4750148007584374,242,avax_core,1,1,242,33646582.96701,33646582.96701,0.0,1.0,1.0,0.898904,active_on_avax,ge_10k,0.0,0,1,core_eligible,
blizz-finance,Blizz Finance,Lending,1299896382.0,0.0,651286440.0,1.0,0.0,0.0,703.0,108.0,2.7753895550591343,666,avax_core,1,1,666,0.0,0.0,0.0,0.0,0.0,1.0,low_tvl_on_avax,lt_10k,1.0,0,1,core_eligible,
blizzard,Blizzard,Yield,11610280.0,2535.0,7762431.0,0.9997816590125302,-0.027234369006520907,-0.3773631230051559,741.0,357.0,3.508313623199615,704,avax_core,1,1,704,2535.98902,2535.98902,0.0,1.0,0.0,1.0,low_tvl_on_avax,lt_10k,1.0,0,1,core_eligible,
boofinance,BooFinance,Yield,22419106.0,16674.0,21041085.0,0.9992562593709133,0.03835855283641572,-0.19296292711257382,1522.0,799.0,5.9435289203574255,1523,avax_core,1,1,1523,16674.1814,16674.1814,0.0,1.0,1.0,1.0,active_on_avax,ge_10k,0.0,0,1,core_eligible,
bridgers,Bridgers,Dexs,159793.0,14372.0,21324.0,0.9100586383633826,-0.28023436326305773,-0.49201244080016965,627.0,198.0,0.8815578874598125,626,avax_core,1,1,626,14372.62965,1779653.90781,1765281.27816,0.008076081302620585,8.0,1.0,active_on_avax,ge_10k,0.0,0,1,core_eligible,
brokkr-finance,Brokkr Finance,Indexes,190763.0,6539.0,130529.0,0.965721864302826,0.0013780431786862655,-0.005776831863788386,1066.0,525.0,0.7430749199367599,1063,avax_core,1,1,1063,6539.32634,7084.86885,545.5425100000002,0.9229989260845668,0.0,1.0,low_tvl_on_avax,lt_10k,1.0,0,1,core_eligible,
butterfly-finance,Butterfly Finance,Farm,291.0,17.0,0.0,0.9415807560137457,0.0,-0.28,811.0,351.0,0.5959109574672249,812,avax_core,1,1,812,17.75212,17.75212,0.0,1.0,0.0,1.0,low_tvl_on_avax,lt_10k,1.0,0,1,core_eligible,
button-wrappers,Button Wrappers,CDP,1340212.0,121.0,9612.0,0.99990971577631,0.08928571428571429,-0.3259668508287293,825.0,374.0,2.652606393597128,826,avax_core,1,1,826,121.86779,35637.696729999996,35515.82894,0.0034196314908704825,2.0,1.0,low_tvl_on_avax,lt_10k,1.0,0,1,core_eligible,
bxh,BXH,Dexs,253697.0,3264.0,141526.0,0.9871342585840589,-0.0006121824303642485,-0.003357753357753358,1381.0,640.0,2.6810753216385383,1382,avax_core,1,1,1414,3264.35217,41360.63090999999,38096.278739999994,0.07892413868403442,1.0,1.0,low_tvl_on_avax,lt_10k,1.0,0,1,core_eligible,
cables-finance,Cables Finance,Dexs,539068.0,0.0,2106.0,1.0,-0.9999966099856263,-0.9999967817098132,495.0,65.0,0.5727178083278657,496,avax_core,1,1,496,0.0,0.0,0.0,0.0,0.0,1.0,low_tvl_on_avax,lt_10k,1.0,0,1,core_eligible,
cakedao,CakeDAO,Reserve Currency,486281.0,0.0,402548.0,1.0,0.0,0.0,661.0,23.0,4.845750531529235,624,avax_core,1,1,624,0.0,0.0,0.0,0.0,0.0,1.0,low_tvl_on_avax,lt_10k,1.0,0,1,core_eligible,
canary,Canary,Dexs,2371153.0,25785.0,335.0,0.9891255435646709,-0.011803479727140338,-0.1499587934728861,1742.0,897.0,1.600723167044641,1742,avax_core,1,1,1742,25785.55847,26014.79137,229.23289999999906,0.9911883629301618,1.0,1.0,active_on_avax,ge_10k,0.0,0,1,core_eligible,
cavalre,CavalRe,Dexs,2038485.0,12361.0,14497.0,0.9939361829986485,0.028538147932440302,-0.17150325045238254,909.0,378.0,1.7001443631915079,910,avax_core,1,1,910,12361.95284,12361.95284,0.0,1.0,1.0,1.0,active_on_avax,ge_10k,0.0,0,1,core_eligible,
cesta-finance,Cesta Finance,Reserve Currency,96263.0,0.0,0.0,1.0,0.0,0.0,1501.0,295.0,1.3785800200231113,1501,avax_core,1,1,1501,0.0,0.0,0.0,0.0,0.0,1.0,low_tvl_on_avax,lt_10k,1.0,0,1,core_eligible,
chaingpt,ChainGPT,Launchpad,20019.0,0.0,0.0,1.0,0.0,0.0,710.0,3.0,8.782098621536608,625,avax_core,1,1,805,0.0,38313.81886,38313.81886,0.0,1.0,1.0,low_tvl_on_avax,lt_10k,1.0,0,1,core_eligible,
champion-finance,Champion Finance,Algo-Stables,0.0,0.0,0.0,0.0,0.0,0.0,1289.0,0.0,0.0,1286,avax_core,1,1,1286,0.0,0.0,0.0,0.0,0.0,1.0,low_tvl_on_avax,lt_10k,1.0,0,1,core_eligible,
chikn-farm,Chikn Farm,Services,0.0,0.0,0.0,0.0,0.0,0.0,1523.0,0.0,0.0,1524,avax_core,1,1,1524,0.0,0.0,0.0,0.0,0.0,1.0,low_tvl_on_avax,lt_10k,1.0,0,1,core_eligible,
cian-automation,CIAN Automation,Yield,9958364.0,938760.0,9059093.0,0.9057315036887585,0.1624544310819646,-0.3677534108924961,725.0,378.0,0.49820073024893347,726,avax_core,1,1,726,938760.61484,1037009.9744000001,98249.35956000001,0.9052570737163393,3.0,1.0,active_on_avax,ge_10k,0.0,0,1,core_eligible,
clearpool-lending,Clearpool Lending,Uncollateralized Lending,624342.0,46.0,45.0,0.9999263224322567,0.0,0.0,660.0,11.0,9.861011119097437,658,avax_core,1,1,1415,46.05894,628250.19973,628204.14079,7.331305269746755e-05,5.0,1.0,low_tvl_on_avax,lt_10k,1.0,1,1,core_eligible,
cleopatra-dao,Cleopatra DAO,Yield Aggregator,213316.0,0.0,20426.0,1.0,0.0,0.0,633.0,29.0,3.5030274026503894,596,avax_core,1,1,596,0.0,0.0,0.0,0.0,0.0,1.0,low_tvl_on_avax,lt_10k,1.0,0,1,core_eligible,
clovis,Clovis,Yield Aggregator,7459.0,1233.0,5010.0,0.834696339991956,0.0,-0.8341174889097998,167.0,14.0,0.4657721173215407,168,avax_core,1,1,168,1233.50354,280106.02446,278872.52092,0.004403702285154342,3.0,0.838082,low_tvl_on_avax,lt_10k,1.0,1,1,core_eligible,
coinscope,Coinscope,Token Locker,0.0,0.0,0.0,0.0,0.0,0.0,971.0,0.0,0.0,965,avax_core,1,1,965,0.0,14965.52691,14965.52691,0.0,1.0,1.0,low_tvl_on_avax,lt_10k,1.0,0,1,core_eligible,
colony,Colony,Yield,1631456.0,113036.0,0.0,0.9307146499813663,-0.06313093639663832,-0.6807360438349974,1549.0,224.0,1.359320041704691,1550,avax_core,1,1,1550,113036.02187,284381.41168,171345.38981000002,0.39748034585746306,2.0,1.0,active_on_avax,ge_10k,0.0,0,1,core_eligible,
complus-network,Complus Network,Dexs,5217645.0,61370.0,36390.0,0.9882379885944712,0.054847026469577176,-0.17502117191595756,1844.0,960.0,2.000673152229666,1844,avax_core,1,1,1844,61370.99588,64146.21248,2775.2165999999997,0.956736080078535,1.0,1.0,active_on_avax,ge_10k,0.0,0,1,core_eligible,
contango-v2,Contango V2,Derivatives,1114449.0,454797.0,117956.0,0.5919086472328478,-0.16734620644705356,-0.41870158221740505,451.0,43.0,0.40749218449483876,431,avax_core,1,1,708,454797.56121,15848577.3736,15393779.81239,0.028696428107647422,9.0,1.0,active_on_avax,ge_10k,0.0,0,1,core_eligible,
cook-finance,Cook Finance,Indexes,3746012.0,9953.0,505626.0,0.99734304107942,0.03300124533001245,-0.7384655806621124,1560.0,793.0,2.688594038157471,1559,avax_core,1,1,1597,9953.3351,132488.97919,122535.64409000002,0.0751257588431269,2.0,1.0,low_tvl_on_avax,lt_10k,1.0,1,1,core_eligible,
core-bridge,CORE Bridge,Canonical Bridge,3541586.0,871506.0,3060364.0,0.7539221128613,-0.0033598453876458783,0.07767481315507016,474.0,208.0,0.7677171016141664,475,avax_core,1,1,475,871506.58907,2580583.28048,1709076.6914100002,0.3377169013153863,6.0,1.0,active_on_avax,ge_10k,0.0,0,1,core_eligible,
cougarswap,CougarSwap,Yield,508233.0,5034.0,461313.0,0.9900950941792446,0.030495292672943104,-0.19926844783715011,1570.0,790.0,3.0301041923253944,1535,avax_core,1,1,1535,5034.2632,43950.47661,38916.21341,0.11454399561288399,2.0,1.0,low_tvl_on_avax,lt_10k,1.0,0,1,core_eligible,
coup-farm,Coup Farm,Yield,28310.0,15.0,24851.0,0.9994701518897916,0.0,0.0,1531.0,64.0,12.243500368851679,1532,avax_core,1,1,1532,15.19103,15.19103,0.0,1.0,0.0,1.0,low_tvl_on_avax,lt_10k,1.0,0,1,core_eligible,
crabada,Crabada,Gaming,0.0,0.0,0.0,0.0,0.0,0.0,1516.0,0.0,0.0,1517,avax_core,1,1,1517,0.0,0.0,0.0,0.0,0.0,1.0,low_tvl_on_avax,lt_10k,1.0,0,1,core_eligible,
createmytoken,CreateMyToken,Launchpad,35.0,9.0,35.0,0.7428571428571429,0.1111111111111111,-0.2857142857142857,401.0,117.0,0.3099192001783227,402,avax_core,1,1,402,9.1064,27649.289080000002,27640.18268,0.0003293538569346825,1.0,1.0,low_tvl_on_avax,lt_10k,1.0,0,1,core_eligible,
crocodile-finance,Crocodile Finance,Algo-Stables,19684747.0,4.0,18360632.0,0.9999997967969819,0.0,0.0,255.0,16.0,8.127183831814232,256,avax_core,1,1,256,4.86613,4.86613,0.0,1.0,0.0,0.910411,low_tvl_on_avax,lt_10k,1.0,0,1,core_eligible,
crypto-lottery,Crypto Lottery,Luck Games,6.0,2.0,1.0,0.6666666666666666,0.5,0.5,932.0,10.0,0.6596850639938043,664,avax_core,1,1,668,2.22,10.56977,8.34977,0.21003295246727224,0.0,1.0,low_tvl_on_avax,lt_10k,1.0,0,1,core_eligible,
cryptoblades,CryptoBlades,Gaming,0.0,0.0,0.0,0.0,0.0,0.0,1307.0,0.0,0.0,1307,avax_core,1,1,1307,0.0,0.0,0.0,0.0,0.0,1.0,low_tvl_on_avax,lt_10k,1.0,0,1,core_eligible,
cryptoyieldfocus,CryptoYieldFocus,Farm,824215.0,3377.0,28018.0,0.9959027680884235,-0.0017730496453900709,-0.13561924257932445,765.0,386.0,4.723072503402208,728,avax_core,1,1,728,3377.75393,3377.75393,0.0,1.0,0.0,1.0,low_tvl_on_avax,lt_10k,1.0,0,1,core_eligible,
curve-dex,Curve DEX,Dexs,1448711155.0,2194030.0,174530726.0,0.9984855297120978,-0.1015610667767382,-0.23542030902661737,1615.0,799.0,2.2253210251213993,1609,avax_core,1,1,2213,2194030.77099,1811343134.0497103,1809149103.2787204,0.001211272855897102,26.0,1.0,active_on_avax,ge_10k,0.0,0,1,core_eligible,
cycle-finance,Cycle Finance,Yield Aggregator,22689788.0,22571.0,15155011.0,0.999005235306738,0.05669210242966153,-0.3289332857652515,1652.0,847.0,3.3111943569658338,1653,avax_core,1,1,1653,22571.60364,22571.60364,0.0,1.0,1.0,1.0,active_on_avax,ge_10k,0.0,0,1,core_eligible,
cytonic-airdrop-campaign,Cytonic Airdrop Campaign,Farm,117604.0,3186.0,88775.0,0.9729090847250094,0.01756066411238825,-0.5523876404494382,470.0,240.0,0.8728888448226594,470,avax_core,1,1,470,3186.6193,410387.92928000004,407201.30998,0.007764895292097709,6.0,1.0,low_tvl_on_avax,lt_10k,1.0,1,1,core_eligible,
deepseadao,DeepSeaDAO,Reserve Currency,265703.0,0.0,139577.0,1.0,0.0,0.0,650.0,51.0,4.223215936006405,613,avax_core,1,1,613,0.44685,0.44685,0.0,1.0,0.0,1.0,low_tvl_on_avax,lt_10k,1.0,0,1,core_eligible,
defi-yield-protocol,Defi Yield Protocol,Yield,,,,,,,,,,0,total_only,0,1,1775,0.0,547.6956,547.6956,0.0,0.0,0.25,no_avax_core_history,unknown,,0,0,boundary_excluded,no_avax_core_history_total_only
deficurrent,DefiCurrent,Yield Aggregator,56754.0,137.0,51210.0,0.9975860732283187,0.014705882352941176,0.022222222222222223,460.0,68.0,1.3733413113448354,460,avax_core,1,1,460,137.00868,423.7115,286.70282,0.32335369703206074,0.0,1.0,low_tvl_on_avax,lt_10k,1.0,0,1,core_eligible,
defiedge,DefiEdge,Liquidity Manager,782.0,778.0,0.0,0.005115089514066497,-0.001282051282051282,0.0,381.0,59.0,0.09435021911936776,376,avax_core,1,1,722,778.68256,878329.83335,877551.15079,0.0008865491418298527,4.0,1.0,low_tvl_on_avax,lt_10k,1.0,1,1,core_eligible,
definitive-yield-vaults,Definitive Yield Vaults,Yield,1035965.0,6139.0,244962.0,0.9940741241258151,0.04813929668828952,-0.35074547953896584,758.0,252.0,1.123861257059984,756,avax_core,1,1,756,6139.72513,43324.911230000005,37185.186100000006,0.14171350744161695,1.0,1.0,low_tvl_on_avax,lt_10k,1.0,0,1,core_eligible,
defrost,Defrost,CDP,95973801.0,81395.0,350.0,0.9991519039659583,0.0033899976578198,-0.008900848685572345,1567.0,764.0,2.2093761411442743,1567,avax_core,1,1,1567,81395.44294,81395.44294,0.0,1.0,1.0,1.0,active_on_avax,ge_10k,0.0,0,1,core_eligible,
deltaprime,DeltaPrime,Leveraged Farming,50181029.0,2603900.0,6207.0,0.9481098723583369,-0.17974065084572774,-0.48880701986523545,1153.0,280.0,0.7009037551446353,1080,avax_core,1,1,1080,2603900.55404,4253515.1506199995,1649614.5965799997,0.6121761559167013,2.0,1.0,active_on_avax,ge_10k,0.0,0,1,core_eligible,
dexalot-dex,Dexalot DEX,Dexs,1076689.0,443342.0,0.0,0.588235785821161,-0.050740727259491136,-0.23515793069301807,1107.0,227.0,0.6259833944109611,762,avax_core,1,1,762,443342.88294,2783095.21066,2339752.32772,0.1592984965954014,5.0,1.0,active_on_avax,ge_10k,0.0,0,1,core_eligible,
dexfinance-etf,DexFinance ETF,Yield,713.0,12.0,515.0,0.9831697054698457,0.08333333333333333,-0.8725490196078431,617.0,251.0,0.6546610627672867,618,avax_core,1,1,618,12.35042,4985.98702,4973.6366,0.0024770261034494233,0.0,1.0,low_tvl_on_avax,lt_10k,1.0,0,1,core_eligible,
dexpad,DexPad,Launchpad,0.0,0.0,0.0,0.0,0.0,0.0,1347.0,0.0,0.0,1346,avax_core,1,1,1346,0.03492,33634.58079,33634.54587,1.0382171913491536e-06,1.0,1.0,low_tvl_on_avax,lt_10k,1.0,0,1,core_eligible,
dexvaults,dexVAULTS,Yield,12741.0,4.0,11808.0,0.9996860529000864,0.0,-0.16666666666666666,598.0,56.0,3.961714902316112,566,avax_core,1,1,566,4.73207,15175.611589999999,15170.879519999999,0.00031182071127322525,0.0,1.0,low_tvl_on_avax,lt_10k,1.0,0,1,core_eligible,
dforce-lending,dForce Lending,Lending,4020002.0,0.0,2009999.0,1.0,0.0,0.0,1360.0,2.0,9.206693733513736,1361,avax_core,1,1,1955,0.0,1036885.06964,1036885.06964,0.0,2.0,1.0,low_tvl_on_avax,lt_10k,1.0,1,1,core_eligible,
diamondswap,Diamondswap,Dexs,92.0,43.0,85.0,0.532608695652174,0.047619047619047616,-0.16981132075471697,441.0,152.0,0.18122255308678412,442,avax_core,1,1,442,43.27642,341107.61730000004,341064.34088000003,0.00012687028317499843,2.0,1.0,low_tvl_on_avax,lt_10k,1.0,1,1,core_eligible,
dodo-amm,DODO AMM,Dexs,4250240.0,1847660.0,976721.0,0.5652810194247854,-0.30698375726478416,-0.4993764087702152,891.0,83.0,0.5520229296894593,879,avax_core,1,1,1839,1847660.63037,12771560.99144,10923900.36107,0.14466991400725207,10.0,1.0,active_on_avax,ge_10k,0.0,0,1,core_eligible,
domani-protocol,Domani Protocol,Indexes,2071.0,782.0,2071.0,0.6224046354418156,0.03708609271523179,-0.2640977443609023,1054.0,523.0,0.19451771173411211,1053,avax_core,1,1,1810,782.40496,96167.64411,95385.23915,0.008135844100590185,1.0,1.0,low_tvl_on_avax,lt_10k,1.0,0,1,core_eligible,
donaswap-v2,DONASWAP V2,Dexs,0.0,0.0,0.0,0.0,0.0,0.0,559.0,0.0,0.0,519,avax_core,1,1,519,0.0,1.01802,1.01802,0.0,0.0,1.0,low_tvl_on_avax,lt_10k,1.0,0,1,core_eligible,
dripit,dripit,Prediction Market,8423.0,3676.0,1515.0,0.5635759230677906,-0.2257317329964203,-0.3494338287331918,300.0,86.0,0.23286291518348703,301,avax_core,1,1,301,3676.26172,3676.26172,0.0,1.0,0.0,0.947397,low_tvl_on_avax,lt_10k,1.0,0,1,core_eligible,
dumpex,DumpEX,Farm,0.0,0.0,0.0,0.0,0.0,0.0,708.0,0.0,0.0,709,avax_core,1,1,709,0.08995,4.843829999999999,4.753879999999999,0.01857001587586683,0.0,1.0,low_tvl_on_avax,lt_10k,1.0,0,1,core_eligible,
dxsale,DxSale,Launchpad,42806237.0,29392.0,856379.0,0.9993133710865545,0.057188073229507606,-0.24318965961172048,1332.0,323.0,5.9156558811970905,1230,avax_core,1,1,1230,29392.91632,27257151.730110005,27227758.813790005,0.0010783561177278363,8.0,1.0,active_on_avax,ge_10k,0.0,0,1,core_eligible,
dypius,Dypius,Yield,0.0,0.0,0.0,0.0,0.0,0.0,1061.0,0.0,0.0,1062,avax_core,1,1,1062,0.0,0.0,0.0,0.0,0.0,1.0,low_tvl_on_avax,lt_10k,1.0,0,1,core_eligible,
dyson,Dyson,Liquidity Manager,2125.0,0.0,736.0,1.0,0.0,0.0,999.0,101.0,1.7603874685277983,999,avax_core,1,1,1138,0.00121,260415.15786999997,260415.15665999998,4.646426920371646e-09,3.0,1.0,low_tvl_on_avax,lt_10k,1.0,1,1,core_eligible,
echidna-finance,Echidna Finance,Yield,143737320.0,0.0,2016450.0,1.0,0.0,-0.9999167776298269,1199.0,579.0,2.000242060671926,1139,avax_core,1,1,1139,0.0,0.0,0.0,0.0,0.0,1.0,low_tvl_on_avax,lt_10k,1.0,0,1,core_eligible,
elasticswap,ElasticSwap,Dexs,2461355.0,1973.0,1795650.0,0.9991984090064212,0.0,0.0,1325.0,568.0,2.8370786650829105,1326,avax_core,1,1,1326,1973.83719,4105.51419,2131.6769999999997,0.48077709603532026,0.0,1.0,low_tvl_on_avax,lt_10k,1.0,0,1,core_eligible,
elk,Elk,Dexs,4296380.0,44098.0,33647.0,0.989736010315661,0.05874867953519639,-0.35554159116151285,1694.0,793.0,1.4497376749103548,1635,avax_core,1,1,1635,44098.26108,224439.31577999998,180341.05469999998,0.1964818905580073,6.0,1.0,active_on_avax,ge_10k,0.0,0,1,core_eligible,
embr-finance,Embr Finance,Dexs,2233813.0,8754.0,2233813.0,0.9960811401849663,0.005859375,-0.028948535936113576,1538.0,807.0,2.994701076096176,1527,avax_core,1,1,1527,8754.54513,8754.54513,0.0,1.0,0.0,1.0,low_tvl_on_avax,lt_10k,1.0,0,1,core_eligible,
emdx,EMDX,Derivatives,212083.0,0.0,0.0,1.0,0.0,0.0,1203.0,146.0,2.064849781370524,1204,avax_core,1,1,1204,0.0,0.0,0.0,0.0,0.0,1.0,low_tvl_on_avax,lt_10k,1.0,0,1,core_eligible,
emiswap,EmiSwap,Dexs,5.0,2.0,5.0,0.6,0.5,0.0,1361.0,92.0,0.38021575853851547,1342,avax_core,1,1,1532,2.00065,33547.838059999995,33545.83740999999,5.963573558516218e-05,2.0,1.0,low_tvl_on_avax,lt_10k,1.0,0,1,core_eligible,
empiredex,EmpireDEX,Dexs,266262.0,24844.0,151417.0,0.9066934072454951,0.10441856330014225,-0.3354108709608389,1578.0,804.0,0.5960397254485432,1559,avax_core,1,1,1559,24844.37692,2511902.47449,2487058.0975699998,0.009890661429856762,6.0,1.0,active_on_avax,ge_10k,0.0,0,1,core_eligible,
envelop,Envelop,NftFi,0.0,0.0,0.0,0.0,0.0,0.0,710.0,0.0,0.0,711,avax_core,1,1,721,0.0,3790.7761499999997,3790.7761499999997,0.0,0.0,1.0,low_tvl_on_avax,lt_10k,1.0,0,1,core_eligible,
etha-lend,ETHA Lend,Yield,217.0,12.0,18.0,0.9447004608294931,-0.07142857142857142,-0.23529411764705882,1214.0,175.0,1.5486788700548788,1207,avax_core,1,1,1440,12.69183,12101.86319,12089.17136,0.0010487500809369173,1.0,1.0,low_tvl_on_avax,lt_10k,1.0,0,1,core_eligible,
euler-v2,Euler V2,Lending,208473147.0,16776776.0,0.0,0.9195254820996203,-0.264722777693995,-0.6174008201008518,383.0,113.0,0.7668370416557316,384,avax_core,1,1,554,16776776.5019,485384537.73118,468607761.22928,0.03456388738775907,15.0,1.0,active_on_avax,ge_10k,0.0,0,1,core_eligible,
eulerdebt,EulerDebt,Secondary Debt Markets,36460.0,2990.0,13045.0,0.9179923203510697,-0.18323320589841616,-0.9179671429746853,100.0,53.0,0.8335670083190283,101,avax_core,1,1,101,2990.96478,36241.770800000006,33250.80602,0.08252810814641538,1.0,0.783014,low_tvl_on_avax,lt_10k,1.0,0,1,core_eligible,
everestdao,EverestDAO,DAO Service Provider,0.0,0.0,0.0,0.0,0.0,0.0,687.0,0.0,0.0,650,avax_core,1,1,650,0.0,0.0,0.0,0.0,0.0,1.0,low_tvl_on_avax,lt_10k,1.0,0,1,core_eligible,
excellion-finance,Excellion Finance,Risk Curators,263530.0,29724.0,261876.0,0.8872082874815012,-0.7895619916037182,-0.8506566585275174,143.0,61.0,0.3629133556714219,144,avax_core,1,1,144,29724.8932,29724.8932,0.0,1.0,1.0,0.818356,active_on_avax,ge_10k,0.0,0,1,core_eligible,
ferdyflip,FerdyFlip,Luck Games,273936.0,2703.0,24176.0,0.9901327317329596,2703.0,2703.0,996.0,306.0,1.1602178245069026,997,avax_core,1,1,997,2703.71023,2703.99847,0.2882399999998597,0.999893402306548,0.0,1.0,low_tvl_on_avax,lt_10k,1.0,0,1,core_eligible,
flair-dex,Flair Dex,Dexs,2773431.0,48764.0,474734.0,0.9824174461163807,0.0005950426789231779,-0.031017764177562294,1080.0,597.0,1.7382495458343896,1081,avax_core,1,1,1081,48764.25991,48764.25991,0.0,1.0,1.0,1.0,active_on_avax,ge_10k,0.0,0,1,core_eligible,
flashliquidity,FlashLiquidity,Dexs,1782.0,0.0,739.0,1.0,0.0,0.0,839.0,122.0,0.6374934916425641,840,avax_core,1,1,1074,0.0,90.27083999999999,90.27083999999999,0.0,0.0,1.0,low_tvl_on_avax,lt_10k,1.0,0,1,core_eligible,
float,Float,Derivatives,973912.0,16525.0,66.0,0.9830323478918013,0.002304706453178069,0.020564441425307233,1550.0,642.0,2.0917897410939066,1551,avax_core,1,1,1620,16525.34508,144420.17794999998,127894.83286999998,0.11442545850983007,2.0,1.0,active_on_avax,ge_10k,0.0,0,1,core_eligible,
flokifi-locker,FlokiFi Locker,Token Locker,1043792.0,101116.0,1.0,0.9031262933611294,0.1047416147711133,-0.33434054178598466,1111.0,355.0,0.8731170652477199,1061,avax_core,1,1,1061,101116.73974,10830983.07033,10729866.33059,0.00933587829317133,6.0,1.0,active_on_avax,ge_10k,0.0,0,1,core_eligible,
folks-finance-xchain,Folks Finance xChain,Lending,24066349.0,12837445.0,312578.0,0.46658111706100497,0.26977077264701954,-0.12739406859299443,521.0,97.0,0.5728959345782654,504,avax_core,1,1,504,12837445.08387,16691627.98204,3854182.89817,0.7690948478891899,7.0,1.0,active_on_avax,ge_10k,0.0,0,1,core_eligible,
fortifi,FortiFi,Yield Aggregator,1653805.0,415711.0,198906.0,0.7486336055339051,0.07523588809799701,-0.2275050079718736,677.0,242.0,0.33150029832558103,678,avax_core,1,1,678,415711.98424,415711.98424,0.0,1.0,1.0,1.0,active_on_avax,ge_10k,0.0,0,1,core_eligible,
fortress,Fortress,Reserve Currency,0.0,0.0,0.0,0.0,0.0,0.0,1561.0,0.0,0.0,1562,avax_core,1,1,1562,0.0,0.0,0.0,0.0,0.0,1.0,low_tvl_on_avax,lt_10k,1.0,0,1,core_eligible,
fractal-protocol,Fractal Protocol,Yield,1069891.0,0.0,1058895.0,1.0,0.0,0.0,1233.0,70.0,2.258673450431482,1234,avax_core,1,1,1351,0.0,25661.869120000003,25661.869120000003,0.0,1.0,1.0,low_tvl_on_avax,lt_10k,1.0,0,1,core_eligible,
frax-swap,Frax Swap,Dexs,2351400.0,212707.0,1530385.0,0.909540273879391,0.07181440722376749,-0.18334971435591868,1261.0,414.0,0.8097551935480131,1262,avax_core,1,1,1263,212707.11762,13792200.622609999,13579493.504989998,0.015422275490345055,7.0,1.0,active_on_avax,ge_10k,0.0,0,1,core_eligible,
freebie-life-finance,Freebie Life Finance,Yield Lottery,0.0,0.0,0.0,0.0,0.0,0.0,1192.0,0.0,0.0,1193,avax_core,1,1,1193,0.0,0.0,0.0,0.0,0.0,1.0,low_tvl_on_avax,lt_10k,1.0,0,1,core_eligible,
frost-finance,Frost Finance,Yield,24668060.0,51801.0,24668060.0,0.9979000780766708,0.0031176778141399275,-0.014271578626883849,1647.0,843.0,9.57991574342447,1569,avax_core,1,1,1643,51801.28851,51801.28851,0.0,1.0,1.0,1.0,active_on_avax,ge_10k,0.0,0,1,core_eligible,
frozen-walrus-finance,Frozen Walrus Finance,Algo-Stables,0.0,0.0,0.0,0.0,0.0,0.0,1338.0,0.0,0.0,1339,avax_core,1,1,1339,0.0,0.0,0.0,0.0,0.0,1.0,low_tvl_on_avax,lt_10k,1.0,0,1,core_eligible,
futureswap,FutureSwap,Derivatives,50848.0,0.0,35436.0,1.0,0.0,-0.9999677845430237,1324.0,343.0,0.2455228957788943,1325,avax_core,1,1,1814,0.0,10.40345,10.40345,0.0,0.0,1.0,low_tvl_on_avax,lt_10k,1.0,0,1,core_eligible,
fwx-derivatives,FWX Derivatives,Derivatives,416126.0,3554.0,196890.0,0.9914593176105314,22.084415584415584,0.022727272727272728,784.0,364.0,0.9122413968028398,785,avax_core,1,1,785,3554.45354,4177.17177,622.71823,0.8509234802187702,0.0,1.0,low_tvl_on_avax,lt_10k,1.0,0,1,core_eligible,
fwx-dex,FWX DEX,Dexs,153955.0,862.0,148648.0,0.9944009613198662,-0.017084282460136675,-0.05991285403050109,577.0,288.0,1.1123738449601812,578,avax_core,1,1,578,862.96093,12711.06165,11848.10072,0.06789054712829592,1.0,1.0,low_tvl_on_avax,lt_10k,1.0,0,1,core_eligible,
gaia-dao,Gaia DAO,Reserve Currency,9570.0,4.0,8949.0,0.9995820271682341,0.0,0.0,1506.0,151.0,2.131981974634121,1507,avax_core,1,1,1507,4.80762,4.80762,0.0,1.0,0.0,1.0,low_tvl_on_avax,lt_10k,1.0,0,1,core_eligible,
gaj-finance,Gaj Finance,Yield,,,,,,,,,,0,total_only,0,1,1531,0.0,17625.54822,17625.54822,0.0,1.0,0.25,no_avax_core_history,unknown,,0,0,boundary_excluded,no_avax_core_history_total_only
galaxygoogle-dao,GalaxyGoogle DAO,Reserve Currency,0.0,0.0,0.0,0.0,0.0,0.0,675.0,0.0,0.0,634,avax_core,1,1,634,0.0,0.0,0.0,0.0,0.0,1.0,low_tvl_on_avax,lt_10k,1.0,0,1,core_eligible,
gamma,Gamma,Liquidity Manager,342906.0,1105.0,1.0,0.9967775425335224,0.12284263959390863,-0.3264311814859927,963.0,316.0,1.0170788713591112,871,avax_core,1,1,1568,1105.23802,4745298.17486,4744192.93684,0.00023291223844592397,15.0,1.0,low_tvl_on_avax,lt_10k,1.0,1,1,core_eligible,
genius,Genius,Yield,4003.0,1.0,3.0,0.9997501873594804,0.0,0.0,1104.0,11.0,6.587007324200367,1105,avax_core,1,1,1105,1.38399,22.85049,21.4665,0.06056719133812886,0.0,1.0,low_tvl_on_avax,lt_10k,1.0,0,1,core_eligible,
geode,Geode,Liquid Staking,4458586.0,471862.0,1538615.0,0.8941677922103555,0.12459185959493406,-0.33773335185972714,1257.0,430.0,0.5480036673170516,1258,avax_core,1,1,1258,471862.54128,471862.54128,0.0,1.0,1.0,1.0,active_on_avax,ge_10k,0.0,0,1,core_eligible,
glacier-exchange-v2,Glacier Exchange V2,Dexs,17185240.0,8498.0,11796560.0,0.9995055058876106,-0.019497000461467465,-0.2675801447776629,1072.0,578.0,3.1115172075928546,1073,avax_core,1,1,1073,8498.89125,8498.89125,0.0,1.0,0.0,1.0,low_tvl_on_avax,lt_10k,1.0,0,1,core_eligible,
glacier-exchange-v3,Glacier Exchange V3,Dexs,137903.0,2293.0,69727.0,0.9833723704342908,0.0017467248908296944,-0.005203816131830009,890.0,350.0,2.6800925287939514,891,avax_core,1,1,891,2293.14073,2293.14073,0.0,1.0,0.0,1.0,low_tvl_on_avax,lt_10k,1.0,0,1,core_eligible,
gmd-protocol,GMD Protocol,Yield Aggregator,3317514.0,229116.0,3317514.0,0.9309374429165935,0.0010573457127252867,-0.00588355252025183,990.0,538.0,1.2405805461095878,991,avax_core,1,1,1232,229116.58088,827256.59687,598140.01599,0.27695950899259464,2.0,1.0,active_on_avax,ge_10k,0.0,0,1,core_eligible,
gmx-v1-perps,GMX V1 Perps,Derivatives,125879544.0,1910667.0,0.0,0.9848214655115052,0.03833033989354042,-0.3228200390784074,1541.0,614.0,0.6167380040971416,1542,avax_core,1,1,1650,1910667.10216,3181053.59406,1270386.4919,0.6006397080916209,2.0,1.0,active_on_avax,ge_10k,0.0,0,1,core_eligible,
gmx-v2-perps,GMX V2 Perps,Derivatives,68011626.0,11052033.0,527655.0,0.8374978860231925,-0.08258403374074877,-0.3204227582167289,942.0,236.0,0.5982743693595364,943,avax_core,1,1,943,11052033.42784,257911989.53009,246859956.10225,0.04285195677787823,3.0,1.0,active_on_avax,ge_10k,0.0,0,1,core_eligible,
goldlink,GoldLink,Leveraged Farming,200448.0,15.0,200315.0,0.9999251676245211,0.0,0.0,551.0,29.0,2.0995687530334983,552,avax_core,1,1,595,15.03124,3031.25947,3016.22823,0.004958744095898858,0.0,1.0,low_tvl_on_avax,lt_10k,1.0,0,1,core_eligible,
goldstation-dex-v3,GOLDSTATION DEX V3,Dexs,254975.0,59953.0,129290.0,0.7648671438376311,-0.012940401712216002,-0.08071391333680886,425.0,170.0,0.38607324645471164,426,avax_core,1,1,426,59953.39763,59953.39763,0.0,1.0,1.0,1.0,active_on_avax,ge_10k,0.0,0,1,core_eligible,
gondola-finance,Gondola Finance,Dexs,25220375.0,65.0,229.0,0.9999974227187344,0.03125,-0.26666666666666666,1777.0,628.0,5.278193727001252,1777,avax_core,1,1,1777,65.95341,65.95341,0.0,1.0,0.0,1.0,low_tvl_on_avax,lt_10k,1.0,0,1,core_eligible,
granary-finance,Granary Finance,Lending,413501.0,2591.0,73287.0,0.9937339933881659,0.038877755511022044,-0.19478098788443615,1368.0,376.0,1.260111538729225,1368,avax_core,1,1,1463,2591.69677,156063.74323,153472.04645999998,0.01660665518050832,2.0,1.0,low_tvl_on_avax,lt_10k,1.0,1,1,core_eligible,
grape-finance,Grape Finance,Algo-Stables,0.0,0.0,0.0,0.0,0.0,0.0,1508.0,0.0,0.0,1509,avax_core,1,1,1509,0.0,0.0,0.0,0.0,0.0,1.0,low_tvl_on_avax,lt_10k,1.0,0,1,core_eligible,
grave-finance,Grave Finance,Algo-Stables,17982599.0,389.0,17982599.0,0.9999783679767312,0.010362694300518135,-0.12751677852348994,1467.0,739.0,35.03187376575785,1468,avax_core,1,1,1468,389.60198,389.60198,0.0,1.0,0.0,1.0,low_tvl_on_avax,lt_10k,1.0,0,1,core_eligible,
grim-finance,Grim Finance,Yield,42412.0,20.0,16.0,0.9995284353484862,0.0,-0.2222222222222222,1092.0,321.0,3.200038512651648,1092,avax_core,1,1,1648,20.97878,23590.67248,23569.6937,0.0008892828306520578,1.0,1.0,low_tvl_on_avax,lt_10k,1.0,0,1,core_eligible,
gro,Gro,Yield,3724668.0,25556.0,3025637.0,0.993138717329974,0.00011739845034045551,0.000273972602739726,1545.0,801.0,2.3842517631912603,1546,avax_core,1,1,1744,25556.72398,1782383.23863,1756826.51465,0.014338512294159453,2.0,1.0,active_on_avax,ge_10k,0.0,0,1,core_eligible,
growth-defi,Growth DeFi,Yield,236472.0,22316.0,0.0,0.905629419127846,-0.0002239942657467969,-0.00334941050375134,1585.0,667.0,1.1011979451445877,1586,avax_core,1,1,1858,22316.64657,22316.64747,0.0008999999990919605,0.9999999596713619,1.0,1.0,active_on_avax,ge_10k,0.0,0,1,core_eligible,
guru-network-classic,Guru Network Classic,Yield,14115.0,68.0,14115.0,0.9951824300389657,0.13114754098360656,-0.34285714285714286,1051.0,538.0,1.6714327112449472,1050,avax_core,1,1,1484,68.96964,3233053.02213,3232984.05249,2.133266591296465e-05,3.0,1.0,low_tvl_on_avax,lt_10k,1.0,1,1,core_eligible,
gyroscope-protocol,Gyroscope Protocol,Dexs,2690279.0,15900.0,1015200.0,0.9940898323185068,-0.9844402106212858,-0.98444031720186,384.0,180.0,0.3061631228409187,358,avax_core,1,1,1107,15900.19508,1808656.58989,1792756.39481,0.00879116310353146,9.0,0.996164,active_on_avax,ge_10k,0.0,0,1,core_eligible,
hakuswap,HakuSwap,Dexs,8189138.0,26074.0,29.0,0.9968160263021578,0.032264449722882026,-0.18334429515487488,1515.0,781.0,2.9977776288044087,1515,avax_core,1,1,1515,26074.3556,26074.3556,0.0,1.0,1.0,1.0,active_on_avax,ge_10k,0.0,0,1,core_eligible,
hashflow,Hashflow,DEX Aggregator,8927359.0,10243.0,1201380.0,0.998852628196088,0.012553128397746367,-0.07960467205750224,1475.0,693.0,2.1395182324654898,1382,avax_core,1,1,1382,10243.31852,582462.77663,572219.45811,0.017586219980039862,5.0,1.0,active_on_avax,ge_10k,0.0,0,1,core_eligible,
hedgefarm,HedgeFarm,Yield,478480.0,36363.0,133295.0,0.9240030931282395,0.00022004620970403785,0.000275072894316994,1236.0,548.0,1.065232423017286,1237,avax_core,1,1,1237,36363.84572,36363.84572,0.0,1.0,1.0,1.0,active_on_avax,ge_10k,0.0,0,1,core_eligible,
hermes-finance,Hermes Finance,Algo-Stables,0.0,0.0,0.0,0.0,0.0,0.0,1516.0,0.0,0.0,1517,avax_core,1,1,1517,0.0,0.0,0.0,0.0,0.0,1.0,low_tvl_on_avax,lt_10k,1.0,0,1,core_eligible,
homora-v2,Homora V2,Leveraged Farming,679064663.0,397914.0,0.0,0.9994140263487691,-0.0780297132476969,-0.11833067446601081,1489.0,725.0,2.417723377557627,1484,avax_core,1,1,1854,397914.70785,110273717.07445998,109875802.36660999,0.003608427451314773,5.0,1.0,active_on_avax,ge_10k,0.0,0,1,core_eligible,
honeyfarm,HoneyFarm,Yield,0.0,0.0,0.0,0.0,0.0,0.0,1543.0,0.0,0.0,1544,avax_core,1,1,1544,0.0,0.0,0.0,0.0,0.0,1.0,low_tvl_on_avax,lt_10k,1.0,0,1,core_eligible,
hot-takes,Hot Takes,SoFi,17266.0,612.0,17266.0,0.9645546160083401,0.08495575221238938,-0.3307860262008734,850.0,445.0,1.0696721694198383,851,avax_core,1,1,851,612.98383,612.98383,0.0,1.0,0.0,1.0,low_tvl_on_avax,lt_10k,1.0,0,1,core_eligible,
hubble-exchange,Hubble Exchange,Derivatives,4744985.0,78486.0,1298228.0,0.9834591679425752,0.00386263349747394,-0.0248971934750469,1308.0,691.0,1.6219995254191242,1309,avax_core,1,1,1309,78486.07253,78486.07253,0.0,1.0,1.0,1.0,active_on_avax,ge_10k,0.0,0,1,core_eligible,
hunnyswap,HunnySwap,Dexs,725059.0,58957.0,509881.0,0.9186866172270118,0.011824469271825499,-0.06516775543857424,1346.0,690.0,0.9963719969900816,1347,avax_core,1,1,1347,58957.31232,58957.31232,0.0,1.0,1.0,1.0,active_on_avax,ge_10k,0.0,0,1,core_eligible,
hurricaneswap,HurricaneSwap,Dexs,32991934.0,39636.0,1362872.0,0.998798615443399,0.02262641898864809,-0.13122479396808698,1609.0,893.0,3.166342736143781,1610,avax_core,1,1,1610,39636.86462,39636.86462,0.0,1.0,1.0,1.0,active_on_avax,ge_10k,0.0,0,1,core_eligible,
hypha,Hypha,Liquid Staking,89655261.0,21940600.0,478939.0,0.7552781648809209,0.1328508505365069,-0.38926683965659586,982.0,253.0,0.6305442355459513,983,avax_core,1,1,983,21940600.24524,21940600.24524,0.0,1.0,1.0,1.0,active_on_avax,ge_10k,0.0,0,1,core_eligible,
ice-dao,Ice DAO,Reserve Currency,8273946.0,0.0,2368062.0,1.0,0.0,0.0,1547.0,33.0,5.917189151348297,1548,avax_core,1,1,1548,0.0,0.0,0.0,0.0,0.0,1.0,low_tvl_on_avax,lt_10k,1.0,0,1,core_eligible,
icecream-finance,IceCream Finance,Algo-Stables,0.0,0.0,0.0,0.0,0.0,0.0,1495.0,0.0,0.0,1496,avax_core,1,1,1496,0.0,0.0,0.0,0.0,0.0,1.0,low_tvl_on_avax,lt_10k,1.0,0,1,core_eligible,
impermax-v2,Impermax V2,Lending,21436036.0,90752.0,355033.0,0.9957663814335822,0.04512005527724996,-0.2567869690194826,1594.0,122.0,2.1044550557446633,1562,avax_core,1,1,1796,90752.9117,756979.99073,666227.0790299999,0.11988812493244592,7.0,1.0,active_on_avax,ge_10k,0.0,0,1,core_eligible,
impossible-finance,Impossible Finance,Launchpad,1242123.0,2.0,1242123.0,0.9999983898535009,0.0,-0.25,1290.0,159.0,4.014553060684365,1291,avax_core,1,1,1566,2.19031,174099.92435000002,174097.73404,1.2580763651549514e-05,1.0,1.0,low_tvl_on_avax,lt_10k,1.0,0,1,core_eligible,
incognito,Incognito,Dexs,217.0,58.0,209.0,0.7327188940092166,0.0,-0.04838709677419355,710.0,163.0,0.29104706564001814,711,avax_core,1,1,711,58.50671,127.11726,68.61055,0.4602577966202229,0.0,1.0,low_tvl_on_avax,lt_10k,1.0,0,1,core_eligible,
insurace,InsurAce,Insurance,14001463.0,10166.0,4658.0,0.9992739330168569,0.018329326923076924,-0.10800140375504474,1615.0,751.0,1.4042756307995854,1616,avax_core,1,1,1733,10166.12817,136311.94272,126145.81455,0.0745798788216405,4.0,1.0,active_on_avax,ge_10k,0.0,0,1,core_eligible,
ipor-fusion,IPOR Fusion,Yield Aggregator,,,,,,,,,,0,fetch_failed,0,0,0,,,,,,0.0,data_fetch_failed,unknown,,0,0,data_incomplete,protocol_fetch_failed
iron-bank,Iron Bank,Lending,121431584.0,55547.0,62759551.0,0.9995425654663288,0.04110205229125668,-0.2207835930814875,1506.0,777.0,2.819475690801731,1507,avax_core,1,1,1507,55547.11427,213607.74886,158060.63459,0.2600425994208944,4.0,1.0,active_on_avax,ge_10k,0.0,0,1,core_eligible,
iron-finance,Iron Finance,CDP,4264974.0,29.0,116561.0,0.9999932004274821,0.0,0.0,1641.0,161.0,5.1787283813650165,1642,avax_core,1,1,1700,29.83632,315821.01045,315791.17413,9.447224539459071e-05,1.0,1.0,low_tvl_on_avax,lt_10k,1.0,0,1,core_eligible,
jarvis-network,Jarvis Network,Derivatives,1207.0,322.0,1120.0,0.7332228666114333,0.0,0.0,1128.0,285.0,0.6568927496250067,1103,avax_core,1,1,1781,322.92685,292517.80882,292194.88197,0.0011039562045903064,1.0,1.0,low_tvl_on_avax,lt_10k,1.0,0,1,core_eligible,
joe-dex,Joe DEX,Dexs,2587969556.0,13418789.0,27185720.0,0.994814935527781,0.023066824028837533,-0.33667900693376296,1671.0,840.0,1.9686223619971441,1658,avax_core,1,1,1658,13418789.2844,13490807.7557,72018.47130000032,0.994661663511618,3.0,1.0,active_on_avax,ge_10k,0.0,0,1,core_eligible,
joe-lend,Joe Lend,Lending,19525829.0,2379149.0,13277352.0,0.878153752140306,0.022012477302572653,-0.16652332519060328,1254.0,640.0,0.5705881968049991,1255,avax_core,1,1,1255,2379149.50193,2379149.50193,0.0,1.0,1.0,1.0,active_on_avax,ge_10k,0.0,0,1,core_eligible,
joe-stek,Joe Stek,Farm,116570480.0,40194.0,109406623.0,0.9996551957236515,0.14643050683095177,-0.5243138972058841,708.0,429.0,2.3906491427051244,709,avax_core,1,1,709,40194.23967,40194.23967,0.0,1.0,1.0,1.0,active_on_avax,ge_10k,0.0,0,1,core_eligible,
joe-v2,Joe V2,Dexs,31762453.0,98173.0,472763.0,0.9969091493027947,0.07429009137166931,-0.24347109093851382,1207.0,568.0,2.3265425533060045,1208,avax_core,1,1,1208,98173.04326,165505.88796000002,67332.84470000002,0.5931694906451109,2.0,1.0,active_on_avax,ge_10k,0.0,0,1,core_eligible,
joe-v2.1,Joe V2.1,Dexs,378702055.0,2773204.0,340873.0,0.9926770822513757,0.05422489406260181,-0.2740403669686345,1066.0,377.0,0.8344423431755915,1067,avax_core,1,1,1067,2773204.2633,3975091.05464,1201886.79134,0.6976454690422563,3.0,1.0,active_on_avax,ge_10k,0.0,0,1,core_eligible,
joe-v2.2,Joe V2.2,Dexs,120203944.0,27538439.0,10.0,0.7709023673965307,-0.030738624286779086,-0.46348535332377283,626.0,99.0,0.440804941067666,627,avax_core,1,1,627,27538439.05425,30325538.474669997,2787099.4204199985,0.90809398412668,3.0,1.0,active_on_avax,ge_10k,0.0,0,1,core_eligible,
k3-capital,K3 Capital,Risk Curators,164902619.0,16030519.0,32259455.0,0.9027879660298179,0.024278510886647547,-0.010674921842459752,888.0,47.0,0.6279466841007612,889,avax_core,1,1,889,16030519.21008,218277051.91457,202246532.70449,0.07344115686679732,6.0,1.0,active_on_avax,ge_10k,0.0,0,1,core_eligible,
kalmy-app,Kalmy App,Yield,92551.0,0.0,37312.0,1.0,0.0,0.0,1349.0,389.0,2.23703576428816,1349,avax_core,1,1,1494,0.0,32795.44231,32795.44231,0.0,1.0,1.0,low_tvl_on_avax,lt_10k,1.0,0,1,core_eligible,
kandyland-finance,Kandyland Finance,Reserve Currency,204413.0,0.0,204413.0,1.0,0.0,0.0,637.0,25.0,4.848157497077035,600,avax_core,1,1,600,0.0,0.0,0.0,0.0,0.0,1.0,low_tvl_on_avax,lt_10k,1.0,0,1,core_eligible,
karma-dao,Karma DAO,Reserve Currency,244874.0,0.0,244874.0,1.0,0.0,0.0,1520.0,7.0,11.239917958192773,1521,avax_core,1,1,1521,0.0,0.0,0.0,0.0,0.0,1.0,low_tvl_on_avax,lt_10k,1.0,0,1,core_eligible,
kassandra-dao,Kassandra DAO,Indexes,667166.0,691.0,406396.0,0.9989642757574576,0.043740573152337855,-0.40190146931719967,1493.0,775.0,1.5933484252462418,1491,avax_core,1,1,1491,691.58966,854.1287599999999,162.53909999999996,0.809701876798997,0.0,1.0,low_tvl_on_avax,lt_10k,1.0,0,1,core_eligible,
kayak-v2,Kayak V2,Dexs,56190.0,844.0,49910.0,0.984979533724862,0.08056265984654731,-0.3039538714991763,615.0,312.0,2.1660475757685265,616,avax_core,1,1,616,844.65023,844.65023,0.0,1.0,0.0,1.0,low_tvl_on_avax,lt_10k,1.0,0,1,core_eligible,
kewl-exchange,KEWL EXCHANGE,Dexs,235.0,0.0,199.0,1.0,0.0,0.0,359.0,7.0,2.0212160680189455,360,avax_core,1,1,739,0.28538,31640.554930000002,31640.26955,9.019437258017776e-06,1.0,0.99726,low_tvl_on_avax,lt_10k,1.0,0,1,core_eligible,
keyring,Keyring,Risk Curators,22362938.0,6224534.0,105337.0,0.7216584869125873,-0.001358094015722766,-0.016054604275811093,220.0,66.0,0.5616423835989518,221,avax_core,1,1,221,6224534.89963,6224534.89963,0.0,1.0,1.0,0.881644,active_on_avax,ge_10k,0.0,0,1,core_eligible,
kine-finance,Kine Finance,Yield,764816.0,966.0,755407.0,0.9987369511098094,0.09389140271493213,-0.3228291316526611,1486.0,811.0,0.9655526322784957,1487,avax_core,1,1,1808,966.0513,1013591.70962,1012625.6583199999,0.0009530970812322221,2.0,1.0,low_tvl_on_avax,lt_10k,1.0,1,1,core_eligible,
kitty-finance,Kitty Finance,Algo-Stables,0.0,0.0,0.0,0.0,0.0,0.0,1538.0,0.0,0.0,1535,avax_core,1,1,1535,0.0,0.0,0.0,0.0,0.0,1.0,low_tvl_on_avax,lt_10k,1.0,0,1,core_eligible,
kuu-finance,Kuu Finance,Dexs,3779376.0,11300.0,465850.0,0.9970100884378796,-0.008336258336258336,-0.21564408661854526,786.0,386.0,3.1372599103025967,749,avax_core,1,1,749,11300.58013,11300.58013,0.0,1.0,1.0,1.0,active_on_avax,ge_10k,0.0,0,1,core_eligible,
kyberswap-classic,KyberSwap Classic,Dexs,66549551.0,69499.0,0.0,0.9989556804072202,0.03587557569344045,-0.19196381858134426,1645.0,727.0,1.9424624230324425,1634,avax_core,1,1,1947,69499.49861,1038016.88744,968517.38883,0.06695411168252043,7.0,1.0,active_on_avax,ge_10k,0.0,0,1,core_eligible,
kyberswap-elastic,KyberSwap Elastic,Dexs,12885559.0,386.0,12490739.0,0.9999700439848981,0.16216216216216217,-0.07857142857142857,1103.0,509.0,3.233410133911925,1037,avax_core,1,1,1037,386.80603,120669.15507000001,120282.34904,0.003205508729845787,4.0,1.0,low_tvl_on_avax,lt_10k,1.0,1,1,core_eligible,
lagoon,Lagoon,Onchain Capital Allocator,84730703.0,4435506.0,102082.0,0.9476517266710274,-0.6891920498598091,-0.9107337095868162,229.0,83.0,1.023315012255408,230,avax_core,1,1,441,4435506.59678,122856655.33546002,118421148.73868002,0.03610310393579291,8.0,0.926027,active_on_avax,ge_10k,0.0,0,1,core_eligible,
lama-miner,Lama Miner,Ponzi,23170.0,0.0,0.0,1.0,0.0,-0.5,688.0,218.0,2.4521886448521357,689,avax_core,1,1,689,0.08135,0.08135,0.0,1.0,0.0,1.0,low_tvl_on_avax,lt_10k,1.0,0,1,core_eligible,
leech-protocol,Leech Protocol,Yield Aggregator,2432.0,9.0,2327.0,0.9962993421052632,0.0,0.0,909.0,34.0,3.2636569365717483,899,avax_core,1,1,899,9.46296,3503.12041,3493.65745,0.002701294529581985,0.0,1.0,low_tvl_on_avax,lt_10k,1.0,0,1,core_eligible,
life-dao,Life DAO,Reserve Currency,6130437.0,69.0,931627.0,0.9999887446849222,0.029411764705882353,-0.18604651162790697,1551.0,713.0,4.019322244668695,1552,avax_core,1,1,1552,69.50376,69.50376,0.0,1.0,0.0,1.0,low_tvl_on_avax,lt_10k,1.0,0,1,core_eligible,
louverture,Louverture,Yield,0.0,0.0,0.0,0.0,0.0,0.0,651.0,0.0,0.0,614,avax_core,1,1,614,0.0,0.0,0.0,0.0,0.0,1.0,low_tvl_on_avax,lt_10k,1.0,0,1,core_eligible,
lydia,Lydia,Dexs,24602373.0,49559.0,4660883.0,0.9979856008198884,0.09411219286045433,-0.1800810654313839,1782.0,558.0,2.1170308459776654,1783,avax_core,1,1,1783,49559.26902,49559.26902,0.0,1.0,1.0,1.0,active_on_avax,ge_10k,0.0,0,1,core_eligible,
magic-square,Magic Square,Farm,22264.0,335.0,16060.0,0.9849532878189005,0.09090909090909091,-0.23462414578587698,160.0,93.0,2.016404523422335,161,avax_core,1,1,161,335.618,11833.71457,11498.09657,0.02836117079001002,1.0,0.832329,low_tvl_on_avax,lt_10k,1.0,0,1,core_eligible,
magik-farm,Magik Farm,Yield Aggregator,1732884.0,2969.0,1732884.0,0.9982866712370823,-0.5768025078369906,-0.6014492753623188,1303.0,770.0,2.488885155206655,1300,avax_core,1,1,1300,2969.78172,3762.76933,792.9876100000001,0.7892542591761796,0.0,1.0,low_tvl_on_avax,lt_10k,1.0,0,1,core_eligible,
magnet-dao,Magnet DAO,Algo-Stables,10299268.0,0.0,10111052.0,1.0,0.0,0.0,1524.0,78.0,5.428143837424293,1525,avax_core,1,1,1525,0.65951,0.65951,0.0,1.0,0.0,1.0,low_tvl_on_avax,lt_10k,1.0,0,1,core_eligible,
marginswap,MarginSwap,Dexs,6939110.0,0.0,6939110.0,1.0,0.0,-0.9999995941352544,647.0,305.0,0.36510672690787344,610,avax_core,1,1,610,0.0,0.0,0.0,0.0,0.0,1.0,low_tvl_on_avax,lt_10k,1.0,0,1,core_eligible,
maximizer,Maximizer,Reserve Currency,16807204.0,0.0,1537966.0,1.0,0.0,0.0,683.0,97.0,1.5670647772711463,646,avax_core,1,1,646,0.45728,0.45728,0.0,1.0,0.0,1.0,low_tvl_on_avax,lt_10k,1.0,0,1,core_eligible,
meow-miner,Meow Miner,Ponzi,33751.0,0.0,16.0,1.0,0.0,0.0,724.0,212.0,2.9936916831556113,725,avax_core,1,1,725,0.0351,0.0351,0.0,1.0,0.0,1.0,low_tvl_on_avax,lt_10k,1.0,0,1,core_eligible,
mev-capital,MEV Capital,Risk Curators,231138997.0,231138997.0,0.0,0.0,1.3558451069871627,8.062930629776032,411.0,0.0,1.3135098329487125,412,avax_core,1,1,412,231138997.8761,326406161.66052,95267163.78442001,0.7081330716927366,9.0,1.0,active_on_avax,ge_10k,0.0,0,1,core_eligible,
midasdao,MidasDAO,Reserve Currency,20058635.0,0.0,3702119.0,1.0,0.0,0.0,674.0,65.0,2.8711541795521907,637,avax_core,1,1,637,0.0,0.0,0.0,0.0,0.0,1.0,low_tvl_on_avax,lt_10k,1.0,0,1,core_eligible,
mint-club-v2,Mint Club V2,Launchpad,9471.0,521.0,23.0,0.9449899693802133,0.12742980561555076,-0.3113456464379947,766.0,180.0,0.640029378812616,709,avax_core,1,1,709,521.6434,730120.6565699999,729599.0131699999,0.0007144619116114376,5.0,1.0,low_tvl_on_avax,lt_10k,1.0,1,1,core_eligible,
mintswap,MintSwap,Farm,128253.0,1231.0,128253.0,0.9904017839738641,0.051194539249146756,-0.2718676122931442,1569.0,783.0,2.1744400505007913,1570,avax_core,1,1,1570,1231.18523,1231.18523,0.0,1.0,0.0,1.0,low_tvl_on_avax,lt_10k,1.0,0,1,core_eligible,
monocerus,Monocerus,Dexs,15042.0,198.0,13992.0,0.9868368568009573,0.015306122448979591,0.0,877.0,119.0,3.267675706832005,878,avax_core,1,1,878,198.00357,202.82513,4.821560000000005,0.9762279950221158,0.0,1.0,low_tvl_on_avax,lt_10k,1.0,0,1,core_eligible,
monroe-protocol,Monroe Protocol,CDP,435730.0,3911.0,274659.0,0.9910242581415096,0.07976814794369307,-0.3276039876246133,680.0,237.0,1.4382323185705308,681,avax_core,1,1,728,3911.35342,5008.26052,1096.9071,0.7809804231190434,0.0,1.0,low_tvl_on_avax,lt_10k,1.0,0,1,core_eligible,
moremoney,Moremoney,Lending,14232086.0,7473.0,4565893.0,0.9994749188558866,-0.002801867911941294,-0.010590415673815197,1503.0,733.0,2.4198226093839725,1449,avax_core,1,1,1449,7473.88535,7473.88535,0.0,1.0,0.0,1.0,low_tvl_on_avax,lt_10k,1.0,0,1,core_eligible,
mozaic,Mozaic,Yield,551521.0,1189.0,39.0,0.9978441437406735,0.0016835016835016834,0.0,901.0,105.0,6.965452088156258,902,avax_core,1,1,902,1189.0275,7439.87036,6250.84286,0.15981830898462052,0.0,1.0,low_tvl_on_avax,lt_10k,1.0,0,1,core_eligible,
multi-chain-miner,Multi-Chain Miner,Ponzi,174064.0,0.0,112190.0,1.0,0.0,0.0,1608.0,454.0,2.9664283124177078,1609,avax_core,1,1,1609,0.10531,2.94466,2.83935,0.03576304225275584,0.0,1.0,low_tvl_on_avax,lt_10k,1.0,0,1,core_eligible,
multipli.fi,Multipli.fi,Yield,18919187.0,15715.0,9958311.0,0.9991693617701437,-0.18115979784296357,-0.23827064753780536,205.0,77.0,1.175922818603372,206,avax_core,1,1,360,15715.89281,342521093.07653004,342505377.18372005,4.588299269058029e-05,5.0,0.911507,active_on_avax,ge_10k,0.0,0,1,core_eligible,
mushrooms-finance,Mushrooms Finance,Yield Aggregator,21867.0,15189.0,13530.0,0.305391686102346,0.028923660502607872,-0.1610979179322914,1430.0,118.0,0.26010248663536684,1429,avax_core,1,1,1883,15189.59023,28540.8594,13351.269170000001,0.5322050754365161,1.0,1.0,active_on_avax,ge_10k,0.0,0,1,core_eligible,
mux-perps,MUX Perps,Derivatives,5534754.0,389034.0,170197.0,0.9297106971691966,0.0601795330179424,-0.21671804185047305,1218.0,377.0,0.7358257274240217,1219,avax_core,1,1,1219,389034.60012,8962580.097199999,8573545.497079998,0.04340654096263401,4.0,1.0,active_on_avax,ge_10k,0.0,0,1,core_eligible,
napier,Napier,Yield,0.0,0.0,0.0,0.0,0.0,0.0,359.0,0.0,0.0,360,avax_core,1,1,615,0.0,298243.87330000004,298243.87330000004,0.0,1.0,0.99726,low_tvl_on_avax,lt_10k,1.0,0,1,core_eligible,
native-swap,Native Swap,Dexs,1276330.0,1.0,163296.0,0.9999992165035688,0.0,0.0,912.0,229.0,1.3713640389365034,913,avax_core,1,1,1064,1.8334,4513.66949,4511.83609,0.00040618835828850193,0.0,1.0,low_tvl_on_avax,lt_10k,1.0,0,1,core_eligible,
nereus-finance,Nereus Finance,Lending,32414877.0,73744.0,1096623.0,0.9977249952236438,0.09219490521327015,0.167386933877887,1472.0,762.0,1.8564910706971343,1473,avax_core,1,1,1473,73744.42467,73744.42467,0.0,1.0,1.0,1.0,active_on_avax,ge_10k,0.0,0,1,core_eligible,
nested,Nested,Indexes,231259.0,5684.0,124076.0,0.9754214971093017,0.01699463327370304,-0.2567655902732383,1433.0,731.0,0.8446831226162365,1434,avax_core,1,1,1434,5684.09007,140517.97454999998,134833.88447999998,0.04045098207686912,4.0,1.0,low_tvl_on_avax,lt_10k,1.0,1,1,core_eligible,
noaharkdao,NoahArkDAO,Reserve Currency,84177.0,15.0,72633.0,0.9998218040557397,0.0,0.0,1503.0,52.0,3.5757158063776324,1504,avax_core,1,1,1504,15.54072,15.54072,0.0,1.0,0.0,1.0,low_tvl_on_avax,lt_10k,1.0,0,1,core_eligible,
nodo,NODO,Prediction Market,2015.0,0.0,1818.0,1.0,0.0,0.0,424.0,8.0,1.7304814614536108,425,avax_core,1,1,425,0.00833,0.84549,0.83716,0.009852275012123149,0.0,1.0,low_tvl_on_avax,lt_10k,1.0,0,1,core_eligible,
nord-finance,Nord Finance,Yield Aggregator,706793.0,101.0,705283.0,0.9998571010182613,0.0,0.0,1418.0,87.0,6.7404475316875025,1419,avax_core,1,1,1419,101.40761,5071.34697,4969.939359999999,0.019996188507685565,0.0,1.0,low_tvl_on_avax,lt_10k,1.0,0,1,core_eligible,
north-pole,North Pole,CDP,160730.0,698.0,153248.0,0.9956573135071237,0.011577424023154847,-0.2459546925566343,1405.0,706.0,3.725051045245196,1406,avax_core,1,1,1406,698.50267,698.50267,0.0,1.0,0.0,1.0,low_tvl_on_avax,lt_10k,1.0,0,1,core_eligible,
o2-dao,O2 DAO,Reserve Currency,0.0,0.0,0.0,0.0,0.0,0.0,1552.0,0.0,0.0,1553,avax_core,1,1,1553,0.0,0.0,0.0,0.0,0.0,1.0,low_tvl_on_avax,lt_10k,1.0,0,1,core_eligible,
oddz,Oddz,Options,686310.0,59193.0,409800.0,0.9137518031210387,0.00033798627775712305,0.00030417736920373127,1480.0,687.0,0.9856810138793949,1481,avax_core,1,1,1562,59193.24177,59199.59287,6.35109999999986,0.9998927171676003,1.0,1.0,active_on_avax,ge_10k,0.0,0,1,core_eligible,
oh-finance,Oh Finance,Yield,3508975.0,2666.0,1687701.0,0.9992402339714589,0.003008649868371568,0.009844755774327906,1565.0,636.0,2.6049714547362206,1547,avax_core,1,1,1547,2666.23988,3036.08206,369.8421800000001,0.878184392684037,0.0,1.0,low_tvl_on_avax,lt_10k,1.0,0,1,core_eligible,
olive-cash,Olive Cash,Yield,6464833.0,24472.0,3236385.0,0.9962145967266285,0.01835053262316911,-0.3172738938793729,1791.0,902.0,2.2941393408583286,1772,avax_core,1,1,1772,24472.93823,93670.39174,69197.45351,0.26126653017454327,3.0,1.0,active_on_avax,ge_10k,0.0,0,1,core_eligible,
omni-exchange-flux,Omni Exchange Flux,Dexs,893.0,13.0,12.0,0.9854423292273237,0.07692307692307693,-0.3,235.0,66.0,1.662413583468913,236,avax_core,1,1,236,13.36378,718.7416499999999,705.3778699999999,0.018593301223047254,0.0,0.893973,low_tvl_on_avax,lt_10k,1.0,0,1,core_eligible,
omni-exchange-v2,Omni Exchange V2,Dexs,21300.0,8.0,8.0,0.99962441314554,0.0,-0.9908163265306122,235.0,94.0,1.5245736696093086,231,avax_core,1,1,231,8.4203,4710.273810000001,4701.853510000001,0.001787645546660906,0.0,0.889863,low_tvl_on_avax,lt_10k,1.0,0,1,core_eligible,
omni-exchange-v3,Omni Exchange V3,Dexs,59132.0,46.0,8.0,0.9992220794155449,0.021739130434782608,-0.3380281690140845,235.0,74.0,2.48959341854362,236,avax_core,1,1,236,46.01505,26536.18533,26490.17028,0.00173404916448102,1.0,0.893973,low_tvl_on_avax,lt_10k,1.0,0,1,core_eligible,
omnibtc,OmniBTC,Lending,70761.0,0.0,110.0,1.0,0.0,0.0,877.0,285.0,1.2680088230697595,875,avax_core,1,1,933,0.00307,1908706.7100999998,1908706.7070299997,1.6084189277247096e-09,1.0,1.0,low_tvl_on_avax,lt_10k,1.0,0,1,core_eligible,
onavax,onAVAX,Dexs,943087.0,355.0,407351.0,0.9996235766159431,0.07228915662650602,0.022988505747126436,1328.0,662.0,2.5618907668380624,1329,avax_core,1,1,1329,355.91184,355.91184,0.0,1.0,0.0,1.0,low_tvl_on_avax,lt_10k,1.0,0,1,core_eligible,
onx-finance,OnX Finance,Yield Aggregator,883.0,0.0,692.0,1.0,0.0,-0.8571428571428571,1461.0,360.0,2.4689068745275415,1462,avax_core,1,1,1820,0.0,249382.94039,249382.94039,0.0,1.0,1.0,low_tvl_on_avax,lt_10k,1.0,0,1,core_eligible,
openocean,OpenOcean,DEX Aggregator,819877.0,10310.0,812075.0,0.9874249430097441,0.002722940776038121,-0.0031902552204176333,1581.0,857.0,2.3453368785156505,1582,avax_core,1,1,1632,10310.59911,155393.55294,145082.95382999998,0.06635152433885781,3.0,1.0,active_on_avax,ge_10k,0.0,0,1,core_eligible,
opyn-gamma,Opyn Gamma,Options,20733184.0,19499.0,0.0,0.999059526988233,0.10045146726862303,-0.33781581092094537,1848.0,805.0,2.7102290973186243,1849,avax_core,1,1,1873,19499.67083,941674.5347099999,922174.86388,0.020707442020830646,2.0,1.0,active_on_avax,ge_10k,0.0,0,1,core_eligible,
orcadao,OrcaDAO,Lending,9870124.0,9056.0,1721719.0,0.9990824836648455,-0.04522454142947502,-0.18036199095022623,1607.0,792.0,3.2596176202449985,1608,avax_core,1,1,1608,9056.16498,9056.16498,0.0,1.0,0.0,1.0,low_tvl_on_avax,lt_10k,1.0,0,1,core_eligible,
ordernchaos,OrderNChaos,Algo-Stables,1007727.0,14673.0,1007727.0,0.9854395089146167,0.0008184422316191515,0.0008184422316191515,1322.0,661.0,2.0412918249821344,1323,avax_core,1,1,1323,14673.61689,60548.262480000005,45874.64559000001,0.24234579637767334,2.0,1.0,active_on_avax,ge_10k,0.0,0,1,core_eligible,
pangolin-v2,Pangolin V2,Dexs,483749257.0,1805793.0,9369781.0,0.9962670888402005,0.067983168179224,-0.3456767890588737,1852.0,784.0,1.4077986355774361,1769,avax_core,1,1,1769,1805793.90713,1846483.06464,40689.15751000005,0.9779639692942794,2.0,1.0,active_on_avax,ge_10k,0.0,0,1,core_eligible,
pangolin-v3,Pangolin V3,Dexs,1351559.0,403573.0,638545.0,0.7014018625897944,-0.22233334296808008,-0.1597127514933966,216.0,77.0,0.41672602235434386,217,avax_core,1,1,217,403573.52605,419560.87598,15987.349930000026,0.9618950411125509,2.0,0.878356,active_on_avax,ge_10k,0.0,0,1,core_eligible,
papa-dao,Papa DAO,Reserve Currency,15309680.0,7.0,12806814.0,0.9999995427729385,0.0,-0.2727272727272727,1547.0,398.0,5.504494070397599,1548,avax_core,1,1,1548,7.62014,7.62014,0.0,1.0,0.0,1.0,low_tvl_on_avax,lt_10k,1.0,0,1,core_eligible,
parallel-protocol-v3,Parallel Protocol V3,CDP,2467779.0,2135857.0,0.0,0.1345023196971852,2.5398164675387527,7.811077283565588,173.0,2.0,1.1000799286349185,174,avax_core,1,1,223,2135857.78317,3206678.9540500003,1070821.17088,0.6660653635040188,4.0,0.856438,active_on_avax,ge_10k,0.0,0,1,core_eligible,
partyswap,PartySwap,Dexs,902958.0,4445.0,728506.0,0.9950772904166085,-0.01112099644128114,-0.5623584998523476,1554.0,809.0,2.5501524989442212,1555,avax_core,1,1,1555,4445.55758,4445.55758,0.0,1.0,0.0,1.0,low_tvl_on_avax,lt_10k,1.0,0,1,core_eligible,
pendle,Pendle,Yield,10646223.0,52546.0,6158820.0,0.9950643528695576,0.007593334739506433,-0.03749496281642671,1572.0,788.0,1.7718013314387808,1573,avax_core,1,1,1699,52546.62706,2149026798.77143,2148974252.14437,2.4451359606143678e-05,11.0,1.0,active_on_avax,ge_10k,0.0,0,1,core_eligible,
penguin-finance,Penguin Finance,Yield,75258164.0,88332.0,9085897.0,0.9988262801627741,0.06384285576645149,-0.29692449736544674,1787.0,819.0,2.776718704197887,1696,avax_core,1,1,1787,88332.7646,88332.7646,0.0,1.0,1.0,1.0,active_on_avax,ge_10k,0.0,0,1,core_eligible,
pharaoh-cl,Pharaoh CL,Dexs,59821759.0,6313986.0,1575300.0,0.8944533543388452,0.09808545953771099,-0.07524157056936324,814.0,132.0,0.8376365259903688,815,avax_core,1,1,815,6313986.75455,6313986.75455,0.0,1.0,1.0,1.0,active_on_avax,ge_10k,0.0,0,1,core_eligible,
pharaoh-legacy,Pharaoh Legacy,Dexs,15221986.0,3486041.0,92.0,0.7709864534102187,0.01997410596074932,-0.2275276062485749,726.0,103.0,0.7944851506076923,727,avax_core,1,1,727,3486041.87088,3486041.87088,0.0,1.0,1.0,1.0,active_on_avax,ge_10k,0.0,0,1,core_eligible,
pharaoh-v3,Pharaoh V3,Dexs,54716193.0,29598842.0,2060757.0,0.4590478544441131,0.28912569950324474,-0.27717913307483827,146.0,61.0,0.3531292670558056,147,avax_core,1,1,147,29598842.50312,29598842.50312,0.0,1.0,1.0,0.820822,active_on_avax,ge_10k,0.0,0,1,core_eligible,
pharaoh-v3-legacy,Pharaoh V3 Legacy,Dexs,8048425.0,1139551.0,2332989.0,0.8584131677936988,0.5035492434437953,-0.16096944654489068,146.0,68.0,0.7926953967334535,147,avax_core,1,1,147,1139551.65045,1139551.65045,0.0,1.0,1.0,0.820822,active_on_avax,ge_10k,0.0,0,1,core_eligible,
phuture,Phuture,Indexes,4992311.0,858275.0,390888.0,0.8280806223810977,0.03174046007078012,-0.515780043012888,1277.0,239.0,0.6325830667234597,1268,avax_core,1,1,1362,858275.15935,861499.41787,3224.258520000032,0.99625738746525,1.0,1.0,active_on_avax,ge_10k,0.0,0,1,core_eligible,
piggy-finance,Piggy Finance,Yield,0.0,0.0,0.0,0.0,0.0,0.0,653.0,0.0,0.0,616,avax_core,1,1,616,0.0,0.0,0.0,0.0,0.0,1.0,low_tvl_on_avax,lt_10k,1.0,0,1,core_eligible,
piggybank-dao,Piggybank DAO,Reserve Currency,2454901.0,0.0,2291493.0,1.0,0.0,0.0,692.0,124.0,2.4822414555648455,655,avax_core,1,1,655,0.0,0.0,0.0,0.0,0.0,1.0,low_tvl_on_avax,lt_10k,1.0,0,1,core_eligible,
pinksale,PinkSale,Launchpad,2085763.0,55242.0,419056.0,0.9735147281834033,0.1336083066568169,-0.32253752575296774,1343.0,357.0,0.8609949631607459,1281,avax_core,1,1,1281,55242.96014,165799955.11686,165744712.15672,0.00033319044086027263,5.0,1.0,active_on_avax,ge_10k,0.0,0,1,core_eligible,
piratedao,PirateDAO,Reserve Currency,349160.0,800.0,204105.0,0.997708786802612,-0.007434944237918215,-0.011111111111111112,1532.0,619.0,4.656306768589662,1533,avax_core,1,1,1533,800.67862,800.67862,0.0,1.0,0.0,1.0,low_tvl_on_avax,lt_10k,1.0,0,1,core_eligible,
platypus-finance,Platypus Finance,Dexs,1254719052.0,46567.0,3.0,0.9999628865123824,0.012435863988172884,-0.21600053873867808,1562.0,780.0,2.5054098649118854,1561,avax_core,1,1,1561,46567.27869,46567.27869,0.0,1.0,1.0,1.0,active_on_avax,ge_10k,0.0,0,1,core_eligible,
ploutos-money,Ploutos Money,Lending,73231.0,10576.0,51377.0,0.8555802870369106,-0.7941336758924054,-0.7941336758924054,8.0,4.0,0.46934091815344625,9,avax_core,1,1,152,10576.20272,18055.375659999998,7479.172939999999,0.5857647561125294,1.0,0.746575,active_on_avax,ge_10k,0.0,0,1,core_eligible,
polar-bear-finance,Polar Bear Finance,Algo-Stables,0.0,0.0,0.0,0.0,0.0,0.0,1456.0,0.0,0.0,1457,avax_core,1,1,1457,0.0,0.0,0.0,0.0,0.0,1.0,low_tvl_on_avax,lt_10k,1.0,0,1,core_eligible,
poolside,Poolside,Dexs,2662592.0,199.0,3343.0,0.9999252607985001,0.09289617486338798,-0.32432432432432434,871.0,373.0,2.7474672384868017,872,avax_core,1,1,872,199.14263,37544.03495,37344.89232,0.00530424154636581,1.0,1.0,low_tvl_on_avax,lt_10k,1.0,0,1,core_eligible,
pooltogether-v4,PoolTogether V4,Yield Lottery,72205.0,16032.0,71961.0,0.777965514853542,-0.0013702896293989412,-0.007244582043343654,865.0,422.0,0.6254353598144431,866,avax_core,1,1,866,16032.46694,752539.11728,736506.65034,0.02130449643328606,4.0,1.0,active_on_avax,ge_10k,0.0,0,1,core_eligible,
poolz-vesting,Poolz Vesting,Launchpad,0.0,0.0,0.0,0.0,0.0,0.0,173.0,0.0,0.0,172,avax_core,1,1,576,0.0,18899.81432,18899.81432,0.0,1.0,0.894247,low_tvl_on_avax,lt_10k,1.0,0,1,core_eligible,
prime-protocol,Prime Protocol,Lending,1206826.0,32166.0,204432.0,0.9733466133477403,0.061757327700026406,-0.19048218240386552,1026.0,334.0,0.7209597451388958,1027,avax_core,1,1,1027,32166.41056,375150.93450999993,342984.52394999994,0.0857425841202125,8.0,1.0,active_on_avax,ge_10k,0.0,0,1,core_eligible,
printyfinance,printyfinance,Dexs,3300.0,1186.0,344.0,0.6406060606060606,0.10727611940298508,-0.3232611174458381,1051.0,52.0,0.733451984927976,1052,avax_core,1,1,1052,1186.89352,1186.89352,0.0,1.0,0.0,1.0,low_tvl_on_avax,lt_10k,1.0,0,1,core_eligible,
projectx,ProjectX,Yield,0.0,0.0,0.0,0.0,0.0,0.0,609.0,0.0,0.0,572,avax_core,1,1,572,0.0,0.0,0.0,0.0,0.0,1.0,low_tvl_on_avax,lt_10k,1.0,0,1,core_eligible,
pumpspace,PumpSpace,Dexs,1340228.0,1231513.0,811222.0,0.08111679505278206,0.7013927361095953,0.30906566832277804,122.0,12.0,0.14955079523797038,123,avax_core,1,1,123,1231513.0,1231513.0,0.0,1.0,1.0,0.801096,active_on_avax,ge_10k,0.0,0,1,core_eligible,
pyreswap,PyreSwap,Dexs,101148.0,5981.0,23567.0,0.9408688258789101,0.2585735325057858,-0.16858929812369702,713.0,334.0,0.9095108693143719,714,avax_core,1,1,714,5981.59895,36919.88829,30938.289340000003,0.16201562970655453,2.0,1.0,low_tvl_on_avax,lt_10k,1.0,0,1,core_eligible,
qidao,QiDao,CDP,4856034.0,132867.0,1685882.0,0.9726387830068736,0.058709163346613545,-0.25865666811734905,1573.0,738.0,1.2067193907268159,1573,avax_core,1,1,1770,132867.71223,3092526.83307,2959659.12084,0.04296412590803622,8.0,1.0,active_on_avax,ge_10k,0.0,0,1,core_eligible,
r-u-generous,R U Generous,Reserve Currency,7402159.0,0.0,3416652.0,1.0,0.0,0.0,1560.0,148.0,2.9652724615698487,1561,avax_core,1,1,1561,0.0,0.0,0.0,0.0,0.0,1.0,low_tvl_on_avax,lt_10k,1.0,0,1,core_eligible,
radioshack,RadioShack,Dexs,33363560.0,113512.0,1717185.0,0.9965977251828042,0.03277197004849378,-0.15087296719079607,1433.0,739.0,2.292079702002835,1432,avax_core,1,1,1432,113512.26109,510975.74986000004,397463.48877000005,0.22214803955197623,4.0,1.0,active_on_avax,ge_10k,0.0,0,1,core_eligible,
ragnarokdao,RagnarokDAO,Reserve Currency,2509757.0,0.0,2509757.0,1.0,0.0,0.0,1541.0,97.0,8.187912125340665,1542,avax_core,1,1,1542,0.0,0.0,0.0,0.0,0.0,1.0,low_tvl_on_avax,lt_10k,1.0,0,1,core_eligible,
ramp,Ramp,CDP,1572.0,0.0,649.0,1.0,0.0,0.0,1290.0,157.0,0.9045172388311485,1287,avax_core,1,1,1449,0.0,0.0,0.0,0.0,0.0,1.0,low_tvl_on_avax,lt_10k,1.0,0,1,core_eligible,
re7-labs,Re7 Labs,Risk Curators,213924703.0,20037875.0,0.0,0.9063321125657938,0.005974283186173918,-0.07772771838882758,411.0,165.0,0.8672759965980236,412,avax_core,1,1,412,20037875.99299,103242463.05899,83204587.066,0.1940856058571645,13.0,1.0,active_on_avax,ge_10k,0.0,0,1,core_eligible,
rehold-v1,ReHold V1,Yield,96396.0,0.0,10761.0,1.0,0.0,0.0,1052.0,168.0,1.9174740251667315,1053,avax_core,1,1,1107,0.0,0.14031,0.14031,0.0,0.0,1.0,low_tvl_on_avax,lt_10k,1.0,0,1,core_eligible,
rehold-v2,ReHold V2,Yield,130841.0,0.0,0.0,1.0,-0.5,-0.5,942.0,229.0,1.3362530169927243,943,avax_core,1,1,943,0.88033,14.374820000000001,13.49449,0.06124111467134892,0.0,1.0,low_tvl_on_avax,lt_10k,1.0,0,1,core_eligible,
reservoir,Reservoir,Dexs,124652.0,17.0,9997.0,0.999863620318968,0.058823529411764705,-0.25,896.0,34.0,2.3810670029693735,897,avax_core,1,1,897,17.20546,17.20546,0.0,1.0,0.0,1.0,low_tvl_on_avax,lt_10k,1.0,0,1,core_eligible,
return-finance,Return Finance,Yield Aggregator,127014.0,0.0,5.0,1.0,0.0,0.0,725.0,43.0,4.080253059175208,726,avax_core,1,1,726,0.05293,257.03934,256.98641,0.00020592178613592767,0.0,1.0,low_tvl_on_avax,lt_10k,1.0,0,1,core_eligible,
revest-finance,Revest Finance,NFT Lending,14985.0,7.0,0.0,0.9995328661995329,0.14285714285714285,-0.3333333333333333,1542.0,265.0,3.509888952912135,1505,avax_core,1,1,1541,7.194,90470.48027000001,90463.28627000001,7.951765016091694e-05,1.0,1.0,low_tvl_on_avax,lt_10k,1.0,0,1,core_eligible,
ribbon,Ribbon,Options Vault,22016073.0,80677.0,9399.0,0.9963355408569003,0.06646397884996695,-0.4195159155010649,1547.0,791.0,2.031914295008053,1531,avax_core,1,1,1786,80677.9647,3619171.38654,3538493.42184,0.022291833152762005,3.0,1.0,active_on_avax,ge_10k,0.0,0,1,core_eligible,
ripae,Ripae,Algo-Stables,0.0,0.0,0.0,0.0,0.0,0.0,1459.0,0.0,0.0,1459,avax_core,1,1,1490,0.0,0.0,0.0,0.0,0.0,1.0,low_tvl_on_avax,lt_10k,1.0,0,1,core_eligible,
risk-harbor,Risk Harbor,Insurance,339998.0,1734.0,36836.0,0.9948999699998236,0.0,-0.0017261219792865361,1338.0,354.0,2.037441741377095,1316,avax_core,1,1,1435,1734.08486,38719.40077,36985.31591,0.044785942589885795,2.0,1.0,low_tvl_on_avax,lt_10k,1.0,0,1,core_eligible,
robo-vault,Robo-Vault,Yield,6425117.0,1824.0,1001733.0,0.9997161141190114,0.021836506159014557,-0.1411764705882353,1342.0,612.0,2.604394572294648,1330,avax_core,1,1,1637,1824.01214,3799.72537,1975.71323,0.48003788758028054,0.0,1.0,low_tvl_on_avax,lt_10k,1.0,0,1,core_eligible,
royco-v2,Royco V2,Yield,4528144.0,4528144.0,2454458.0,0.0,0.8448647950525962,0.8448647950525962,18.0,0.0,0.17700507979663926,19,avax_core,1,1,19,4528144.60045,10243337.974909998,5715193.374459999,0.4420575218294294,2.0,0.715616,active_on_avax,ge_10k,0.0,0,1,core_eligible,
rubydex,RubyDex,Derivatives,52.0,0.0,1.0,1.0,0.0,0.0,859.0,2.0,3.733655857377708,860,avax_core,1,1,1144,0.0,24.138450000000002,24.138450000000002,0.0,0.0,1.0,low_tvl_on_avax,lt_10k,1.0,0,1,core_eligible,
salvor,Salvor,NFT Marketplace,2706047.0,469465.0,190000.0,0.8265126215472237,0.5104889254964543,-0.11635085764407159,765.0,228.0,0.6467840364282151,766,avax_core,1,1,766,469465.41849,469465.41849,0.0,1.0,1.0,1.0,active_on_avax,ge_10k,0.0,0,1,core_eligible,
sashimidao,SashimiDAO,Reserve Currency,9299.0,1.0,9224.0,0.9998924615550059,0.0,0.0,639.0,5.0,7.9884539892336015,602,avax_core,1,1,602,1.44295,1.44295,0.0,1.0,0.0,1.0,low_tvl_on_avax,lt_10k,1.0,0,1,core_eligible,
seafi,SeaFi,Yield,5036291.0,292308.0,65016.0,0.9419596683352888,0.1121345629974585,-0.5249425901939339,747.0,260.0,0.9222954098673825,748,avax_core,1,1,748,292308.21495,292308.21495,0.0,1.0,1.0,1.0,active_on_avax,ge_10k,0.0,0,1,core_eligible,
secondswap,SecondSwap,OTC Marketplace,85.0,79.0,81.0,0.07058823529411765,-0.024390243902439025,-0.024390243902439025,16.0,6.0,0.03564588205613847,17,avax_core,1,1,17,79.36017,1981344.34033,1981264.98016,4.0053699089367915e-05,1.0,0.713973,low_tvl_on_avax,lt_10k,1.0,0,1,core_eligible,
secured-finance-lending,Secured Finance Lending,Lending,4706.0,204.0,2101.0,0.956651083722907,-0.0048543689320388345,-0.12017167381974249,738.0,306.0,0.8660253019874413,737,avax_core,1,1,737,204.03477,433442.26044,433238.22566999996,0.00047073114142787625,2.0,1.0,low_tvl_on_avax,lt_10k,1.0,1,1,core_eligible,
securo-finance,Securo Finance,Indexes,35.0,17.0,0.0,0.5142857142857142,0.058823529411764705,-0.25,1319.0,106.0,0.46908097317709646,1320,avax_core,1,1,1320,17.0,36.0,19.0,0.4722222222222222,0.0,1.0,low_tvl_on_avax,lt_10k,1.0,0,1,core_eligible,
sherpa-cash,Sherpa Cash,Privacy,1860372.0,14788.0,1771055.0,0.9920510521551603,0.06864657851000795,-0.3462269572521109,1440.0,749.0,2.369245995079186,1441,avax_core,1,1,1441,14788.2236,14788.2236,0.0,1.0,1.0,1.0,active_on_avax,ge_10k,0.0,0,1,core_eligible,
sierra,Sierra,Reserve Currency,1008592.0,842.0,1008592.0,0.9991651728350016,0.0023781212841854932,0.007168458781362007,641.0,246.0,5.05159041764521,604,avax_core,1,1,604,842.25292,842.25292,0.0,1.0,0.0,1.0,low_tvl_on_avax,lt_10k,1.0,0,1,core_eligible,
sierra-protocol,Sierra Protocol,Yield,4790973.0,4790973.0,4285275.0,0.0,0.2513533547474112,0.1180082683122394,33.0,0.0,0.08609871755356811,34,avax_core,1,1,34,4790973.14188,4790973.14188,0.0,1.0,1.0,0.727945,active_on_avax,ge_10k,0.0,0,1,core_eligible,
silo-v2,Silo V2,Lending,79620153.0,9070465.0,24076397.0,0.8860782771919566,-0.42050222945041643,-0.7751906115896595,252.0,84.0,0.41184081502817016,253,avax_core,1,1,423,9070465.1262,45038011.27053,35967546.14433,0.20139577371026446,4.0,0.93863,active_on_avax,ge_10k,0.0,0,1,core_eligible,
singular-farm,Singular Farm,Yield,5574382.0,3916.0,4607755.0,0.9992975006018604,0.07965821389195149,-0.17779177162048698,1633.0,834.0,3.7670133397859233,1634,avax_core,1,1,1634,3916.68297,22318.716169999996,18402.033199999998,0.17548872167049923,1.0,1.0,low_tvl_on_avax,lt_10k,1.0,0,1,core_eligible,
smartcoin,SmartCoin,Yield,0.0,0.0,0.0,0.0,0.0,0.0,1594.0,0.0,0.0,1595,avax_core,1,1,1595,0.0,0.0,0.0,0.0,0.0,1.0,low_tvl_on_avax,lt_10k,1.0,0,1,core_eligible,
snowball,Snowball,Yield,108123285.0,308229.0,17715061.0,0.9971492819516167,0.03978248329324612,-0.514256492365492,1797.0,828.0,2.424306111784145,1675,avax_core,1,1,1675,308229.11437,308229.11437,0.0,1.0,1.0,1.0,active_on_avax,ge_10k,0.0,0,1,core_eligible,
snowbank,Snowbank,Reserve Currency,68674707.0,0.0,29782452.0,1.0,0.0,0.0,1581.0,55.0,4.128149792816513,1582,avax_core,1,1,1582,0.0,0.0,0.0,0.0,0.0,1.0,low_tvl_on_avax,lt_10k,1.0,0,1,core_eligible,
snowcatdao,SnowCatDAO,Reserve Currency,50385.0,0.0,50385.0,1.0,0.0,0.0,1532.0,5.0,17.75143868712532,1533,avax_core,1,1,1533,0.0,0.0,0.0,0.0,0.0,1.0,low_tvl_on_avax,lt_10k,1.0,0,1,core_eligible,
snowdog,Snowdog,Reserve Currency,63823712.0,0.0,36689291.0,1.0,0.0,0.0,692.0,4.0,9.794020841121297,655,avax_core,1,1,655,0.29157,0.29157,0.0,1.0,0.0,1.0,low_tvl_on_avax,lt_10k,1.0,0,1,core_eligible,
snowtomb,Snowtomb,Algo-Stables,0.0,0.0,0.0,0.0,0.0,0.0,1499.0,0.0,0.0,1500,avax_core,1,1,1500,0.0,0.0,0.0,0.0,0.0,1.0,low_tvl_on_avax,lt_10k,1.0,0,1,core_eligible,
snowyowl,Snowyowl,Algo-Stables,0.0,0.0,0.0,0.0,0.0,0.0,1464.0,0.0,0.0,1465,avax_core,1,1,1465,0.0,0.0,0.0,0.0,0.0,1.0,low_tvl_on_avax,lt_10k,1.0,0,1,core_eligible,
solisnek-finance,SoliSnek Finance,Dexs,13765557.0,9327.0,602.0,0.999322439331732,0.010398613518197574,-0.10204081632653061,1063.0,582.0,3.587731273457388,1064,avax_core,1,1,1064,9327.55964,9327.55964,0.0,1.0,0.0,1.0,low_tvl_on_avax,lt_10k,1.0,0,1,core_eligible,
solv-strategies,Solv Strategies,Onchain Capital Allocator,26060457.0,13582729.0,0.0,0.4787992781554061,0.08575908682832059,-0.25432669846761446,306.0,109.0,0.316450961291594,307,avax_core,1,1,307,13582729.6996,55962894.62075,42380164.92115,0.24270956303542912,3.0,0.952329,active_on_avax,ge_10k,0.0,0,1,core_eligible,
soulswap,SoulSwap,Dexs,42715.0,188.0,0.0,0.9955987358070936,0.055865921787709494,-0.25,1237.0,336.0,2.271781326253458,1236,avax_core,1,1,1635,188.00008,2346.6102499999997,2158.61017,0.0801155965290785,0.0,1.0,low_tvl_on_avax,lt_10k,1.0,0,1,core_eligible,
spark-liquidity-layer,Spark Liquidity Layer,Onchain Capital Allocator,10966637.0,10002098.0,0.0,0.08795212242367464,0.0004036781924658806,10002098.0,131.0,14.0,0.7193144548678657,132,avax_core,1,1,340,10002098.66212,1465787143.3164,1455785044.65428,0.006823704729385103,6.0,0.865479,active_on_avax,ge_10k,0.0,0,1,core_eligible,
spark-savings,Spark Savings,Yield,225033476.0,182441926.0,1.0,0.18926761812095905,0.8391962926129991,60813974.666666664,136.0,38.0,0.8079301424514326,137,avax_core,1,1,179,182441926.14557,1437126462.78224,1254684536.6366699,0.12694911051346666,6.0,0.82411,active_on_avax,ge_10k,0.0,0,1,core_eligible,
spectra-v2,Spectra V2,Yield,6185192.0,4715169.0,4014005.0,0.23766812735966805,0.048399630638669144,12.921951305929387,248.0,14.0,0.6654901752822878,249,avax_core,1,1,650,4715169.85942,28746787.94772,24031618.088299997,0.1640242335246354,11.0,0.936438,active_on_avax,ge_10k,0.0,0,1,core_eligible,
spice-trade,Spice Trade,Algo-Stables,378757.0,2493.0,12117.0,0.9934179434307485,0.018790849673202614,-0.15856950067476383,1369.0,683.0,3.009148753112622,1370,avax_core,1,1,1370,2493.64468,8995.345249999998,6501.700569999999,0.2772150051717026,0.0,1.0,low_tvl_on_avax,lt_10k,1.0,0,1,core_eligible,
spicy-dao,Spicy DAO,Reserve Currency,502488.0,272.0,502488.0,0.9994586935409403,-0.010869565217391304,-0.010869565217391304,1535.0,213.0,5.209403158674761,1536,avax_core,1,1,1536,272.16475,272.16475,0.0,1.0,0.0,1.0,low_tvl_on_avax,lt_10k,1.0,0,1,core_eligible,
spiritdao,SpiritDAO,Reserve Currency,592578.0,2011.0,479431.0,0.9966063539314656,-0.006910167818361303,-0.011302211302211302,1537.0,681.0,2.7736525158970737,1538,avax_core,1,1,1538,2011.69528,2011.69528,0.0,1.0,0.0,1.0,low_tvl_on_avax,lt_10k,1.0,0,1,core_eligible,
stabilize,Stabilize,CDP,22459595.0,19552.0,2128507.0,0.9991294589239031,0.018067270644590232,-0.17400304156809732,1588.0,823.0,4.969399629647711,1587,avax_core,1,1,1587,19552.07517,19552.07517,0.0,1.0,1.0,1.0,active_on_avax,ge_10k,0.0,0,1,core_eligible,
stable-jack-v1,Stable Jack V1,Yield,12208969.0,1629502.0,1077445.0,0.8665323828736071,0.07377078347232911,-0.3885808347554103,622.0,244.0,0.4085744410480551,623,avax_core,1,1,623,1629502.68521,1629502.68521,0.0,1.0,1.0,1.0,active_on_avax,ge_10k,0.0,0,1,core_eligible,
stable-jack-v2,Stable Jack V2,Yield,1043645.0,2792.0,381185.0,0.9973247608142616,-0.9229304635761589,-0.9633320204805041,312.0,93.0,0.7713487304443274,313,avax_core,1,1,336,2792.78744,12766.63845,9973.85101,0.2187566798368916,0.0,0.963562,low_tvl_on_avax,lt_10k,1.0,0,1,core_eligible,
stackfi,StackFi,Lending,4302.0,638.0,4208.0,0.8516968851696886,-0.8062462098241359,-0.8481824661439772,41.0,26.0,0.20216271922350704,42,avax_core,1,1,42,638.55592,650.1932,11.637280000000032,0.98210181219982,0.0,0.734521,low_tvl_on_avax,lt_10k,1.0,0,1,core_eligible,
stake-dao,Stake DAO,Yield,124425201.0,209764.0,696206.0,0.9983141357352519,0.0,-0.06831153256790069,1595.0,775.0,2.879298856561464,1579,avax_core,1,1,1797,209764.18038,170329500.96591002,170119736.78553003,0.001231519960960741,8.0,1.0,active_on_avax,ge_10k,0.0,0,1,core_eligible,
steadefi,Steadefi,Leveraged Farming,721344.0,3.0,42783.0,0.9999958410966197,0.0,-0.2,1061.0,263.0,3.3617534084050367,1061,avax_core,1,1,1061,3.30143,576.13068,572.82925,0.005730349232573415,0.0,1.0,low_tvl_on_avax,lt_10k,1.0,0,1,core_eligible,
steakhut,SteakHut,Farm,1366510.0,0.0,1052382.0,1.0,0.0,-0.9998130491680688,1384.0,609.0,1.850309030046835,1383,avax_core,1,1,1383,0.0,0.0,0.0,0.0,0.0,1.0,low_tvl_on_avax,lt_10k,1.0,0,1,core_eligible,
steakhut-liquidity,SteakHut Liquidity,Liquidity Manager,17437684.0,58319.0,44657.0,0.9966555765088988,-0.035650505985845626,-0.4718826405867971,1146.0,254.0,1.505286316251063,1145,avax_core,1,1,1145,58319.49596,62692.18278,4372.686820000003,0.9302514823045055,1.0,1.0,active_on_avax,ge_10k,0.0,0,1,core_eligible,
steer-protocol,Steer Protocol,Liquidity Manager,28802.0,1374.0,0.0,0.9522949795153114,-0.15695892090741875,-0.9484883677368598,985.0,48.0,2.253670770728107,951,avax_core,1,1,982,1374.47132,26088285.674150005,26086911.202830005,5.268538290202476e-05,15.0,1.0,low_tvl_on_avax,lt_10k,1.0,1,1,core_eligible,
stonedefi,StoneDefi,Yield Aggregator,20930.0,12124.0,11966.0,0.42073578595317723,0.059784983830084786,-0.22305523516596182,1522.0,112.0,0.34089923276865564,1518,avax_core,1,1,1518,12124.19951,71483.96455,59359.765040000006,0.16960726208070953,3.0,1.0,active_on_avax,ge_10k,0.0,0,1,core_eligible,
stormswap,StormSwap,Yield,35390422.0,8176.0,2467.0,0.9997689770413023,0.011379097093382808,-0.18482703618781776,1646.0,822.0,9.871424086653814,1579,avax_core,1,1,1645,8176.13153,9051.26644,875.1349099999998,0.9033135400663336,0.0,1.0,low_tvl_on_avax,lt_10k,1.0,0,1,core_eligible,
struct-finance,Struct Finance,Yield,12471721.0,20357.0,216392.0,0.9983677473221217,0.04808484349258649,-0.24563678808315115,985.0,382.0,2.123149217337566,986,avax_core,1,1,986,20357.63665,20357.63665,0.0,1.0,1.0,1.0,active_on_avax,ge_10k,0.0,0,1,core_eligible,
stryke-ssov,Stryke SSOV,Options,363404.0,0.0,0.0,1.0,0.0,0.0,1563.0,66.0,4.57695591504926,1564,avax_core,1,1,1610,0.0,11044.81295,11044.81295,0.0,1.0,1.0,low_tvl_on_avax,lt_10k,1.0,0,1,core_eligible,
subzero+,Subzero+,Reserve Currency,0.0,0.0,0.0,0.0,0.0,0.0,1120.0,0.0,0.0,1121,avax_core,1,1,1121,0.0,0.0,0.0,0.0,0.0,1.0,low_tvl_on_avax,lt_10k,1.0,0,1,core_eligible,
subzero-zswap,Subzero ZSwap,Dexs,110666.0,1611.0,28.0,0.985442683389659,-0.23962264150943396,-0.5294804436660829,1242.0,587.0,1.0503467354495215,1243,avax_core,1,1,1243,1611.74715,1611.74715,0.0,1.0,0.0,1.0,low_tvl_on_avax,lt_10k,1.0,0,1,core_eligible,
superform,Superform,Yield Aggregator,587967.0,2980.0,0.0,0.9949316883430532,-0.7255064456721916,-0.809630244587777,773.0,163.0,1.780550698038357,774,avax_core,1,1,774,2980.87048,33213140.89469,33210160.02421,8.974973157316088e-05,5.0,1.0,low_tvl_on_avax,lt_10k,1.0,1,1,core_eligible,
sushi-bentobox,Sushi BentoBox,Yield,456632.0,0.0,382475.0,1.0,0.0,0.0,1177.0,462.0,1.173217214280189,1001,avax_core,1,1,1001,0.0,2910360.65165,2910360.65165,0.0,3.0,1.0,low_tvl_on_avax,lt_10k,1.0,1,1,core_eligible,
sushi-kashi,Sushi Kashi,Lending,28736.0,1441.0,0.0,0.949853841870824,-0.2563176895306859,-0.3308584686774942,1272.0,585.0,1.017117909009537,1261,avax_core,1,1,1414,1441.58292,142338.75280000002,140897.16988000003,0.010127831610450923,3.0,1.0,low_tvl_on_avax,lt_10k,1.0,1,1,core_eligible,
sushi-trident,Sushi Trident,Dexs,127587.0,0.0,0.0,1.0,0.0,0.0,1110.0,100.0,2.163284938848712,1016,avax_core,1,1,1112,0.0,274513.67626,274513.67626,0.0,2.0,1.0,low_tvl_on_avax,lt_10k,1.0,1,1,core_eligible,
sushiswap,SushiSwap,Dexs,257358630.0,55299.0,556681.0,0.9997851286354765,0.0022655188038060714,-0.13470716174560704,1727.0,767.0,4.715863536839973,1695,avax_core,1,1,1976,55299.27793,42497032.19267999,42441732.91474999,0.0013012503480072466,13.0,1.0,active_on_avax,ge_10k,0.0,0,1,core_eligible,
sushiswap-v3,SushiSwap V3,Dexs,404338.0,34956.0,15268.0,0.913547576532505,0.07115060517848935,-0.3452519198351751,1065.0,108.0,0.7135349347048574,999,avax_core,1,1,1005,34956.35305,84130277.98989001,84095321.63684002,0.0004155026452450416,18.0,1.0,active_on_avax,ge_10k,0.0,0,1,core_eligible,
suzaku,Suzaku,Restaking,10318227.0,1357231.0,1.0,0.8684627698150079,0.024342272594509044,-0.5533903461274835,524.0,103.0,0.4788800694737176,525,avax_core,1,1,525,1357231.79622,1357231.79622,0.0,1.0,1.0,1.0,active_on_avax,ge_10k,0.0,0,1,core_eligible,
swapsicle-v1,Swapsicle V1,Dexs,3229283.0,18693.0,928339.0,0.9942114085386756,-0.2227673374355563,-0.41401792991035047,1376.0,708.0,1.773318134367012,1377,avax_core,1,1,1377,18693.30963,19203.51707,510.20744000000195,0.9734315626590582,1.0,1.0,active_on_avax,ge_10k,0.0,0,1,core_eligible,
swift-finance,Swift Finance,Yield,1302919.0,768.0,721820.0,0.9994105543015337,0.0039164490861618795,-0.012836970474967908,1581.0,677.0,4.546012736922597,1582,avax_core,1,1,1582,768.51282,768.51282,0.0,1.0,0.0,1.0,low_tvl_on_avax,lt_10k,1.0,0,1,core_eligible,
swing-dao,Swing DAO,Reserve Currency,9280.0,0.0,9280.0,1.0,0.0,0.0,650.0,68.0,1.766809061644618,613,avax_core,1,1,613,0.02069,0.02069,0.0,1.0,0.0,1.0,low_tvl_on_avax,lt_10k,1.0,0,1,core_eligible,
symphony-finance,Symphony Finance,Dexs,11848.0,352.0,10998.0,0.9702903443619176,-0.6154684095860566,-0.5451030927835051,1003.0,472.0,1.484282821152739,1002,avax_core,1,1,1002,352.56038,853.52017,500.95979,0.4130662547787242,0.0,1.0,low_tvl_on_avax,lt_10k,1.0,0,1,core_eligible,
tarina,Tarina,Dexs,136155.0,52.0,134635.0,0.9996180823326356,0.019230769230769232,-0.1016949152542373,1417.0,526.0,1.4768657947296322,1418,avax_core,1,1,1418,52.42921,52.42921,0.0,1.0,0.0,1.0,low_tvl_on_avax,lt_10k,1.0,0,1,core_eligible,
tarot,Tarot,Lending,935949.0,6844.0,119866.0,0.9926876357579313,0.0793125197098707,-0.23766566432787614,1065.0,545.0,2.022076303152659,1063,avax_core,1,1,1670,6844.25188,573623.8573599999,566779.6054799999,0.011931602551364289,3.0,1.0,low_tvl_on_avax,lt_10k,1.0,1,1,core_eligible,
team-finance,Team Finance,Token Locker,5439785.0,430493.0,0.0,0.9208621296613745,0.015462130164952976,-0.5283379185443023,1347.0,161.0,0.7042291827225221,1246,avax_core,1,1,1246,430493.34454,48825934.12943,48395440.78489,0.008816899301892079,7.0,1.0,active_on_avax,ge_10k,0.0,0,1,core_eligible,
teddy-cash,Teddy Cash,CDP,106915466.0,14000.0,767314.0,0.9998690554273972,0.12756704517999518,-0.3414083447010678,1640.0,824.0,4.18629326096264,1641,avax_core,1,1,1641,14000.89466,14000.89466,0.0,1.0,1.0,1.0,active_on_avax,ge_10k,0.0,0,1,core_eligible,
tempodao,TempoDAO,Reserve Currency,990705.0,3.0,247483.0,0.9999969718533771,0.0,0.0,1547.0,87.0,4.4928502986262355,1548,avax_core,1,1,1548,3.39632,3.39632,0.0,1.0,0.0,1.0,low_tvl_on_avax,lt_10k,1.0,0,1,core_eligible,
termfinance-lend,TermFinance Lend,Lending,21356928.0,0.0,0.0,1.0,0.0,-0.9999208860759494,1004.0,173.0,2.0255843762706527,1002,avax_core,1,1,1002,0.0,1855209.02352,1855209.02352,0.0,1.0,1.0,low_tvl_on_avax,lt_10k,1.0,0,1,core_eligible,
termfinance-vaults,TermFinance Vaults,Yield,7901472.0,1384873.0,0.0,0.8247322777325541,0.024352213948582457,0.06820388892445607,349.0,48.0,1.3554231400553916,343,avax_core,1,1,343,1384873.99908,15160463.86346,13775589.86438,0.09134773259925417,4.0,0.981918,active_on_avax,ge_10k,0.0,0,1,core_eligible,
the-dragons-lair,The Dragon's Lair,Yield,3679508.0,78.0,3679508.0,0.9999788015136807,0.06756756756756757,-0.3305084745762712,1628.0,791.0,7.8763106006816646,1629,avax_core,1,1,1629,78.67273,78.67273,0.0,1.0,0.0,1.0,low_tvl_on_avax,lt_10k,1.0,0,1,core_eligible,
the-ennead-farm,The Ennead Farm,Yield,83703.0,62.0,83703.0,0.999259285808155,0.06779661016949153,-0.3368421052631579,963.0,489.0,4.98544554327949,964,avax_core,1,1,964,62.93052,3718.9872,3656.05668,0.01692141344288574,0.0,1.0,low_tvl_on_avax,lt_10k,1.0,0,1,core_eligible,
the-seed-farm,The Seed Farm,Yield,12252.0,1947.0,11228.0,0.8410871694417238,0.047875201721355565,-0.30872959545777146,1530.0,778.0,0.49760551908026734,1531,avax_core,1,1,1531,1947.86712,1947.86712,0.0,1.0,0.0,1.0,low_tvl_on_avax,lt_10k,1.0,0,1,core_eligible,
thetanuts-finance,Thetanuts Finance,Yield,6704453.0,41293.0,5066291.0,0.993840959135667,0.0686023341873043,-0.21132947535285243,1536.0,769.0,2.348896683785175,1496,avax_core,1,1,1496,41293.25382,867571.50266,826278.24884,0.04759636951351405,6.0,1.0,active_on_avax,ge_10k,0.0,0,1,core_eligible,
thor-financial,Thor Financial,Yield,0.0,0.0,0.0,0.0,0.0,0.0,609.0,0.0,0.0,572,avax_core,1,1,572,0.0,0.0,0.0,0.0,0.0,1.0,low_tvl_on_avax,lt_10k,1.0,0,1,core_eligible,
thorchain-dex,Thorchain DEX,Dexs,15241273.0,1006768.0,1280528.0,0.9339446252291393,0.11012986096485473,-0.3091546009744047,1068.0,384.0,0.7551319524946511,1065,avax_core,1,1,1760,1006768.09347,65529398.338740006,64522630.24527001,0.015363609601079057,12.0,1.0,active_on_avax,ge_10k,0.0,0,1,core_eligible,
thorusfi,ThorusFi,Dexs,13883583.0,12697.0,7908334.0,0.9990854666263025,0.022136359977461162,-0.059477075772165024,1521.0,788.0,4.317147413244856,1522,avax_core,1,1,1522,12697.07777,12838.2832,141.20542999999998,0.9890012217521421,1.0,1.0,active_on_avax,ge_10k,0.0,0,1,core_eligible,
token-mill,Token Mill,Launchpad,174203.0,40862.0,109078.0,0.7654345791978324,0.0660561947248963,-0.34984328013874083,237.0,98.0,0.4076979423964439,238,avax_core,1,1,238,40862.3777,69025.07559,28162.697889999996,0.5919932336288515,2.0,0.895616,active_on_avax,ge_10k,0.0,0,1,core_eligible,
tokensfarm,TokensFarm,Yield,187.0,0.0,0.0,1.0,0.0,0.0,1418.0,12.0,2.433273331748649,1411,avax_core,1,1,1411,0.0,0.0,0.0,0.0,0.0,1.0,low_tvl_on_avax,lt_10k,1.0,0,1,core_eligible,
topshelf,TopShelf,CDP,1676453.0,2082.0,544668.0,0.9987580922340202,0.0764857881136951,-0.34186413902053714,1542.0,781.0,2.7302933384264314,1543,avax_core,1,1,1543,2082.26258,22824.23244,20741.96986,0.0912303441298112,1.0,1.0,low_tvl_on_avax,lt_10k,1.0,0,1,core_eligible,
tornadao,Tornadao,Reserve Currency,937507.0,7.0,277583.0,0.999992533389084,0.14285714285714285,-0.2727272727272727,1554.0,402.0,6.110686486989335,1555,avax_core,1,1,1555,7.09314,7.09314,0.0,1.0,0.0,1.0,low_tvl_on_avax,lt_10k,1.0,0,1,core_eligible,
tornado-cash,Tornado Cash,Privacy,360667.0,45522.0,296804.0,0.8737838504770329,0.1245800395256917,-0.3390298084880868,1384.0,381.0,0.4699390926491455,1385,avax_core,1,1,2274,45522.78469,474258150.5947701,474212627.81008005,9.598735337054217e-05,8.0,1.0,active_on_avax,ge_10k,0.0,0,1,core_eligible,
tranche-finance,Tranche Finance,Yield,141.0,36.0,133.0,0.7446808510638298,0.027777777777777776,-0.28846153846153844,1480.0,471.0,0.34115314616675707,1466,avax_core,1,1,1729,36.40441,33284.35413000001,33247.949720000004,0.0010937394145553753,1.0,1.0,low_tvl_on_avax,lt_10k,1.0,0,1,core_eligible,
treehouse-finance,TreeHouse Finance,Yield,24967.0,29.0,2171.0,0.9988384667761445,0.0,0.034482758620689655,595.0,188.0,6.221741500215235,558,avax_core,1,1,558,29.06204,29.06204,0.0,1.0,0.0,1.0,low_tvl_on_avax,lt_10k,1.0,0,1,core_eligible,
treehouse-protocol,Treehouse Protocol,DOR,8581408.0,7929144.0,106378.0,0.07600897195425273,14.712914118574945,9.300092360092647,190.0,15.0,1.420606904882578,191,avax_core,1,1,545,7929144.48192,153633227.21288002,145704082.73096,0.051610869769292016,3.0,0.904658,active_on_avax,ge_10k,0.0,0,1,core_eligible,
tulipa-capital,Tulipa Capital,Risk Curators,55361130.0,4165821.0,44157356.0,0.9247518791614261,-0.700842781855878,-0.9143408120467873,101.0,56.0,0.5819205801400242,102,avax_core,1,1,411,4165821.91345,51236727.57526,47070905.661809996,0.08130538601105929,7.0,0.85589,active_on_avax,ge_10k,0.0,0,1,core_eligible,
turtle-club,Turtle Club,Onchain Capital Allocator,84511122.0,4395630.0,62697903.0,0.9479875560047588,-0.6896814661593093,-0.9111622664852899,138.0,82.0,0.5682401432534941,139,avax_core,1,1,307,4395630.84407,5351172.191199999,955541.3471299997,0.8214332649019617,3.0,0.860274,active_on_avax,ge_10k,0.0,0,1,core_eligible,
umami-finance,Umami Finance,Yield,28723.0,0.0,2625.0,1.0,0.0,0.0,557.0,38.0,2.0664115312096905,548,avax_core,1,1,1573,0.0,567703.66826,567703.66826,0.0,1.0,1.0,low_tvl_on_avax,lt_10k,1.0,0,1,core_eligible,
uncx-network-v2,UNCX Network V2,Token Locker,3405861.0,95614.0,196139.0,0.9719266288318872,0.006452495736931854,-0.30470920170450416,1366.0,395.0,1.3758319636249423,1347,avax_core,1,1,1372,95614.00922,121950156.71672001,121854542.70750001,0.0007840417084670365,6.0,1.0,active_on_avax,ge_10k,0.0,0,1,core_eligible,
unifi,UniFi,Dexs,20384.0,152.0,12928.0,0.9925431711145997,0.05517241379310345,-0.2916666666666667,1486.0,714.0,1.3200002463210638,1485,avax_core,1,1,1611,152.67592,3593.63599,3440.96007,0.042485082079779586,0.0,1.0,low_tvl_on_avax,lt_10k,1.0,0,1,core_eligible,
uniswap-v2,Uniswap V2,Dexs,296586.0,138405.0,352.0,0.5333394023993041,-0.07862012036001491,3.8084352418010003,745.0,238.0,0.8977791297103042,741,avax_core,1,1,2108,138405.39707,900674907.5076401,900536502.1105701,0.00015366853891044584,11.0,1.0,active_on_avax,ge_10k,0.0,0,1,core_eligible,
uniswap-v3,Uniswap V3,Dexs,35280276.0,4660072.0,2705878.0,0.8679128247182647,0.13834122342894273,0.10038390045507009,968.0,152.0,0.722521525240548,957,avax_core,1,1,1753,4660072.41775,1588550134.9854398,1583890062.56769,0.002933538145960192,35.0,1.0,active_on_avax,ge_10k,0.0,0,1,core_eligible,
uniswap-v4,Uniswap V4,Dexs,1427227.0,593803.0,84.0,0.5839463519117842,-0.05180240960007665,0.2896054763342267,403.0,21.0,0.7180046414528923,401,avax_core,1,1,401,593803.17141,639040871.0537,638447067.88229,0.0009292100056619092,12.0,1.0,active_on_avax,ge_10k,0.0,0,1,core_eligible,
uno-farm,UNO farm,Yield Aggregator,1375.0,115.0,6.0,0.9163636363636364,0.04504504504504504,-0.3626373626373626,1126.0,369.0,0.5967124891533578,1121,avax_core,1,1,1124,115.15543,2947.70558,2832.55015,0.039066123422000644,0.0,1.0,low_tvl_on_avax,lt_10k,1.0,0,1,core_eligible,
upshift,Upshift,Onchain Capital Allocator,14099094.0,1346470.0,3108802.0,0.9044995373461585,0.2257259612802444,-0.5140227224986519,459.0,158.0,0.6150843202285263,460,avax_core,1,1,460,1346470.23376,316056390.00306,314709919.7693,0.00426022151853017,10.0,1.0,active_on_avax,ge_10k,0.0,0,1,core_eligible,
vacus-finance,Vacus Finance,Yield Aggregator,110452.0,0.0,41309.0,1.0,0.0,-0.5,436.0,31.0,2.231862740061671,399,avax_core,1,1,399,0.8179,0.8179,0.0,1.0,0.0,1.0,low_tvl_on_avax,lt_10k,1.0,0,1,core_eligible,
valhalladao,ValhallaDAO,Reserve Currency,57523.0,0.0,57523.0,1.0,0.0,0.0,1533.0,12.0,10.474107151540183,1534,avax_core,1,1,1534,2e-05,2e-05,0.0,1.0,0.0,1.0,low_tvl_on_avax,lt_10k,1.0,0,1,core_eligible,
vapordex-v1,VaporDex V1,Dexs,3203044.0,408553.0,32398.0,0.8724485208445466,0.004568522926215159,-0.3700734226163861,1186.0,387.0,0.5135367819097664,1187,avax_core,1,1,1187,408553.43918,408567.64136,14.202180000022054,0.9999652390973677,1.0,1.0,active_on_avax,ge_10k,0.0,0,1,core_eligible,
vapordex-v2,VaporDex V2,Dexs,40743.0,18882.0,19.0,0.5365584272144909,-0.1791784394696805,-0.3213656783468104,871.0,373.0,0.30380321184246395,872,avax_core,1,1,872,18882.48581,19052.21202,169.72621000000072,0.9910915220856333,1.0,1.0,active_on_avax,ge_10k,0.0,0,1,core_eligible,
vaporfi,VaporFi,Yield,0.0,0.0,0.0,0.0,0.0,0.0,1487.0,0.0,0.0,1488,avax_core,1,1,1488,0.0,0.0,0.0,0.0,0.0,1.0,low_tvl_on_avax,lt_10k,1.0,0,1,core_eligible,
varlamore-capital,Varlamore Capital,Risk Curators,70350756.0,16.0,0.0,0.9999997725681867,-0.9999994307499819,-0.9999951788819147,223.0,1.0,1.582111168767213,224,avax_core,1,1,224,16.76851,125302.50200000001,125285.73349000001,0.00013382422323857506,2.0,0.88411,low_tvl_on_avax,lt_10k,1.0,1,1,core_eligible,
vaultlayer,VaultLayer,Liquid Staking,,,,,,,,,,0,total_only,0,1,265,0.0,462.57879,462.57879,0.0,0.0,0.222603,no_avax_core_history,unknown,,0,0,boundary_excluded,no_avax_core_history_total_only
vector-finance,Vector Finance,Yield,404771939.0,23532.0,109335118.0,0.9999418635588768,0.031154149504863726,-0.9333342776203966,1460.0,742.0,1.8894572846760247,1461,avax_core,1,1,1461,23532.91419,23532.91419,0.0,1.0,1.0,1.0,active_on_avax,ge_10k,0.0,0,1,core_eligible,
vee-finance,Vee Finance,Lending,126036204.0,13098.0,52443378.0,0.9998960774794519,0.005295471987720644,-0.037050650591781226,1633.0,839.0,6.178879503985828,1628,avax_core,1,1,1628,13098.79528,13098.79528,0.0,1.0,1.0,1.0,active_on_avax,ge_10k,0.0,0,1,core_eligible,
vertex-perps,Vertex Perps,Derivatives,11101387.0,0.0,1644089.0,1.0,0.0,0.0,339.0,26.0,1.7946387677581408,340,avax_core,1,1,1097,0.0,0.0,0.0,0.0,0.0,0.986301,low_tvl_on_avax,lt_10k,1.0,0,1,core_eligible,
vesper,Vesper,Yield Aggregator,4148360.0,0.0,0.0,1.0,0.0,0.0,1430.0,421.0,1.330280493307979,1431,avax_core,1,1,1902,0.0,35241160.95092,35241160.95092,0.0,4.0,1.0,low_tvl_on_avax,lt_10k,1.0,1,1,core_eligible,
vfat.io,vfat.io,Yield Aggregator,47372882.0,1069456.0,1896319.0,0.9774247215949412,-0.05218467145068991,-0.7845419615105355,229.0,109.0,1.0253643531851853,210,avax_core,1,1,638,1069456.26294,34946418.47856,33876962.21562,0.030602742984839,14.0,0.915068,active_on_avax,ge_10k,0.0,0,1,core_eligible,
vikingsfinance,VikingsFinance,Reserve Currency,1783693.0,0.0,1647976.0,1.0,0.0,0.0,675.0,27.0,3.943678985313118,638,avax_core,1,1,638,0.0,0.0,0.0,0.0,0.0,1.0,low_tvl_on_avax,lt_10k,1.0,0,1,core_eligible,
volta-club,Volta Club,Reserve Currency,0.0,0.0,0.0,0.0,0.0,0.0,1646.0,0.0,0.0,1647,avax_core,1,1,1647,0.0,0.0,0.0,0.0,0.0,1.0,low_tvl_on_avax,lt_10k,1.0,0,1,core_eligible,
volta-dao,Volta DAO,Reserve Currency,0.0,0.0,0.0,0.0,0.0,0.0,1481.0,0.0,0.0,1482,avax_core,1,1,1482,0.0,0.0,0.0,0.0,0.0,1.0,low_tvl_on_avax,lt_10k,1.0,0,1,core_eligible,
voltz,Voltz,Derivatives,371600.0,740.0,367327.0,0.9980086114101184,0.0013513513513513514,-0.008032128514056224,997.0,233.0,2.042882753726869,998,avax_core,1,1,1376,740.00271,236171.84292999998,235431.84021999998,0.003133323180356147,2.0,1.0,low_tvl_on_avax,lt_10k,1.0,1,1,core_eligible,
vortex-dao,Vortex DAO,Reserve Currency,1729229.0,0.0,1680966.0,1.0,0.0,0.0,1270.0,186.0,5.598129570237493,861,avax_core,1,1,861,0.0,0.0,0.0,0.0,0.0,1.0,low_tvl_on_avax,lt_10k,1.0,0,1,core_eligible,
waterfall-defi,Waterfall DeFi,Yield Aggregator,5359904.0,9479.0,5334417.0,0.9982314981760867,0.07385591300407793,-0.3402463636996311,1425.0,753.0,0.9039741683217178,1426,avax_core,1,1,1426,9479.12985,20557.064319999998,11077.934469999998,0.4611130121715745,1.0,1.0,low_tvl_on_avax,lt_10k,1.0,0,1,core_eligible,
whaleswap,WhaleSwap,Dexs,341.0,132.0,89.0,0.6129032258064516,0.0390625,-0.24,1166.0,214.0,0.29744672918608933,1166,avax_core,1,1,1341,132.29747,1618.0127699999998,1485.7152999999998,0.08176540534967472,0.0,1.0,low_tvl_on_avax,lt_10k,1.0,0,1,core_eligible,
wolf-safe-poor-people,Wolf Safe Poor People,Yield,,,,,,,,,,0,total_only,0,1,1302,0.0,0.0,0.0,0.0,0.0,0.25,no_avax_core_history,unknown,,0,0,boundary_excluded,no_avax_core_history_total_only
wombat-exchange,Wombat Exchange,Dexs,13531990.0,52075.0,1148892.0,0.9961517116107831,0.09765402693758826,-0.4750297385027924,844.0,354.0,1.0566116220188593,845,avax_core,1,1,1411,52075.96555,3470664.07475,3418588.1092000003,0.015004611344804712,4.0,1.0,active_on_avax,ge_10k,0.0,0,1,core_eligible,
woofi-earn,WOOFi Earn,Yield,15226357.0,1110069.0,2831501.0,0.9270955619916176,0.03363862547767854,-0.05655550588383276,1209.0,230.0,0.8135394925552994,1210,avax_core,1,1,1210,1110069.05679,6544639.58649,5434570.5297,0.1696150020363992,8.0,1.0,active_on_avax,ge_10k,0.0,0,1,core_eligible,
woofi-swap,WOOFi Swap,Dexs,10378854.0,1130115.0,5430140.0,0.8911137009924217,0.2025670575140489,-0.2184547462589955,1458.0,665.0,0.563786981274931,1459,avax_core,1,1,1474,1130115.64295,5826395.474,4696279.83105,0.19396480173601066,12.0,1.0,active_on_avax,ge_10k,0.0,0,1,core_eligible,
wowswap,WOWswap,Dexs,459726.0,2890.0,394322.0,0.9937136468244128,0.01013277428371768,-0.02198917456021651,1488.0,755.0,2.2024683790537467,1489,avax_core,1,1,1489,2890.69776,37734.428420000004,34843.73066,0.07660637463022686,1.0,1.0,low_tvl_on_avax,lt_10k,1.0,0,1,core_eligible,
xave-finance,Xave Finance,Dexs,1487310.0,11877.0,898633.0,0.99201444218085,0.020973010142685232,0.027864312911041883,857.0,419.0,1.3552336262468807,857,avax_core,1,1,857,11877.3828,149710.1343,137832.7515,0.07933586363765621,2.0,1.0,active_on_avax,ge_10k,0.0,0,1,core_eligible,
xdollar,xDollar,CDP,1383747.0,3287.0,1078475.0,0.9976245657623829,0.07874015748031496,-0.33522038010513544,1650.0,734.0,3.5385120189190937,1453,avax_core,1,1,1732,3287.01717,98636.77359,95349.75641999999,0.033324459533348366,2.0,1.0,low_tvl_on_avax,lt_10k,1.0,0,1,core_eligible,
xsy,XSY,Basis Trading,37989380.0,20974668.0,0.0,0.44788074983061055,-0.001395830229755903,-0.00019719902076409878,279.0,116.0,0.29391067466597265,277,avax_core,1,1,277,20974668.99613,20974668.99613,0.0,1.0,1.0,0.927671,active_on_avax,ge_10k,0.0,0,1,core_eligible,
yel-finance,Yel Finance,Yield,69697.0,87.0,47150.0,0.9987517396731567,0.011494252873563218,-0.022222222222222223,266.0,75.0,2.644138728928617,267,avax_core,1,1,1602,87.00594,15072.156340000001,14985.150400000002,0.005772627223159496,1.0,0.946301,low_tvl_on_avax,lt_10k,1.0,0,1,core_eligible,
yeti-finance,Yeti Finance,CDP,739903639.0,0.0,553916376.0,1.0,0.0,0.0,1149.0,454.0,2.5309995865668835,884,avax_core,1,1,884,0.0,0.0,0.0,0.0,0.0,1.0,low_tvl_on_avax,lt_10k,1.0,0,1,core_eligible,
yetiswap,YetiSwap,Dexs,2987383.0,9658.0,1849234.0,0.996767070040902,0.08430624158060171,-0.2966064666472473,1788.0,840.0,1.7877821779141359,1788,avax_core,1,1,1788,9658.23658,9658.23658,0.0,1.0,0.0,1.0,low_tvl_on_avax,lt_10k,1.0,0,1,core_eligible,
yield-yak-aggregator,Yield Yak Aggregator,Yield Aggregator,755673925.0,12026123.0,87773194.0,0.9840855657418641,-0.033489881283466555,-0.3634539418473058,1660.0,771.0,1.7455698474774344,1568,avax_core,1,1,1568,12026123.84262,15153614.36674,3127490.5241199993,0.793614219787433,2.0,1.0,active_on_avax,ge_10k,0.0,0,1,core_eligible,
yield-yak-staked-avax,Yield Yak Staked Avax,Liquid Staking,4195352.0,471795.0,1626200.0,0.8875434051779207,0.12459031242327669,-0.33531322819603215,1226.0,433.0,0.5521849127782092,1227,avax_core,1,1,1227,471795.613,471795.613,0.0,1.0,1.0,1.0,active_on_avax,ge_10k,0.0,0,1,core_eligible,
yieldfi,YieldFi,Yield Aggregator,9150146.0,23431.0,0.0,0.9974392758323201,8.536064874093044e-05,-0.15039883973894125,204.0,38.0,1.5903126522197368,193,avax_core,1,1,415,23431.38964,20293894.1043,20270462.71466,0.001154602932269919,8.0,0.905753,active_on_avax,ge_10k,0.0,0,1,core_eligible,
yieldwolf,YieldWolf,Yield,4537259.0,38536.0,1131369.0,0.9915067665301892,0.05197499522288647,-0.2104529902272122,1511.0,772.0,2.2274896394759756,1506,avax_core,1,1,1506,38536.26182,60976.897119999994,22440.635299999994,0.6319813509723566,1.0,1.0,active_on_avax,ge_10k,0.0,0,1,core_eligible,
zabu-finance,Zabu Finance,Yield Aggregator,15316257.0,5515.0,28166.0,0.9996399250809124,-0.032280701754385965,-0.2437619961612284,1655.0,862.0,8.776000425266089,1656,avax_core,1,1,1656,5515.19518,5515.19518,0.0,1.0,0.0,1.0,low_tvl_on_avax,lt_10k,1.0,0,1,core_eligible,
zerobase-cedefi,ZEROBASE CeDeFi,Basis Trading,128583.0,15792.0,72615.0,0.8771843867385268,-0.09857305936073059,-0.15200816151202748,277.0,59.0,0.7665222696588242,278,avax_core,1,1,278,15792.91349,56395536.11088,56379743.197390005,0.00028003836081900784,7.0,0.928493,active_on_avax,ge_10k,0.0,0,1,core_eligible,
zeroshift,ZeroShift,Reserve Currency,491368.0,0.0,390819.0,1.0,0.0,0.0,1505.0,17.0,6.873905526017337,1506,avax_core,1,1,1506,0.0,0.0,0.0,0.0,0.0,1.0,low_tvl_on_avax,lt_10k,1.0,0,1,core_eligible,
zeroswap,ZeroSwap,Dexs,,,,,,,,,,0,total_only,0,1,1360,0.0,0.0,0.0,0.0,0.0,0.25,no_avax_core_history,unknown,,0,0,boundary_excluded,no_avax_core_history_total_only
zkex,ZKEX,Dexs,6222.0,0.0,5506.0,1.0,0.0,0.0,723.0,150.0,2.3375424750842773,724,avax_core,1,1,724,0.03117,2.0465099999999996,2.0153399999999997,0.015230807569960569,0.0,1.0,low_tvl_on_avax,lt_10k,1.0,0,1,core_eligible,
zookeeper,Zookeeper,Yield,2056807.0,0.0,1415904.0,1.0,0.0,0.0,1423.0,246.0,1.4494149514184176,1418,avax_core,1,1,1774,0.0,0.0,0.0,0.0,0.0,1.0,low_tvl_on_avax,lt_10k,1.0,0,1,core_eligible,
